Date,Close,High,Low,Open,Volume
2002-02-25,0.42769867181777954,0.42769867181777954,0.41148252771433896,0.41168520413446097,2452314
2002-02-26,0.44156917929649353,0.4430899210748674,0.42230426673815774,0.42534612340168526,28467421
2002-02-27,0.4410623013973236,0.4430900960904744,0.4345731013500245,0.4421776009154541,9613757
2002-02-28,0.43548595905303955,0.4370067025532913,0.4351816694013794,0.4370067025532913,13520310
2002-03-01,0.42585310339927673,0.4344713296224201,0.42027640167412206,0.4344713296224201,3570432
2002-03-04,0.4288952350616455,0.4288952350616455,0.42331852975412365,0.4278811718106249,720260
2002-03-05,0.40658852458000183,0.42879378158959697,0.4055744611561613,0.4277797181657564,2850172
2002-03-06,0.40253281593322754,0.4040535996997084,0.39543503735283964,0.4005046896813527,2239666
2002-03-07,0.4086160659790039,0.41064385991650526,0.4040534674351612,0.41064385991650526,1546844
2002-03-08,0.4081089198589325,0.40962999281691875,0.40608112659445517,0.40962999281691875,463024
2002-03-11,0.4054730534553528,0.40963016823351633,0.40303944346679577,0.40963016823351633,2184789
2002-03-12,0.4192705750465393,0.41927057504653925,0.4101336685597181,0.4111600783353582,2033877
2002-03-13,0.416806697845459,0.4250197011836455,0.4157799517505755,0.41834683797519473,2256815
2002-03-14,0.4198867380619049,0.4198867380619049,0.41629344072151503,0.4169096312333591,1718335
2002-03-15,0.4221453368663788,0.4226587312433288,0.41064716650599,0.4121873076619911,1385643
2002-03-18,0.4270731210708618,0.42779177242347893,0.4211189050979955,0.4270731210708618,905470
2002-03-19,0.4250198006629944,0.4280997038699539,0.424814501765751,0.424814501765751,288104
2002-03-20,0.42522498965263367,0.42655949523376535,0.4229665762192612,0.42655949523376535,2267104
2002-03-21,0.4096202850341797,0.41834663622404183,0.40808018762198967,0.41834663622404183,2510621
2002-03-22,0.40725934505462646,0.40725934505462646,0.40335833002892507,0.4044875369779488,3992299
2002-03-25,0.4044874608516693,0.4066434557521859,0.4044874608516693,0.40469275971971747,902040
2002-03-26,0.4089147746562958,0.41086613399557453,0.40675762888531797,0.40675762888531797,1471388
2002-03-27,0.41600164771080017,0.4160016477108001,0.4088116007162148,0.4088116007162148,205789
2002-03-28,0.4118931293487549,0.41856988627848446,0.408811584763434,0.41856988627848446,1666888
2002-04-01,0.4231920540332794,0.4231920540332794,0.41086583375692215,0.41086583375692215,133763
2002-04-02,0.41805630922317505,0.4267869402596279,0.4173372330727554,0.4186724502232222,1951562
2002-04-03,0.40264883637428284,0.4206241423611755,0.40264883637428284,0.4206241423611755,1536555
2002-04-04,0.4149746596813202,0.4149746596813202,0.40162152425529335,0.40162152425529335,5453398
2002-04-05,0.41908302903175354,0.42062398977118576,0.41394723518392756,0.41394723518392756,1989290
2002-04-08,0.41959699988365173,0.41959699988365173,0.41343390842075534,0.41343390842075534,1131837
2002-04-09,0.432949423789978,0.435517339316152,0.42113726435245696,0.42113726435245696,1341056
2002-04-10,0.44938480854034424,0.44959021689651757,0.4330529753487016,0.4330529753487016,2747278
2002-04-11,0.443734735250473,0.4516438490565024,0.4437347352504731,0.4501032255022192,4352429
2002-04-12,0.43962642550468445,0.4438378177940775,0.43757183991680193,0.4438378177940775,641374
2002-04-15,0.4233975112438202,0.43243644460687847,0.42308925172765893,0.43243644460687847,545340
2002-04-16,0.41600164771080017,0.42678690719008766,0.40983889427727715,0.42678690719008766,4386727
2002-04-17,0.41600164771080017,0.42216477911914224,0.4160016477108001,0.41651531548993237,1011794
2002-04-18,0.41600164771080017,0.4180562768301269,0.40983889427727715,0.4160016477108001,1906974
2002-04-19,0.41702887415885925,0.41702887415885925,0.41394732994920624,0.4160015807631206,2949636
2002-04-22,0.41343387961387634,0.41497479936249,0.40973615098543387,0.41394750553100984,6266263
2002-04-23,0.4118931293487549,0.4144610481721886,0.4118931293487549,0.4124067971078426,6880198
2002-04-24,0.4113796055316925,0.41292052519641315,0.4098389798474481,0.41292052519641315,99464
2002-04-25,0.40316179394721985,0.4036754612891586,0.4016212118930673,0.40264850457977847,2692401
2002-04-26,0.4023605287075043,0.4085267349914311,0.40133261755652216,0.4085267349914311,2853602
2002-04-29,0.40492984652519226,0.4049298465251923,0.40184657528379003,0.40338802181119526,1028943
2002-04-30,0.4100683629512787,0.41212376427038616,0.4069850928897522,0.4069850928897522,2119622
2002-05-01,0.40955471992492676,0.41058258934581093,0.40955471992492676,0.41058258934581093,360130
2002-05-02,0.3946523070335388,0.4033878247461235,0.3946523070335388,0.4033878247461235,1714905
2002-05-03,0.3843747675418854,0.3946524922244836,0.38026396340982105,0.3946524922244836,4664541
2002-05-06,0.3802643418312073,0.38077829791100953,0.3694730710486173,0.3725563452989231,1879536
2002-05-07,0.38180533051490784,0.38643042491039126,0.3812917532964718,0.3828331993039901,1035803
2002-05-08,0.3879721164703369,0.38951394164015996,0.38180557216445177,0.38180557216445177,4201517
2002-05-09,0.36628711223602295,0.38643085867855903,0.36628711223602295,0.38643085867855903,1738914
2002-05-10,0.36330628395080566,0.3674174681362516,0.35559829158913364,0.3674174681362516,1855527
2002-05-13,0.3473762571811676,0.3628952327887654,0.3473762571811676,0.3627926601493847,1142127
2002-05-14,0.3499457538127899,0.35148755859921893,0.34840428519245636,0.34840428519245636,2699260
2002-05-15,0.36279261112213135,0.36382014426912834,0.348918035217005,0.3494319698734621,3875685
2002-05-16,0.37512558698654175,0.3768725582648692,0.3669036360507967,0.3669036360507967,2819304
2002-05-17,0.37152808904647827,0.3737893085562142,0.3679311986206555,0.37255595811708797,3069680
2002-05-20,0.3686506748199463,0.3740974444123369,0.36741732424938855,0.3740974444123369,2366569
2002-05-21,0.3694731295108795,0.3720424480879301,0.3694731295108795,0.3707064814269303,3501836
2002-05-22,0.3607366681098938,0.3699864781876074,0.3607366681098938,0.3684446540814338,2860461
2002-05-23,0.3631010353565216,0.36330651695919175,0.35714030400642677,0.3575513092325447,2277394
2002-05-24,0.3615589439868927,0.3627923358014896,0.3580646700111971,0.36073659873574593,353270
2002-05-28,0.3566261827945709,0.36155933518340583,0.3555983131495745,0.36155933518340583,4798304
2002-05-29,0.3640299439430237,0.3640299439430237,0.35765420245842655,0.3578601807725569,1159276
2002-05-30,0.3660863935947418,0.36608639359474177,0.36557252014999325,0.36557252014999325,20579
2002-05-31,0.35734573006629944,0.3630016164538709,0.3568315203538403,0.3630016164538709,411577
2002-06-03,0.3563176393508911,0.35888848036345034,0.35498090293234025,0.35734610189088967,3639028
2002-06-04,0.3459309935569763,0.3527179517824542,0.34551975194168094,0.3527179517824542,2229376
2002-06-05,0.33883604407310486,0.3444919138774095,0.3363678565385318,0.3444919138774095,1485108
2002-06-06,0.3120993673801422,0.32906664157258525,0.3120993673801422,0.32855276778187,2788435
2002-06-07,0.3167266249656677,0.31775508682392745,0.30644333079942837,0.31055650551304737,1488537
2002-06-10,0.33318009972572327,0.3341055936959931,0.32032598410366314,0.32032598410366314,1354775
2002-06-11,0.3182692527770996,0.33009524981459126,0.3182692527770996,0.33009524981459126,2884470
2002-06-12,0.3023298382759094,0.31765211717515157,0.2997590198322344,0.3156981824774488,2099044
2002-06-13,0.30747169256210327,0.3257760656853286,0.30747169256210327,0.31261369046733317,2023588
2002-06-14,0.29297196865081787,0.30181587297660123,0.2923550850493465,0.30181587297660123,6499490
2002-06-17,0.3059290945529938,0.30675195652421977,0.2899899331627818,0.29101841602564754,2709550
2002-06-18,0.3083973228931427,0.3105565422619688,0.30634039893322235,0.30747149268183804,1570853
2002-06-19,0.2925606966018677,0.3081912450356289,0.2925606966018677,0.3049005755989455,1701186
2002-06-20,0.27353668212890625,0.2925609025062171,0.27353668212890625,0.2925609025062171,2037307
2002-06-21,0.26530975103378296,0.2760046189649031,0.26037371635857653,0.2760046189649031,13352250
2002-06-24,0.27713578939437866,0.2776500202170407,0.26530980488923483,0.2699375459335532,1872676
2002-06-25,0.2874191105365753,0.2899899287386105,0.27713583772843436,0.27713583772843436,1560563
2002-06-26,0.27834343910217285,0.2850321026226014,0.27638858030681396,0.2850321026226014,1831518
2002-06-27,0.28379717469215393,0.28379717469215393,0.28040166281476847,0.28040166281476847,1735484
2002-06-28,0.288118839263916,0.2912058969224974,0.2855463648411846,0.2855463648411846,1032373
2002-07-01,0.282973974943161,0.2904856470976556,0.282973974943161,0.28966227580950915,487033
2002-07-02,0.284620463848114,0.2847231617812174,0.27577083443816797,0.27618269900847364,2510621
2002-07-03,0.28194499015808105,0.2911030728572916,0.28040163890807424,0.2850320292347573,2068175
2002-07-05,0.2675393521785736,0.2768001579056341,0.2675393521785736,0.27525680598273555,994645
2002-07-08,0.27474191784858704,0.27649100027520257,0.2701115099495437,0.2701115099495437,589927
2002-07-09,0.27803459763526917,0.27803459763526917,0.276285137254527,0.276285137254527,833444
2002-07-10,0.2731984555721283,0.27937255568970404,0.271655104090102,0.27937255568970404,2232806
2002-07-11,0.28492894768714905,0.28513505880207424,0.2737129521517529,0.2737129521517529,2229376
2002-07-12,0.29532182216644287,0.29532182216644287,0.28708981285268026,0.28708981285268026,1793791
2002-07-15,0.288118839263916,0.2922346637097283,0.28503180264135936,0.2922346637097283,974066
2002-07-16,0.2901769280433655,0.29079420952731017,0.2881190145683333,0.29069151159231094,1289608
2002-07-17,0.2931605875492096,0.2931605875492096,0.2901765870663617,0.29120573191890076,624225
2002-07-18,0.3045831024646759,0.3045831024646759,0.2930582965138464,0.2930582965138464,668813
2002-07-19,0.3004668653011322,0.3045830500319237,0.2989235142759832,0.30406846646196456,939768
2002-07-22,0.27834343910217285,0.29583659492053477,0.27834343910217285,0.29274953401298476,1920693
2002-07-23,0.2639375627040863,0.27268413600365826,0.26239385425747674,0.27268413600365826,888321
2002-07-24,0.2587927281856537,0.25899848174425383,0.2510752763365054,0.2546765421032524,6283412
2002-07-25,0.2304949015378952,0.2510750795587991,0.2294661345511808,0.2510750795587991,18428368
2002-07-26,0.2171180695295334,0.22854015483834142,0.21145889122910547,0.22843709928363495,7874843
2002-07-29,0.19669684767723083,0.22141277177388508,0.19669684767723083,0.22141277177388508,10958242
2002-07-30,0.17805716395378113,0.19566720943439453,0.17105405808197885,0.19566720943439453,23164935
2002-07-31,0.18320634961128235,0.18794325808658618,0.17558546159450408,0.18639866115901044,11822554
2002-08-01,0.19988954067230225,0.20442052905677,0.18330911018731544,0.18691361841754298,9908721
2002-08-02,0.22810640931129456,0.22810640931129456,0.21337999766758378,0.2157486296479504,10858778
2002-08-05,0.21008455753326416,0.22656186607204257,0.21008455753326416,0.22553188954890901,6290271
2002-08-06,0.2270767241716385,0.227591701635383,0.2147185703278481,0.21523356884459388,4403876
2002-08-07,0.24973291158676147,0.2528224418666848,0.2358305095465031,0.2358305095465031,2428305
2002-08-08,0.26260557770729065,0.28577692001743504,0.26260557770729065,0.28577692001743504,8049764
2002-08-09,0.23891958594322205,0.25900139660753096,0.23788996758645745,0.25900139660753096,5305916
2002-08-12,0.21420413255691528,0.22872463143012503,0.2088487497641635,0.22872463143012503,4204947
2002-08-13,0.2039054036140442,0.20699493173989972,0.19824166170602356,0.20081621233622965,10104220
2002-08-14,0.19894009828567505,0.20984804655656433,0.18647399608152698,0.20984804655656433,16295026
2002-08-15,0.19530387222766876,0.20517319437447173,0.19322624985730294,0.20517319437447173,8344727
2002-08-16,0.20257607102394104,0.2036147122555908,0.19738184546563664,0.19893997721312054,10913655
2002-08-19,0.2061082124710083,0.21556172823511932,0.2003944732488513,0.20143311482779425,6303990
2002-08-20,0.20205670595169067,0.20995209170904242,0.2004982334366362,0.20995209170904242,3350924
2002-08-21,0.2072509378194809,0.2111984608567972,0.20506927165106456,0.20579650786554646,6400025
2002-08-22,0.21410715579986572,0.21410715579986572,0.20517313580270444,0.2067312671856625,1862387
2002-08-23,0.2161847949028015,0.2197168668896885,0.21244502018653222,0.21244502018653222,1598291
2002-08-26,0.23218350112438202,0.23374163398601072,0.22034059127265718,0.22034059127265718,1766352
2002-08-27,0.2378971129655838,0.2462076041773798,0.23218339540739397,0.2399747357685328,5340214
2002-08-28,0.23660796880722046,0.23858292869617356,0.23265732644932063,0.235983999730402,1570853
2002-08-29,0.24274133145809174,0.24274133145809176,0.22288547970922798,0.2229892336488377,3134846
2002-08-30,0.2531369626522064,0.2531369626522064,0.24378060025357715,0.24482030706007105,1512546
2002-09-03,0.2417016625404358,0.24326124487916698,0.23806336674735978,0.2406623164394376,6249113
2002-09-04,0.2360878884792328,0.239102553076969,0.23380058495655082,0.23380058495655082,5851256
2002-09-05,0.2270434945821762,0.22891469854482466,0.22558802871301567,0.22891469854482466,4561647
2002-09-06,0.21883100271224976,0.22766714988059084,0.21883100271224976,0.22745928078987657,1423371
2002-09-09,0.22590020298957825,0.22662794716261306,0.2199746231535369,0.22039036159680728,528191
2002-09-10,0.22818711400032043,0.23255349339826037,0.22579605510974918,0.22797924480871914,2582647
2002-09-11,0.23951835930347443,0.23972622842539928,0.23411263575949207,0.23411263575949207,675673
2002-09-12,0.23650377988815308,0.23764724111960506,0.23338499809282973,0.23338499809282973,884891
2002-09-13,0.23525603115558624,0.23525603115558627,0.2339047015939722,0.23452830878633582,192069
2002-09-16,0.22049430012702942,0.2302660371708884,0.22018231589966805,0.22933044577844086,764848
2002-09-17,0.21051429212093353,0.22174149292573522,0.21051429212093353,0.2214298487958089,2105903
2002-09-18,0.1979355365037918,0.20271765401276604,0.19648009095554372,0.20271765401276604,3045671
2002-09-19,0.19440096616744995,0.19855911376819513,0.19440096616744995,0.19855911376819513,1190144
2002-09-20,0.20427682995796204,0.20458881430412282,0.19336124576815153,0.1977276239599854,4822313
2002-09-23,0.1820298731327057,0.19003454340555376,0.18088641256501448,0.18993078951194978,3817378
2002-09-24,0.17121848464012146,0.17932690134759757,0.17090650025809762,0.17932690134759757,4438174
2002-09-25,0.17256979644298553,0.17672793310797186,0.16965887444010372,0.17111433012846033,8166377
2002-09-26,0.16448107361793518,0.17312167651000998,0.16312784732958047,0.17312167651000998,2634094
2002-09-27,0.15302979946136475,0.1572979665966376,0.15198900083638206,0.15667349380619755,4421025
2002-09-30,0.1630236953496933,0.16573049022375208,0.1483453750727651,0.15094791020464682,2277394
2002-10-01,0.18478094041347504,0.18530151562888428,0.16552236023767372,0.16552236023767372,5786089
2002-10-02,0.18113739788532257,0.1941500828497224,0.18009624858705522,0.18717511464600972,6842471
2002-10-03,0.1890491396188736,0.19050662709588037,0.179159570470481,0.18217842213290183,7792528
2002-10-04,0.1870713233947754,0.19154765977733057,0.1863425907460065,0.18946570026667806,4863470
2002-10-07,0.17697332799434662,0.18124150883360143,0.17385021693672828,0.1811376108562025,5480836
2002-10-08,0.174891397356987,0.1769733474805307,0.1712476999960496,0.17645277216201594,3402371
2002-10-09,0.16135810315608978,0.16344006369881678,0.16083752789301944,0.16291983958622436,1118118
2002-10-10,0.15875548124313354,0.16375239239751282,0.15875548124313354,0.16219100796473326,401288
2002-10-11,0.16479353606700897,0.1681248133746059,0.16083742413027322,0.16083742413027322,1430231
2002-10-14,0.16135810315608978,0.1625031623009272,0.15719418207063585,0.16135810315608978,943198
2002-10-15,0.15906786918640137,0.16656305363689658,0.15407095895569176,0.16239914622051305,1347915
2002-10-16,0.15511183440685272,0.15823494475146818,0.15407103527255228,0.15771436960911972,2610085
2002-10-17,0.1688537299633026,0.17072753359264287,0.16031701330601106,0.16031701330601106,411577
2002-10-18,0.16708381474018097,0.178014547404561,0.16396069201974386,0.16968635138816193,2418016
2002-10-21,0.1655222475528717,0.16656304612468598,0.16343993746791435,0.16656304612468598,469884
2002-10-22,0.16864514350891113,0.16864514350891113,0.1617744265144728,0.16187868628871593,9322223
2002-10-23,0.18769586086273193,0.18769586086273193,0.16968625146467428,0.16968625146467428,9349662
2002-10-24,0.19831423461437225,0.2050810540815266,0.19050662629181633,0.19050662629181633,19491609
2002-10-25,0.20986980199813843,0.21132728940818382,0.19508721705411228,0.19675286222655314,11849993
2002-10-28,0.20091675221920013,0.21288864153077752,0.1994596268283211,0.2102860846567547,14072510
2002-10-29,0.20178133249282837,0.20178133249282837,0.1984477983991326,0.20084378933909072,3124557
2002-10-30,0.22074106335639954,0.22553268540030577,0.2073026334066845,0.2073026334066845,7346653
2002-10-31,0.23094987869262695,0.23178309205941536,0.22813692907016092,0.22813692907016092,15804564
2002-11-01,0.23001189529895782,0.2312620449005579,0.22772023476238246,0.22907437360651892,3045671
2002-11-04,0.2286578118801117,0.23949194747593003,0.22136587061229937,0.23438733729348712,6057044
2002-11-05,0.21855328977108002,0.22313661208551633,0.2166782245822056,0.22303264411100174,2081895
2002-11-06,0.20365653932094574,0.2156365023630185,0.20209410118586602,0.2156365023630185,4235815
2002-11-07,0.21428219974040985,0.21511541284234093,0.20834439840928087,0.2105320699520022,2081895
2002-11-08,0.21813629567623138,0.22386579900836207,0.21782402976921036,0.2187615515604391,2750707
2002-11-11,0.2229282259941101,0.22709531272840058,0.2229282259941101,0.22709531272840058,195499
2002-11-12,0.2219906598329544,0.22709526711782954,0.22188667062423983,0.22397003255545592,7693063
2002-11-13,0.21303217113018036,0.21719887789453704,0.21146973329224852,0.21719887789453704,7538722
2002-11-14,0.21459466218948364,0.2146989922782974,0.2062608624353898,0.20865685542013301,6540647
2002-11-15,0.21428219974040985,0.215219721539421,0.2071985573626508,0.2071985573626508,617366
2002-11-18,0.22188691794872284,0.22292842970586627,0.21730323122217057,0.2177198487027455,5007522
2002-11-19,0.21959485113620758,0.2195948511362076,0.21459454838019887,0.21719883812597843,4808593
2002-11-20,0.22240744531154633,0.22292837142349445,0.21584472611108932,0.21667828029725344,5576871
2002-11-21,0.22605374455451965,0.22865803618624617,0.22199100360922314,0.22240759997438955,3151995
2002-11-22,0.21980293095111847,0.21980293095111847,0.21615713336993791,0.21667805894973438,3697335
2002-11-25,0.21928240358829498,0.22094916995578529,0.21824055215561206,0.21980298856584973,929478
2002-11-26,0.2163010537624359,0.21786453005450748,0.21494601398286656,0.21786453005450748,2658103
2002-11-27,0.21682243049144745,0.22359795230410723,0.21661363160258165,0.22359795230410723,1821229
2002-11-29,0.218698650598526,0.21890708712267304,0.2156753939982101,0.21692637541902623,1066671
2002-12-02,0.23141597211360931,0.23141597211360931,0.22568265584811967,0.22620392841146603,4517060
2002-12-03,0.21994909644126892,0.22536993299713184,0.21994909644126892,0.22203418438970687,895180
2002-12-04,0.21734321117401123,0.21796890422537446,0.21265244187504595,0.21369500790317317,1368494
2002-12-05,0.20629394054412842,0.21161038473208982,0.20598110448838272,0.21161038473208982,1793791
2002-12-06,0.21609270572662354,0.2160927057266235,0.21046342585986777,0.21056780398646435,1313617
2002-12-09,0.20848311483860016,0.20848311483860016,0.2037919799202254,0.20473048820066017,1879536
2002-12-10,0.20639781653881073,0.20889979978919793,0.20639781653881073,0.20848292689112477,2589506
2002-12-11,0.21786442399024963,0.21786442399024963,0.2115057815578058,0.21265236295632786,1550274
2002-12-12,0.2204706370830536,0.22245134944775313,0.21786461493721898,0.21880276074694902,4355858
2002-12-13,0.21786442399024963,0.21994917168660336,0.2157796762938959,0.2157796762938959,2023588
2002-12-16,0.2286013513803482,0.22880978780248948,0.21890697999276348,0.21890697999276348,9943019
2002-12-17,0.22901824116706848,0.2345431386587,0.22839293185438522,0.22964393406587544,9126724
2002-12-18,0.23871326446533203,0.23923419636217372,0.22995668590384585,0.23079079493940655,4228955
2002-12-19,0.2564338743686676,0.2564338743686676,0.23714916660924384,0.23714916660924384,6396595
2002-12-20,0.261124849319458,0.2645650016842574,0.2584147898117804,0.26216741595252774,11952887
2002-12-23,0.25539153814315796,0.2626886949572619,0.25539153814315796,0.26112485562507276,7929720
2002-12-24,0.2548707127571106,0.2574767575585951,0.2527856211915169,0.2527856211915169,270955
2002-12-26,0.24319548904895782,0.24809471861419624,0.2428826530208859,0.24809471861419624,198929
2002-12-27,0.2461140900850296,0.24913734871908,0.24548875878158152,0.24809480312109447,819725
2002-12-30,0.25101345777511597,0.2512218942696568,0.24861587336372687,0.2512218942696568,703111
2002-12-31,0.24809469282627106,0.24913723796077497,0.24548864964532005,0.24913723796077497,795716
2003-01-02,0.2515347898006439,0.252785430374823,0.24809465982484472,0.24809465982484472,579638
2003-01-03,0.25851869583129883,0.25851869583129883,0.25539140241537006,0.25539140241537006,2027018
2003-01-06,0.2754058539867401,0.27623998367647445,0.26842153619759807,0.26842153619759807,2826163
2003-01-07,0.2723831534385681,0.2778036364161732,0.2723831534385681,0.27592734407249275,1972141
2003-01-08,0.26373082399368286,0.2687344524724678,0.26373082399368286,0.268421595166626,5350503
2003-01-09,0.267587810754776,0.2694641232186918,0.26581553542385555,0.26581553542385555,6979663
2003-01-10,0.2691512703895569,0.2721745270585901,0.2689428338606722,0.26946410632085505,9696072
2003-01-13,0.26998549699783325,0.27092364292656534,0.2692557876892526,0.27081924347843916,3316626
2003-01-14,0.2721746861934662,0.2721746861934662,0.26894299110604347,0.2710280821658842,2682111
2003-01-15,0.26581552624702454,0.2668580925071253,0.26373077731312566,0.2668580925071253,5017812
2003-01-16,0.2710280120372772,0.2738424921291535,0.267900717222497,0.267900717222497,1491967
2003-01-17,0.2623755633831024,0.26425187438548897,0.2621671270035058,0.2626883990903387,3505266
2003-01-21,0.24288268387317657,0.24705218344289337,0.24184013849787664,0.24705218344289337,4228955
2003-01-22,0.22401480376720428,0.23641962595519384,0.22401480376720428,0.23610678992837436,6201096
2003-01-23,0.22411902248859406,0.22808008172555352,0.22411902248859406,0.2273503731020594,7843975
2003-01-24,0.22172142565250397,0.22172142565250397,0.2168222216599401,0.21994917273669964,9696072
2003-01-27,0.21786442399024963,0.2203664067843965,0.2165093848703622,0.21723909344682849,4774295
2003-01-28,0.2188025265932083,0.2202619647737686,0.2169262156713452,0.2189069259163676,6163368
2003-01-29,0.2274547815322876,0.22880979948325794,0.21473713306434813,0.21525842659453034,1382213
2003-01-30,0.22880984842777252,0.2317287262833244,0.2267251000678913,0.23047772383291687,4678261
2003-01-31,0.23016490042209625,0.23141588162978993,0.2277676783544903,0.2287058236912925,2548349
2003-02-03,0.2392340749502182,0.23933847438026354,0.22985253204624304,0.23141598756465606,4252964
2003-02-04,0.23339654505252838,0.23662789599712733,0.23193712765598598,0.23297967216088708,4623384
2003-02-05,0.23141597211360931,0.2327713745438664,0.23047782640999143,0.2324585385506558,1224442
2003-02-06,0.2287059873342514,0.2289144239720282,0.2241192518540459,0.22516181862942208,2006439
2003-02-07,0.22557862102985382,0.22922684707962104,0.22411918143746906,0.22922684707962104,150912
2003-02-10,0.22620408236980438,0.22808039636444505,0.22505749931566685,0.22516189880979776,1197004
2003-02-11,0.23172877728939056,0.23548138057006135,0.22672514997260376,0.22672514997260376,1392503
2003-02-12,0.2339179813861847,0.2340220398545287,0.23172885375581279,0.23193729034784077,812865
2003-02-13,0.22724659740924835,0.22724659740924835,0.2221385885488239,0.22370240694464413,3988869
2003-02-14,0.2220345139503479,0.22391082737874968,0.21994942290705805,0.22391082737874968,1941272
2003-02-18,0.22776784002780914,0.22901845984734087,0.2230767051173911,0.2230767051173911,1732054
2003-02-19,0.2188025265932083,0.22766315010339555,0.2168221786238531,0.22766315010339555,1852097
2003-02-20,0.2220345139503479,0.22297268131972972,0.21786467282955754,0.22036665848140674,1073530
2003-02-21,0.22026215493679047,0.222242845581506,0.21911555146012235,0.22172157306700402,3553283
2003-02-24,0.21796901524066925,0.2220344558347406,0.21734332187062985,0.22078347399143064,507612
2003-02-25,0.21786442399024963,0.21786442399024963,0.2137989656651874,0.21473711065268158,1979000
2003-02-26,0.218698650598526,0.22203438084709545,0.2177605051018974,0.2188026877226325,1042662
2003-02-27,0.2226596474647522,0.22453595922680805,0.2158841304887411,0.2166134769747811,1584572
2003-02-28,0.22839297354221344,0.22839297354221344,0.22286809635248422,0.22286809635248422,2263674
2003-03-03,0.23881743848323822,0.2392343120645227,0.23099934334886207,0.23099934334886207,1841808
2003-03-04,0.23235411942005157,0.23454326794517516,0.23089467996651852,0.23089467996651852,905470
2003-03-05,0.2319371998310089,0.2319371998310089,0.22828861258359076,0.23141590610599932,699681
2003-03-06,0.250596821308136,0.250596821308136,0.23412655076294364,0.23412655076294364,5089838
2003-03-07,0.2478860765695572,0.2486157851795632,0.24413345382642304,0.24413345382642304,3141706
2003-03-10,0.24653127789497375,0.24882446434491262,0.23923412074503816,0.23923412074503816,7031110
2003-03-11,0.24965800344944,0.2522640451188771,0.2470519830903444,0.24778171311640163,5772370
2003-03-12,0.251743346452713,0.251743346452713,0.24517589801134,0.24548873411453698,3769361
2003-03-13,0.2626885771751404,0.2648773630929269,0.25434921971801355,0.25434921971801355,5326495
2003-03-14,0.264773428440094,0.26873449104275715,0.263105552041116,0.2675878872857361,4036886
2003-03-17,0.26331377029418945,0.26685795675475776,0.2553913106927173,0.2553913106927173,3145136
2003-03-18,0.26894277334213257,0.2699853180279008,0.2631054010880339,0.2646688771511703,3560143
2003-03-19,0.27151039242744446,0.27256663930842134,0.2676013977902087,0.26834096066481083,5700344
2003-03-20,0.2704539895057678,0.2714047765058353,0.2672845339246649,0.2686582000892899,1951562
2003-03-21,0.28661760687828064,0.28704009687504367,0.2734119112152204,0.2745739422849392,3587581
2003-03-24,0.28418785333633423,0.287251479615272,0.2829199939833599,0.28313123908303695,9106145
2003-03-25,0.2871459722518921,0.2876742684539639,0.28059584229985635,0.28186367975336285,3378363
2003-03-26,0.2883080840110779,0.2905267299816514,0.28313125061223826,0.2851386514745328,4232385
2003-03-27,0.28829777240753174,0.28903782965934943,0.2791000939800652,0.2800515652858891,4078044
2003-03-28,0.28766289353370667,0.2904117485191462,0.2870287169459959,0.2904117485191462,4088333
2003-03-31,0.28639480471611023,0.2902006460938027,0.28396321930308405,0.28861499772215365,1954992
2003-04-01,0.2907290756702423,0.2929492668805488,0.289354475016491,0.289354475016491,4235815
2003-04-02,0.2970719337463379,0.2988693400243143,0.29284331205784214,0.2960149512244752,4304411
2003-04-03,0.2955922484397888,0.2965437188398377,0.2875574414085202,0.294957704306011,4921777
2003-04-04,0.313458651304245,0.313458651304245,0.29569785069851023,0.2962265151662363,8914076
2003-04-07,0.32931679487228394,0.3340741038928505,0.32085920292432746,0.32085920292432746,7569590
2003-04-08,0.31715884804725647,0.3300568431775479,0.3163132791193924,0.3294222990685077,7346653
2003-04-09,0.31134405732154846,0.3175814754387171,0.3108153933325114,0.316101341622062,6197666
2003-04-10,0.2955922484397888,0.30912405338037124,0.2939007214924368,0.3071156217792868,7391240
2003-04-11,0.30182963609695435,0.305001275779405,0.2939006881785809,0.3011950920351026,3470968
2003-04-14,0.30753862857818604,0.30753862857818604,0.3003497527240918,0.30182988850122117,1330766
2003-04-15,0.32107073068618774,0.32244498621755674,0.30711576724237066,0.3081727505565771,1697756
2003-04-16,0.3187447190284729,0.3261453542496516,0.3187447190284729,0.3235023767610988,4506770
2003-04-17,0.32741403579711914,0.33132536683069486,0.32561662816950576,0.32561662816950576,2232806
2003-04-21,0.3239249289035797,0.33143107121794874,0.3238190490826785,0.32741386243448456,109754
2003-04-22,0.33513110876083374,0.33555426073129924,0.3198019158731493,0.3223393580430493,6595524
2003-04-23,0.34728917479515076,0.34940348749812383,0.33936024280838173,0.3404175720602815,8488779
2003-04-24,0.34041717648506165,0.34676010722330053,0.33935984846180955,0.3449630688667868,10779892
2003-04-25,0.34200307726860046,0.34337733240383667,0.3351311099910556,0.3398887654488621,6063904
2003-04-28,0.35310375690460205,0.3536324214425366,0.33639993721527217,0.338302835621183,881461
2003-04-29,0.3617728650569916,0.3652614340515757,0.35944715959812057,0.3620901373681944,8118360
2003-04-30,0.35227257013320923,0.36390932094656747,0.350051319248508,0.3628512693616865,4122631
2003-05-01,0.35227257013320923,0.35512877307686114,0.3512149294505463,0.3533306000916577,881461
2003-05-02,0.3416938781738281,0.3565042866489534,0.33957820748770856,0.3528015818046154,4431314
2003-05-05,0.3401073217391968,0.34804134889715355,0.3366161655324271,0.3443386644808912,3045671
2003-05-06,0.3382032513618469,0.3430691797792057,0.33587568363111636,0.3411650578345092,9658344
2003-05-07,0.35650429129600525,0.35671581943979513,0.3423288347085607,0.3426459430995627,4733138
2003-05-08,0.3560813069343567,0.36179371417151235,0.35227265337585467,0.35703336759840343,6842471
2003-05-09,0.3628515899181366,0.36517915840139314,0.3575622356310877,0.35967827579093975,7223179
2003-05-12,0.3681411147117615,0.3697277600192628,0.3570333864786806,0.3570333864786806,1677177
2003-05-13,0.373536080121994,0.3861248745340515,0.3676121222195308,0.3676121222195308,9143873
2003-05-14,0.36877548694610596,0.3803062642584033,0.36866951746332294,0.37353580912412027,3724773
2003-05-15,0.35650429129600525,0.3670830125138579,0.3554462829276904,0.36475579202993735,13534030
2003-05-16,0.3627457916736603,0.36306324614752766,0.34677176974774077,0.3543886874883221,5031531
2003-05-19,0.34380975365638733,0.3579855861525035,0.34380975365638733,0.35438882706088815,4218666
2003-05-20,0.3374626040458679,0.34539663021698086,0.33249036171518287,0.3441270934684512,4788014
2003-05-21,0.35227257013320923,0.3538596042576656,0.3375681098660991,0.3375681098660991,3031952
2003-05-22,0.3570331931114197,0.3592544434354512,0.3512148407997936,0.3537535670731658,2109333
2003-05-23,0.3701508045196533,0.37343045385518037,0.3557638382103225,0.3557638382103225,2994224
2003-05-27,0.3608419597148895,0.3621114975607508,0.3485706328052886,0.3485706328052886,6369157
2003-05-28,0.3630855977535248,0.3657320021250515,0.35758116755042424,0.3629799709668912,5329924
2003-05-29,0.3711303174495697,0.3738827128746977,0.3653081922083799,0.3653081922083799,3899694
2003-05-30,0.36414432525634766,0.36795502628799776,0.3578988413624892,0.36721401576664664,2963356
2003-06-02,0.35567566752433777,0.35906305936827027,0.3526059349611681,0.3567343586704294,3323486
2003-06-03,0.35609909892082214,0.35609909892082214,0.3493242916502476,0.35355873284277156,1546844
2003-06-04,0.3652026951313019,0.37028376963374565,0.3593805674794787,0.36149760250743945,1972141
2003-06-05,0.36922508478164673,0.36933112264196827,0.36308527626523257,0.36308527626523257,1368494
2003-06-06,0.36784932017326355,0.37811721150581606,0.3614978642446343,0.37663514741474924,5621458
2003-06-09,0.3673197627067566,0.3715538331378509,0.36361466975459306,0.36467336048541654,2171070
2003-06-10,0.3686956465244293,0.37525873882748695,0.36742527007178266,0.3720830140995995,2160780
2003-06-11,0.3660493493080139,0.36774305521713024,0.36202694384642137,0.367319726121557,1577713
2003-06-12,0.36964842677116394,0.369966107555607,0.36414402289041753,0.36626105802532843,936338
2003-06-13,0.36848437786102295,0.3726128030440937,0.362238915876242,0.3726128030440937,7727362
2003-06-16,0.3646734356880188,0.3682724915143202,0.3630853776239146,0.36636714211510346,1882966
2003-06-17,0.3630855977535248,0.3689077306516812,0.3630855977535248,0.36509698626211845,1104399
2003-06-18,0.35832178592681885,0.3641439121014157,0.35620475143600533,0.3614975107860297,3896264
2003-06-19,0.358004629611969,0.36096834520340143,0.358004629611969,0.3583219642116694,747699
2003-06-20,0.35832178592681885,0.3625562011544271,0.35101764039100763,0.35101764039100763,1131837
2003-06-23,0.364990770816803,0.36626080056966004,0.3594859812786903,0.35969764569071144,3001084
2003-06-24,0.3587454557418823,0.3678493099757164,0.3577927590193936,0.3662612945548173,3810519
2003-06-25,0.36287370324134827,0.365943781213887,0.35990998775531124,0.35990998775531124,3546423
2003-06-26,0.35803282260894775,0.36322344056907835,0.35771529660257556,0.36174040377262473,7003672
2003-06-27,0.35474950075149536,0.36121096366860334,0.35273676164674234,0.3584570845916065,4081474
2003-06-30,0.35909226536750793,0.35909226536750793,0.35178321172482346,0.35464317639278586,3923702
2003-07-01,0.3601517081260681,0.3601517081260681,0.352207233398582,0.3553847244517108,4695410
2003-07-02,0.3643888533115387,0.36735488579304826,0.3612109706477486,0.3612109706477486,2253385
2003-07-03,0.35962215065956116,0.36142271448292573,0.35760941186696915,0.3612109076474477,1687466
2003-07-07,0.3458516299724579,0.3548555317996372,0.3446865083151079,0.35284279301508487,4246105
2003-07-08,0.35040631890296936,0.35273658306354644,0.34616940410400393,0.34796996729503504,2887900
2003-07-09,0.3511478304862976,0.3516775531165744,0.3491351140333879,0.3506181295109399,1056381
2003-07-10,0.3442625105381012,0.35019461747738834,0.34320345475915565,0.34934702204444135,6303990
2003-07-11,0.3453216552734375,0.3460631626741405,0.34267349808271935,0.3436268121502723,4222096
2003-07-14,0.3612107038497925,0.3612107038497925,0.34585143622208714,0.34585143622208714,2647813
2003-07-15,0.3654485046863556,0.3654485046863556,0.3616348306742909,0.3638593782053217,6640112
2003-07-16,0.3635415732860565,0.36449490990959055,0.35856280178725586,0.3628000651844971,4770865
2003-07-17,0.3629055619239807,0.3665070558169445,0.36174041921769245,0.3660833990581707,5470547
2003-07-18,0.3586684763431549,0.36258784086045837,0.35803266668531064,0.3616341588560491,3299477
2003-07-21,0.36174049973487854,0.36195230650649485,0.35941023545854056,0.35941023545854056,3007943
2003-07-22,0.367036908864975,0.36830813960231945,0.36163450305514117,0.36184667801365333,3196583
2003-07-23,0.3779473304748535,0.37879460083868044,0.36597740071540336,0.36597740071540336,9798967
2003-07-24,0.38356125354766846,0.38737450826470277,0.3750870413834756,0.37815883231163105,5100127
2003-07-25,0.3879050612449646,0.39097685875223426,0.3805959969960032,0.3850450924268648,4174079
2003-07-28,0.3919292688369751,0.3951071684157204,0.3880099055536382,0.3880099055536382,5480836
2003-07-29,0.3850719928741455,0.3896299841065027,0.38316417694634775,0.3896299841065027,5120706
2003-07-30,0.37118715047836304,0.3811505854413111,0.3671595577771773,0.3810444536044194,4904628
2003-07-31,0.37924298644065857,0.38072653615607266,0.3694915062091972,0.3724593857029727,6955654
2003-08-01,0.37224653363227844,0.37945434805119294,0.37182265671456266,0.3746844001213064,9161022
2003-08-04,0.35560595989227295,0.36048169624877574,0.34765653954038195,0.35878581904030304,9932729
2003-08-05,0.36355558037757874,0.3662054102886436,0.36143582479077896,0.36143582479077896,6780734
2003-08-06,0.3561360239982605,0.36387348433114736,0.35348619545853266,0.3628137912676475,5007522
2003-08-07,0.37139892578125,0.37288286393906045,0.35857377291840115,0.35857377291840115,5720923
2003-08-08,0.38210439682006836,0.3842241726719715,0.37627473153818564,0.37627473153818564,8056623
2003-08-11,0.37415507435798645,0.38263418045493847,0.37139911352300276,0.38263418045493847,3704195
2003-08-12,0.3654635548591614,0.3743669256941123,0.365145462796388,0.3743669256941123,5425959
2003-08-13,0.3658689260482788,0.37110188539972866,0.3631991223432003,0.3662959767496856,6420604
2003-08-14,0.37644174695014954,0.37644174695014954,0.36469455769109765,0.36629626652732517,1694326
2003-08-15,0.3782568573951721,0.38284886036995436,0.3780433428798568,0.37911139575493424,1876106
2003-08-18,0.3759075403213501,0.3849849625536386,0.37334471149947285,0.3849849625536386,5374512
2003-08-19,0.3785773515701294,0.37911139984518,0.37323778575313427,0.37323778575313427,6506349
2003-08-20,0.38178110122680664,0.3841303715736108,0.37216963211000076,0.37537344059443983,2788435
2003-08-21,0.3934214413166046,0.3934214413166046,0.38071309267157205,0.3823151937685703,6403455
2003-08-22,0.3920331597328186,0.39609111340778047,0.38850886122012135,0.39609111340778047,5137855
2003-08-25,0.38551846146583557,0.3951298843411589,0.38445075846267696,0.3927806146244802,3755642
2003-08-26,0.3921397924423218,0.39299428703082434,0.38199466680872934,0.3828488120892755,1858957
2003-08-27,0.41449418663978577,0.41449418663978577,0.39568745092148716,0.39600778346253973,8403034
2003-08-28,0.412891149520874,0.42101231388801474,0.4088307639407567,0.4138528462335885,3776221
2003-08-29,0.4046635925769806,0.4075486408354625,0.4029538841875027,0.40444990633434813,3659607
2003-09-02,0.4097925126552582,0.41032688096526626,0.4064797873884726,0.4087238197249084,3951141
2003-09-03,0.41716569662094116,0.41834107979693996,0.4096855446324665,0.4100062268058981,7689634
2003-09-04,0.4288126230239868,0.42902630904627237,0.4140663214525461,0.4140663214525461,3254890
2003-09-05,0.4403530955314636,0.44932931158471207,0.4268895141758645,0.42742348923890927,9311934
2003-09-08,0.4258207678794861,0.43971202560414835,0.42411106050594594,0.4370406651756676,5518564
2003-09-09,0.4127844274044037,0.4252863076194039,0.4095786994668892,0.4231492721667895,3412661
2003-09-10,0.4256073534488678,0.42849240183466614,0.4088310384709634,0.4113954045647687,2750707
2003-09-11,0.42742347717285156,0.4363996929727037,0.42699614858962437,0.43276624223923194,4324990
2003-09-12,0.4237902760505676,0.4311634282770017,0.4221875650357983,0.4311634282770017,2987364
2003-09-15,0.42026427388191223,0.4247520313652071,0.4188752487388871,0.4241110167739932,1608581
2003-09-16,0.4112885296344757,0.42047803823256014,0.4071211039125571,0.42047803823256014,3745352
2003-09-17,0.4097925126552582,0.41406658534199453,0.40765547631189003,0.4111815382198144,5607739
2003-09-18,0.41299837827682495,0.4178067766626904,0.4097926045942098,0.4178067766626904,5213311
2003-09-19,0.41225025057792664,0.4146009731905455,0.41021986061461024,0.4146009731905455,6149649
2003-09-22,0.4081895351409912,0.41492167650027306,0.4076555162959363,0.4147079903208438,2184789
2003-09-23,0.40284690260887146,0.407441659920031,0.39750413411632257,0.407441659920031,2884470
2003-09-24,0.3966492712497711,0.40444975552545454,0.39643562877648403,0.40338106257267853,6269692
2003-09-25,0.38275808095932007,0.4025264794507319,0.38265104125462174,0.4025264794507319,2908479
2003-09-26,0.3838593065738678,0.3918786296207355,0.38107946927403175,0.3852495749658422,11404118
2003-09-29,0.38492822647094727,0.3862114285419146,0.38257603908247884,0.3859972555061532,3330345
2003-09-30,0.38706719875335693,0.38995410159914684,0.3795825856253525,0.38760191078041617,4438174
2003-10-01,0.4009670913219452,0.41486732019426187,0.38642547955214723,0.38642547955214723,12011194
2003-10-02,0.405244380235672,0.4086659931707721,0.39861497785032574,0.4033194005413178,7404959
2003-10-03,0.41540205478668213,0.4228867071763279,0.410590567480897,0.4116595974386317,5906132
2003-10-06,0.411980539560318,0.4180752308416751,0.41198053956031805,0.4180752308416751,3491546
2003-10-07,0.4239563047885895,0.4251324001022553,0.41294296915096496,0.4132639012637306,6667550
2003-10-08,0.4298367202281952,0.4376422566049246,0.4298367202281952,0.4330441580998207,7771949
2003-10-09,0.4293023347854614,0.43304444281777543,0.4257736567964171,0.431440744686423,5648897
2003-10-10,0.421817809343338,0.42491849120247643,0.4203208259352222,0.422352127759727,2791865
2003-10-13,0.43197518587112427,0.4319751858711242,0.42181750372861426,0.42181750372861426,2064746
2003-10-14,0.4298367202281952,0.4298367202281952,0.4255595534964445,0.4255595534964445,1684037
2003-10-15,0.42502543330192566,0.4291954969944945,0.4217108827496487,0.42769851294064026,2723269
2003-10-16,0.42887455224990845,0.4343274646159028,0.42449062579887675,0.42555965543156865,2438595
2003-10-17,0.43197518587112427,0.43336510348726226,0.42620138599180024,0.4289812212240763,3306337
2003-10-20,0.435183048248291,0.4357177160569748,0.4260943512665814,0.4289812514093804,4794874
2003-10-21,0.44052934646606445,0.441384552849716,0.4362521341688906,0.4362521341688906,5439678
2003-10-22,0.4309060871601105,0.44052950125656903,0.4307993721250421,0.44052950125656903,3018233
2003-10-23,0.4225658178329468,0.42288670606216605,0.42021358470309067,0.42128296439994806,1361634
2003-10-24,0.42759138345718384,0.42876747790224784,0.41561578493899265,0.4207482030401029,3450389
2003-10-27,0.4368942379951477,0.4371080616101831,0.42609476832609156,0.42737792860515605,1814369
2003-10-28,0.4461963176727295,0.44737241194644706,0.43518303549124215,0.436786732846189,2877610
2003-10-29,0.4351026713848114,0.44687095024300266,0.43488872971875026,0.4397029202370531,4126061
2003-10-30,0.4359586834907532,0.4366004647219894,0.4250460842387682,0.4366004647219894,2630664
2003-10-31,0.4370283782482147,0.4387401305091081,0.4279346533541756,0.4358516333188059,6211386
2003-11-03,0.45189860463142395,0.45521533152726334,0.4429120572246883,0.4429120572246883,8042904
2003-11-04,0.45254072546958923,0.45949450078733217,0.45040078600757605,0.45254072546958923,3004513
2003-11-05,0.4413076639175415,0.4498664204107326,0.4407727006286971,0.4493314133800004,4884049
2003-11-06,0.438098281621933,0.4430195959519134,0.43328374128384184,0.4408796544397427,5916422
2003-11-07,0.43692076206207275,0.4417349001858776,0.43681359458307695,0.4413070613646293,3422950
2003-11-10,0.42793431878089905,0.4307160397880072,0.42707864015805647,0.43060891592810835,1478248
2003-11-11,0.4339253902435303,0.43617214699270035,0.4236549334170588,0.42579452261628203,2294543
2003-11-12,0.438098281621933,0.4402378731988579,0.43189305487493695,0.43306984336481735,2658103
2003-11-13,0.42258498072624207,0.4327486640853746,0.42151536105134285,0.4327486640853746,3045671
2003-11-14,0.42622286081314087,0.42879068580041513,0.42312046596402625,0.42365542950304175,3206872
2003-11-17,0.41627323627471924,0.42151561371874824,0.41424081332598944,0.4200178040895643,1269030
2003-11-18,0.41338473558425903,0.42279917016519847,0.4111380211693353,0.4204456380682615,2606655
2003-11-19,0.42044559121131897,0.42151556132947265,0.41231471939607134,0.4144546596323788,2661532
2003-11-20,0.41884079575538635,0.4225849675320073,0.41509623030204784,0.41509623030204784,3639028
2003-11-21,0.433497816324234,0.4342467211181353,0.4226923462332441,0.4226923462332441,2839883
2003-11-24,0.4386327862739563,0.4386327862739563,0.432427566637064,0.43456715576239147,6327999
2003-11-25,0.4410090446472168,0.4418651822763121,0.4367271748374939,0.4385470690727802,6935075
2003-11-26,0.4418646991252899,0.4431492980523875,0.438332533494012,0.44025925682348005,3669896
2003-11-28,0.44175851345062256,0.4436851958296801,0.4406879690153472,0.4431499454947217,2260245
2003-12-01,0.45064249634742737,0.45085650885104633,0.44443429559827397,0.44443429559827397,5014382
2003-12-02,0.44871604442596436,0.4488232695697786,0.44604005495927984,0.4463612927370743,3258319
2003-12-03,0.45599469542503357,0.4586707280812562,0.452676581239668,0.452676581239668,10111079
2003-12-04,0.45224812626838684,0.4559943061973009,0.4517128326633475,0.45385356943032423,9054698
2003-12-05,0.4686255156993866,0.4692676405842559,0.46027622911364113,0.46027622911364113,4167219
2003-12-08,0.46295270323753357,0.4686259643050618,0.4629527032375335,0.46809067007215915,1797220
2003-12-09,0.4672340154647827,0.4781524646351101,0.4672340154647827,0.4736565811351473,4918347
2003-12-10,0.46991005539894104,0.4724792570081138,0.466805997342751,0.4709806436001468,3234311
2003-12-11,0.4886424243450165,0.49324513841036993,0.4763325450550997,0.4763325450550997,3909983
2003-12-12,0.4874645173549652,0.49613504295890004,0.487357686171913,0.49185317386579114,4006018
2003-12-15,0.4885352551937103,0.503092705571441,0.4863945167411697,0.4988112286663598,4938926
2003-12-16,0.48254138231277466,0.48703691810559163,0.4763328696516972,0.48543147276940357,2239666
2003-12-17,0.492281436920166,0.5003094841497306,0.4779376605038027,0.4779376605038027,3289188
2003-12-18,0.5052335858345032,0.5075883356859422,0.4934589612706946,0.4934589612706946,1948132
2003-12-19,0.5145459175109863,0.525571193709627,0.5113349860219079,0.5137969612967128,3196583
2003-12-22,0.5171154141426086,0.5227886747598276,0.5159380382689659,0.5170082327615012,1996149
2003-12-23,0.5246074199676514,0.5346693694450949,0.5239653392098511,0.5293173543274731,3313196
2003-12-24,0.528782308101654,0.5314583387940968,0.5266415710783465,0.5314583387940968,264095
2003-12-26,0.5233309268951416,0.5408117512014341,0.5223476394620161,0.5408117512014341,1910404
2003-12-29,0.5426682233810425,0.5427776660160416,0.5286835541399317,0.5342557030571367,1742343
2003-12-30,0.5327264666557312,0.5435428461236378,0.5323985852278849,0.5435428461236378,1533125
2003-12-31,0.5328356623649597,0.5369872471837546,0.5328356623649597,0.5360039606375484,305253
2004-01-02,0.5325081944465637,0.5342562855915681,0.531415509053214,0.5337099205596373,943198
2004-01-05,0.5780670046806335,0.5799244924112872,0.5380799154471031,0.538625878004076,3834527
2004-01-06,0.5681250095367432,0.5768654162904727,0.5671417227110466,0.5735877190873342,2466033
2004-01-07,0.5845131278038025,0.5861521773934567,0.5745709957049533,0.5746803937329993,5350503
2004-01-08,0.5834203958511353,0.5875719339096385,0.5779576459326491,0.5788315340400605,3666467
2004-01-09,0.5809078216552734,0.5844039567120882,0.5758820353782389,0.5839666773909209,3213732
2004-01-12,0.5919426083564758,0.5929258954927451,0.5818913875697374,0.5823283097703483,4949216
2004-01-13,0.5930353403091431,0.5987165354685735,0.5899760805946157,0.5899760805946157,2548349
2004-01-14,0.5839670896530151,0.5990444591282597,0.5733695470202896,0.5938001858350295,9106145
2004-01-15,0.5577461123466492,0.5681252151108753,0.5577461123466492,0.5681252151108753,7662195
2004-01-16,0.550535261631012,0.5522833523951237,0.5382986709527322,0.5440892634874481,4578796
2004-01-20,0.5561068058013916,0.559166019089087,0.5457277086550589,0.5577458104556003,2603226
2004-01-21,0.5342560410499573,0.5358946886905823,0.5271546836711868,0.5320710286274856,5703774
2004-01-22,0.55293869972229,0.5566533196149273,0.540265188197445,0.5450724931301731,6787594
2004-01-23,0.5730413794517517,0.5774117613615292,0.5550145591599105,0.5551235998222614,3076539
2004-01-26,0.5806894898414612,0.5835299076747377,0.5754452188823062,0.5763191076954473,3354354
2004-01-27,0.5759915113449097,0.5822190275608236,0.56998279130162,0.5714030009211061,2212227
2004-01-28,0.5471686720848083,0.5707779636801026,0.5465129800855538,0.5700127811275375,2490042
2004-01-29,0.5180943012237549,0.5446546523889132,0.5082568659854309,0.5418129928072914,9850414
2004-01-30,0.5312096476554871,0.5361281342619676,0.5142677766825132,0.5174374561338138,7717072
2004-02-02,0.5257450938224792,0.5301173843040643,0.51667320332614,0.524652289342061,7706783
2004-02-03,0.5355827212333679,0.5399546561701493,0.5265104691183664,0.5265104691183664,4818883
2004-02-04,0.5285871028900146,0.5377684390734465,0.5285871028900146,0.5356915608994699,5010952
2004-02-05,0.5180943012237549,0.5267290386565775,0.5093500285530723,0.5257453666367764,4228955
2004-02-06,0.5361291766166687,0.5433435340925404,0.5121922539340122,0.5127385002648135,5395091
2004-02-09,0.5350355505943298,0.5403911513615157,0.5333957863827662,0.534160923280896,1972141
2004-02-10,0.5328497290611267,0.5344890915042955,0.5223566564234283,0.5323031259468123,3899694
2004-02-11,0.5586453080177307,0.5656406797618343,0.5258546845204052,0.5297895057120738,3172574
2004-02-12,0.5439987182617188,0.5590823081778256,0.5427964678915937,0.5590823081778256,3803659
2004-02-13,0.5344893336296082,0.5486986524698436,0.5290242385002855,0.548261539602293,3450389
2004-02-17,0.5301175713539124,0.5410477651345938,0.5293524336566581,0.5366754731102631,4866900
2004-02-18,0.5412660241127014,0.5454193773132281,0.5274938218411337,0.5406099751227004,12477648
2004-02-19,0.5206078886985779,0.5333960172206722,0.5174378493188557,0.5290240853905279,6156509
2004-02-20,0.5147051811218262,0.5148146268734618,0.49306334512282446,0.4940470608782358,6087912
2004-02-23,0.5109893679618835,0.5232313033513558,0.5086943123202001,0.5164544650189535,1474818
2004-02-24,0.509022057056427,0.5104432892060828,0.5048687002772131,0.5071641139902743,2085324
2004-02-25,0.5224661231040955,0.5295709408670405,0.5059617002633894,0.5062893674154709,4537638
2004-02-26,0.514159083366394,0.5222472556355712,0.5060705088873507,0.5222472556355712,10344306
2004-02-27,0.5208593010902405,0.5238203151934437,0.5158155253407967,0.5170216485526611,3848247
2004-03-01,0.5474302172660828,0.5500633703770548,0.5332783649370406,0.5332783649370406,6502919
2004-03-02,0.5424928665161133,0.5495140156255259,0.5303156710636313,0.5343744820378954,3601300
2004-03-03,0.5485268831253052,0.5509402905122847,0.5444677117677718,0.5496237152196052,2287683
2004-03-04,0.536349356174469,0.5458937642872453,0.5362398209881946,0.5457842739556745,3402371
2004-03-05,0.5424928665161133,0.552585888907867,0.5392016538112615,0.5392016538112615,3086829
2004-03-08,0.5397506952285767,0.5533539675746367,0.5397506952285767,0.5529151986393203,4877190
2004-03-09,0.54084712266922,0.5480880157548754,0.5343745456193956,0.5416150798675072,3028522
2004-03-10,0.520661473274231,0.5381045227255116,0.5189061744430342,0.5381045227255116,2167640
2004-03-11,0.5031089186668396,0.522855853387093,0.5014634678618783,0.522855853387093,3055961
2004-03-12,0.5189061760902405,0.5189061760902405,0.5024504681621788,0.5031085762687147,5463687
2004-03-15,0.5092520713806152,0.5161633699010878,0.5035474534120419,0.5161633699010878,3114267
2004-03-16,0.5101299285888672,0.5161637847445868,0.5095813554340616,0.5124338461296224,2164210
2004-03-17,0.5156153440475464,0.5156153440475464,0.5081554642522752,0.5085941883628478,5089838
2004-03-18,0.514518678188324,0.5161640846256899,0.5090333920005673,0.5128728680582957,10076781
2004-03-19,0.513420820236206,0.5178092681496086,0.5121042903476539,0.51726065048524,7610748
2004-03-22,0.5082650780677795,0.510239761770657,0.49992735022065143,0.510239761770657,1341056
2004-03-23,0.49312466382980347,0.507276882518334,0.4931246638298035,0.5068377556964259,3172574
2004-03-24,0.484348863363266,0.49312531109153623,0.479960818917884,0.49312531109153623,2719839
2004-03-25,0.470965176820755,0.4824842691090572,0.4698679858482262,0.48160641765068013,4863470
2004-03-26,0.478534996509552,0.48029029591637035,0.4717331832739365,0.47272052517317464,3803659
2004-03-29,0.49477100372314453,0.49542911155588715,0.48314206966499385,0.48314206966499385,6475481
2004-03-30,0.5135310888290405,0.5141891524072758,0.49795282074649727,0.49861088432473255,5463687
2004-03-31,0.513092041015625,0.5137505083888448,0.5042060955815851,0.5124339773349365,6225105
2004-04-01,0.5334183573722839,0.5334183573722839,0.5200281915128333,0.5246377853801679,6372587
2004-04-02,0.5400044918060303,0.5482362425583337,0.5391262720527535,0.5405533679328739,9143873
2004-04-05,0.5428575873374939,0.5434064182061424,0.5384674788977439,0.5384674788977439,3025092
2004-04-06,0.5443942546844482,0.5471381848033267,0.5378090916538739,0.5428576179172451,7103136
2004-04-07,0.5364915132522583,0.5427476873928582,0.5334182419189716,0.5355037529678565,14432640
2004-04-08,0.5294673442840576,0.5368212281763896,0.5247478482067,0.5356135760489575,1169565
2004-04-12,0.5314428806304932,0.5334184918765734,0.5247478184504558,0.5312234380765831,2249955
2004-04-13,0.5257357954978943,0.5345163725671233,0.5224430342211408,0.5329797356793742,2815874
2004-04-14,0.5209059119224548,0.5279304035377919,0.5166253483206855,0.5203570814439867,5347073
2004-04-15,0.5004918575286865,0.5162969363019488,0.4913818897514053,0.5162969363019488,4743427
2004-04-16,0.5045530796051025,0.5088332901425663,0.5010408737975915,0.5015893460314048,3779650
2004-04-19,0.5058697462081909,0.507076995029498,0.5000528998968892,0.5061991345937531,1478248
2004-04-20,0.49390658736228943,0.5059799350886501,0.49390658736228943,0.5059799350886501,2033877
2004-04-21,0.4856742024421692,0.4939059442458567,0.48040587691762465,0.49280823806128893,1437090
2004-04-22,0.48512569069862366,0.491601268416672,0.47722333184427856,0.49127228393814804,4928637
2004-04-23,0.4864426851272583,0.48896712748885957,0.4808449695638953,0.4851255359866574,3546423
2004-04-26,0.4771135151386261,0.48841858446797487,0.477003973284963,0.4875406789852997,1810940
2004-04-27,0.47360119223594666,0.4790890088753075,0.47030843045105103,0.4763450781177273,2363139
2004-04-28,0.44978389143943787,0.4664671892391551,0.4475888364086513,0.4664671892391551,7408389
2004-04-29,0.4298081696033478,0.4494548400983948,0.4164179935134722,0.4494548400983948,10196825
2004-04-30,0.4350763261318207,0.4423202647831378,0.42443008511286934,0.4341984660638184,7778809
2004-05-03,0.4343293011188507,0.4359767516076335,0.4187350289688085,0.4349884429567764,6616103
2004-05-04,0.4425659775733948,0.4514614372187427,0.4379538662443072,0.4502535182661238,9301644
2004-05-05,0.4436642825603485,0.45025350677006615,0.4405893022823381,0.44915519048333624,7140864
2004-05-06,0.4195041358470917,0.43652590298987887,0.4195041358470917,0.43652590298987887,8461341
2004-05-07,0.41236594319343567,0.42224934686332544,0.41071844732780244,0.4153309598043343,7494134
2004-05-10,0.38952410221099854,0.3997370860415837,0.3880965735135929,0.39534453807788733,8207535
2004-05-11,0.418406218290329,0.4227987647893874,0.40138444954620617,0.40138444954620617,10786752
2004-05-12,0.4043494462966919,0.418296189285138,0.3949052114024093,0.418296189285138,8746015
2004-05-13,0.4048984944820404,0.40742433797095495,0.3975405283957994,0.3975405283957994,5254469
2004-05-14,0.41489169001579285,0.4227984290785308,0.4130246302425651,0.41884505954716184,7621037
2004-05-17,0.4043494462966919,0.40544776246581676,0.3986389745093856,0.40028611200777797,3858536
2004-05-18,0.41906484961509705,0.41906484961509705,0.4102793996538312,0.4150015161470359,7346653
2004-05-19,0.4304863214492798,0.4415776960164149,0.42796047663954934,0.4307059308453119,10484929
2004-05-20,0.41697800159454346,0.430485920035943,0.4147817300793107,0.430485920035943,10725015
2004-05-21,0.4200533926486969,0.4224696349383642,0.4129154358487973,0.41456252885442546,4781155
2004-05-24,0.42367762327194214,0.4282897807862024,0.4190651065518863,0.4282897807862024,2229376
2004-05-25,0.4379538297653198,0.4379538297653199,0.42433625318089485,0.42719166881818926,4664541
2004-05-26,0.4381736218929291,0.443115351504358,0.4365261691523723,0.4381736218929291,3649318
2004-05-27,0.45794039964675903,0.46068580724765035,0.4441032651579806,0.44695867944182005,6074193
2004-05-28,0.4639805853366852,0.4656276777506368,0.45157092960056905,0.4656276777506368,5494555
2004-06-01,0.4610900580883026,0.4618592942355567,0.445815591875034,0.4581231006547375,4815453
2004-06-02,0.46526646614074707,0.466145420708831,0.46098078197237696,0.4631784604339247,3158855
2004-06-03,0.45647478103637695,0.4632879165991052,0.45603532680606296,0.4632879165991052,8938084
2004-06-04,0.4653763175010681,0.4659258496509501,0.46284885600491404,0.4659258496509501,7363802
2004-06-07,0.4890020191669464,0.4903207424697327,0.4670244805951423,0.4670244805951423,3621879
2004-06-08,0.48130959272384644,0.4847159587049594,0.4769138368346654,0.4835072684862206,4472472
2004-06-09,0.472298800945282,0.4824082267033348,0.4714194879838592,0.4815293181063621,8619112
2004-06-10,0.460650771856308,0.47218904982633547,0.4573540760783144,0.47218904982633547,2839883
2004-06-14,0.44823333621025085,0.4525190158812229,0.44823333621025085,0.45076079408407915,5710633
2004-06-15,0.46757379174232483,0.47087012668559913,0.45988134011819015,0.45988134011819015,5216741
2004-06-16,0.4762547016143799,0.47933164552432306,0.46944156494818495,0.47240847679756726,3254890
2004-06-17,0.4670241177082062,0.47625467943180066,0.4646063328984178,0.4705405606852359,5727782
2004-06-18,0.4655958116054535,0.46801359897616795,0.4565849899427764,0.46262889675169827,2839883
2004-06-21,0.4683434069156647,0.4732882503025487,0.4663650741819127,0.4666948562101136,2599796
2004-06-22,0.46098053455352783,0.46702443912021946,0.46098053455352783,0.46702443912021946,2983935
2004-06-23,0.4666946828365326,0.46889236023910585,0.46054110523638037,0.46240900073326435,2109333
2004-06-24,0.4781223237514496,0.4786718098008333,0.471968753938723,0.4747159146094932,1443950
2004-06-25,0.4824090003967285,0.48669468635918467,0.4785631738026605,0.47911270597168565,4493051
2004-06-28,0.480869859457016,0.48999070597920436,0.480760186808395,0.4824083317364429,3172574
2004-06-29,0.5043861865997314,0.5043861865997314,0.48163906530221356,0.48163906530221356,5779230
2004-06-30,0.5125176906585693,0.5125176906585693,0.4994409465985016,0.504386189832366,6959084
2004-07-01,0.5232600569725037,0.5232600569725037,0.5135844791186263,0.5167729431484658,4808593
2004-07-02,0.5243593454360962,0.5305168866843639,0.5217206881858437,0.5217206881858437,4434744
2004-07-06,0.5090758204460144,0.5162228713409328,0.5067667773835371,0.5162228713409328,2606655
2004-07-07,0.5046783089637756,0.513474509611546,0.5026992368705714,0.513474509611546,2493472
2004-07-08,0.4986313283443451,0.5107257368635797,0.49830135537271286,0.5047884261910407,2620375
2004-07-09,0.506877064704895,0.50808649968711,0.498300789201714,0.4991805662749752,1954992
2004-07-12,0.5178725719451904,0.525239508162809,0.5030290082608626,0.5030290082608626,3086829
2004-07-13,0.5237002372741699,0.5237002372741699,0.5145740585964427,0.5168831497104683,1831518
2004-07-14,0.5260089039802551,0.540082418450227,0.5200712389767274,0.5228200372462533,6739576
2004-07-15,0.5290874242782593,0.5308466646737303,0.5217208945227314,0.5277682974307314,3971720
2004-07-16,0.5386530160903931,0.5410717961212234,0.5323857396262252,0.5376634579527334,2538059
2004-07-19,0.5326060652732849,0.5376639110287644,0.5326060652732849,0.5365642562039984,2548349
2004-07-20,0.5327162146568298,0.5341454828534244,0.5256792952066004,0.5298573186201477,3752212
2004-07-21,0.5177624821662903,0.530077123238267,0.5155635322396862,0.530077123238267,1882966
2004-07-22,0.5046783089637756,0.5119351014456419,0.49852081116639513,0.5085264023021235,3364643
2004-07-23,0.5002799034118652,0.5152335524812653,0.4979708143232881,0.5002799034118652,2599796
2004-07-26,0.48422738909721375,0.5074274072946168,0.48268798002216406,0.5002803467520103,3889404
2004-07-27,0.5144641399383545,0.5149038489208586,0.4903847122121781,0.4903847122121781,4324990
2004-07-28,0.5046783089637756,0.5120448376058199,0.5046783089637756,0.5088563750246576,2531200
2004-07-29,0.5097354054450989,0.5105050864654689,0.5064371642546613,0.508526015876149,2682111
2004-07-30,0.5084173083305359,0.5118256521358839,0.5078674579944167,0.5112758017997647,2051026
2004-08-02,0.5092746019363403,0.5115846847995192,0.5032235388119156,0.5060838041986958,1752633
2004-08-03,0.510924756526947,0.5111447215831877,0.5077343185762462,0.5077343185762462,1810940
2004-08-04,0.5188461542129517,0.5228071016905989,0.5066342636759958,0.5066342636759958,4397016
2004-08-05,0.49552223086357117,0.518296315464645,0.49497245294754283,0.5142255658091959,1402792
2004-08-06,0.5093845725059509,0.5149956623957931,0.4955221814852402,0.4955221814852402,2582647
2004-08-09,0.5112549066543579,0.515985639583298,0.5038835135829742,0.5038835135829742,2321981
2004-08-10,0.5236872434616089,0.5243471841425554,0.5112553393014374,0.5112553393014374,2706120
2004-08-11,0.5148850083351135,0.5203858859787194,0.512794531785863,0.5203858859787194,3529274
2004-08-12,0.5186263918876648,0.5191765299445441,0.5126854856480814,0.5126854856480814,3488117
2004-08-13,0.5169761180877686,0.52214682975223,0.5159860047814635,0.5159860047814635,4722848
2004-08-16,0.5285326242446899,0.5307486082794345,0.5164547093802575,0.5167872383661312,2767857
2004-08-17,0.5467045307159424,0.5469261110766048,0.5308593830031778,0.5308593830031778,2685541
2004-08-18,0.5678681135177612,0.5678681135177612,0.5407210898579532,0.5407210898579532,4784585
2004-08-19,0.5752918124198914,0.58304793891179,0.5700837915951648,0.5700837915951648,4595945
2004-08-20,0.5855961441993713,0.5872580183394426,0.5817178791274051,0.5817178791274051,1985860
2004-08-23,0.5700840353965759,0.5795024486639608,0.5700840353965759,0.5744054196835287,3320056
2004-08-24,0.5788373947143555,0.5831584138990391,0.5767320423459031,0.5817180741708112,421867
2004-08-25,0.5827157497406006,0.5857073802121173,0.5780621979816284,0.5803887699944208,1718335
2004-08-26,0.5687538981437683,0.5750696825777035,0.5673135586092435,0.5739618719704084,2586077
2004-08-27,0.5667597055435181,0.5717461466841474,0.5645437208982316,0.5650978303187758,1903544
2004-08-30,0.5660951733589172,0.5704165575929814,0.5588927907959734,0.5649869995013743,1090680
2004-08-31,0.5584495663642883,0.5737406513765076,0.5567876908487599,0.5694193129384246,3203442
2004-09-01,0.5629733204841614,0.5682948874609004,0.5592035882372638,0.5654122416945928,1752633
2004-09-02,0.5687376856803894,0.5707331976593569,0.5554336227737505,0.5554336227737505,2610085
2004-09-03,0.5605336427688599,0.5700679345865272,0.5587597883563923,0.5670746430901611,1114688
2004-09-07,0.5737267732620239,0.5737267732620239,0.5598687395919769,0.56053375948578,1221012
2004-09-08,0.5727285146713257,0.5825955133603291,0.5726174590345625,0.5726174590345625,1488537
2004-09-09,0.5732839107513428,0.5756121850045596,0.5643036639417575,0.5705123197354818,1533125
2004-09-10,0.5726179480552673,0.5745028584582718,0.5656335851012783,0.5687379327661836,1804080
2004-09-13,0.5745028257369995,0.5787155546922607,0.5731723328192723,0.5742811222462458,3333775
2004-09-14,0.5850347280502319,0.5852564314939741,0.5755004374055859,0.5755004374055859,1217582
2004-09-15,0.584259569644928,0.587474931894,0.5813772843660844,0.5853683605769853,3649318
2004-09-16,0.6033274531364441,0.6039925179806743,0.5835934489062554,0.585367302678697,2740418
2004-09-17,0.6195141077041626,0.6260550636365566,0.600777827274144,0.616409760046297,4177508
2004-09-20,0.6248356103897095,0.6321526870459998,0.6188486640589149,0.6239485244276746,3683616
2004-09-21,0.6186268925666809,0.6248355417122708,0.6170751042434098,0.6248355417122708,8286421
2004-09-22,0.61419278383255,0.6235053771583855,0.611310138550537,0.6188489218443609,3889404
2004-09-23,0.605323851108551,0.6208451045090014,0.604437126970462,0.6208451045090014,3254890
2004-09-24,0.6058777570724487,0.6116426834108443,0.6005562377905258,0.6031061683318067,3398942
2004-09-27,0.6111990809440613,0.6148574370278196,0.6014427243493705,0.6019971416026502,3580721
2004-09-28,0.6157444715499878,0.6172966674804093,0.6064318852425541,0.6084273973602117,5141285
2004-09-29,0.6187379956245422,0.6197357747239112,0.6075405407099589,0.6075405407099589,6228535
2004-09-30,0.615301251411438,0.6160769642596293,0.6106447532079585,0.6159663165028108,4187798
2004-10-01,0.6450293064117432,0.6461386961776338,0.6158562695681186,0.6158562695681186,10701007
2004-10-04,0.6478018760681152,0.6490219724447979,0.643586824508524,0.6450287442209569,4012877
2004-10-05,0.6453619003295898,0.6502427413543045,0.642034095406729,0.6455837237555212,3896264
2004-10-06,0.64369797706604,0.6459163919638498,0.6387060673355495,0.6389278906839811,1317047
2004-10-07,0.6414793729782104,0.6436981513035894,0.6381515229638405,0.6436981513035894,3309766
2004-10-08,0.6572311520576477,0.6574529302212352,0.645140387102477,0.6482463698744861,5546002
2004-10-11,0.6611133813858032,0.6632207266798198,0.652239355568339,0.652239355568339,3296047
2004-10-12,0.6541245579719543,0.6627768014838817,0.6486894102973793,0.6627768014838817,1814369
2004-10-13,0.6517962217330933,0.6572313759618926,0.6465825282694743,0.6568984818360633,3203442
2004-10-14,0.6309418678283691,0.6382629050771227,0.6296106547017482,0.635046169515024,4767436
2004-10-15,0.6360441446304321,0.6460271945521685,0.633492835597975,0.6367095694202108,6448042
2004-10-18,0.6294995546340942,0.6367095169009841,0.6294995546340942,0.6350457736502523,4078044
2004-10-19,0.6285012364387512,0.6369312952351603,0.6248405386808378,0.6322726871412825,4434744
2004-10-20,0.6414793729782104,0.6414793729782104,0.6139700048835175,0.6289449671210984,4194657
2004-10-21,0.6649951934814453,0.6649951934814453,0.6400371903229163,0.6411465790306613,6125640
2004-10-22,0.6623337864875793,0.6849622801107794,0.6591170506297074,0.6794160571273417,7061978
2004-10-25,0.6516844034194946,0.6568977280736585,0.647691175154567,0.6493548728664974,2479752
2004-10-26,0.6583404541015625,0.6583404541015625,0.6511301249542326,0.6572310645438617,3004513
2004-10-27,0.6616679430007935,0.6616679430007935,0.6482463285069611,0.6561217204821364,1608581
2004-10-28,0.6722056269645691,0.686182267033159,0.6583400573096703,0.658894366250516,5779230
2004-10-29,0.6710962653160095,0.6811903848329459,0.6676577083961944,0.676642484332421,4438174
2004-11-01,0.6695432662963867,0.6695432662963867,0.6629954768672788,0.66588070421047,1557134
2004-11-02,0.6592214703559875,0.6689879499797703,0.6591107078091821,0.6689879499797703,2548349
2004-11-03,0.6742039918899536,0.6742039918899536,0.6692100112654266,0.6714295279590619,5288767
2004-11-04,0.6799750924110413,0.6804192772069123,0.6714297192883905,0.6714297192883905,4650822
2004-11-05,0.6788649559020996,0.6788649559020996,0.670541477843898,0.6779769046734448,4825742
2004-11-08,0.6547822952270508,0.6714292535115298,0.653339659879355,0.6714292535115298,4544498
2004-11-09,0.6671015620231628,0.6686553242457952,0.6575573726983684,0.6575573726983684,5082978
2004-11-10,0.6878543496131897,0.6897412151444074,0.6744257640812626,0.6744257640812626,10471209
2004-11-11,0.6838588714599609,0.684746877172825,0.6791979078002939,0.6803074838706396,1258740
2004-11-12,0.6897416710853577,0.6936257134978563,0.6853022274423372,0.6864122131368654,1502257
2004-11-15,0.687410831451416,0.6900745787287246,0.6869670096995873,0.6897415195672458,768277
2004-11-16,0.6794205904006958,0.6858572095771852,0.6794205904006958,0.6836376919819706,1094109
2004-11-17,0.6975095868110657,0.6975095868110657,0.6858566524547585,0.6902960470463954,4002588
2004-11-18,0.6769790649414062,0.6847479243493173,0.6749814347273787,0.6803085242580126,6931646
2004-11-19,0.6757573485374451,0.6794199073571996,0.6624398933473041,0.6794199073571996,3460678
2004-11-22,0.6780883073806763,0.6827492279922802,0.6669903630929674,0.6669903630929674,1972141
2004-11-23,0.6664357781410217,0.6769787817483299,0.6642162605275804,0.6769787817483299,5148145
2004-11-24,0.6781991124153137,0.6819727984970949,0.674203901227403,0.674203901227403,4074614
2004-11-26,0.6947354674339294,0.6958454074547673,0.6847474592753601,0.6853020435905836,2263674
2004-11-29,0.7002841830253601,0.7006172420477074,0.6941802638663506,0.6947352109839674,4568507
2004-11-30,0.7153783440589905,0.719595446541524,0.7048349752776488,0.7061668494727199,3700765
2004-12-01,0.747810423374176,0.7492537529527696,0.7221615765008582,0.7228276517871516,10968532
2004-12-02,0.7444795370101929,0.7574705957472193,0.742480992908166,0.747255380980809,4414165
2004-12-03,0.7633553147315979,0.765798348821563,0.7592474092479196,0.7628004635284249,5446538
2004-12-06,0.772682249546051,0.7777898597006647,0.7645767535151435,0.7700175831611256,6780734
2004-12-07,0.7522515058517456,0.7675743227443979,0.7506969974433415,0.7672411035481568,8440762
2004-12-08,0.7674638628959656,0.76824116327222,0.7467006090713609,0.7467006090713609,5223600
2004-12-09,0.7555832862854004,0.7558053267008231,0.7399276437868061,0.7505869002619694,3927132
2004-12-10,0.7798996567726135,0.7824534620882853,0.7501428810295061,0.7522522423227008,7315784
2004-12-13,0.7983310222625732,0.8046599216061954,0.7833414139068274,0.7833414139068274,8543656
2004-12-14,0.7963328957557678,0.8061036760681409,0.7883386209547352,0.803327874857229,3563572
2004-12-15,0.8077688217163086,0.817206738698184,0.8049930225304746,0.8077688217163086,5230460
2004-12-16,0.7997740507125854,0.8077686814753174,0.7996631894598877,0.8077686814753174,3110837
2004-12-17,0.8021063804626465,0.8048821809689629,0.7972211277398166,0.8027728195479651,1872676
2004-12-20,0.7994411587715149,0.8047707610489312,0.7982198691373895,0.7983307303851233,4479332
2004-12-21,0.8032162189483643,0.804992813497804,0.7945555134601742,0.7945555134601742,3906553
2004-12-22,0.8133206367492676,0.8208708262304449,0.8077689467229725,0.8077689467229725,3148565
2004-12-23,0.8421891927719116,0.8429664928020033,0.8271995868184143,0.8271995868184143,5419100
2004-12-27,0.8388320803642273,0.8491632152064122,0.8366987838461696,0.845569796962561,3783080
2004-12-28,0.8496114611625671,0.8501730671152983,0.8399544282601995,0.8399544282601995,1876106
2004-12-29,0.8447834253311157,0.8499489906551498,0.8371474720540029,0.8499489906551498,2901619
2004-12-30,0.8446705937385559,0.8461302545118543,0.8415262993123303,0.8421998405662396,1862387
2004-12-31,0.8441099524497986,0.8454571281760133,0.8441099524497986,0.844783586225786,1162706
2005-01-03,0.8506366610527039,0.8614208980168752,0.8501869886679174,0.8520969250421961,3810519
2005-01-04,0.8296293616294861,0.8518725806385002,0.8283932444749251,0.8509736030467544,8523077
2005-01-05,0.8256974816322327,0.8351339922584113,0.8214286692699778,0.8296295218212101,22118843
2005-01-06,0.8065987229347229,0.8223260348690277,0.8053626991379665,0.8134513748219643,10310008
2005-01-07,0.8128906488418579,0.8167101554843965,0.8067119000618025,0.8133398620671697,8289850
2005-01-10,0.8114299178123474,0.8228885243128359,0.8110927783899176,0.8128902735067256,6448042
2005-01-11,0.7964889407157898,0.8064871960700066,0.7957025879177587,0.8043526524233888,8564235
2005-01-12,0.8088462948799133,0.8088462948799133,0.7976123836322068,0.8032293851878742,9233048
2005-01-13,0.8107560276985168,0.8245737900087546,0.8086218514540253,0.8086218514540253,4146640
2005-01-14,0.8256974816322327,0.8309772535599314,0.8139017285199357,0.8139017285199357,3834527
2005-01-18,0.8073855638504028,0.8117668153384023,0.800420739996469,0.8060377408610347,6921356
2005-01-19,0.8212034106254578,0.8279435337862501,0.820079827106361,0.8268203177214969,3505266
2005-01-20,0.8049138784408569,0.8160357108451415,0.8032290084235364,0.815586038595276,7288346
2005-01-21,0.8110921382904053,0.8180573230246833,0.8110921382904053,0.8169337401850352,4455323
2005-01-24,0.8065987229347229,0.8206411658644711,0.8065987229347229,0.8172708766741779,4174079
2005-01-25,0.8037918210029602,0.8130036379679428,0.8009829044284887,0.807723495806597,2445454
2005-01-26,0.816260039806366,0.8163722052058399,0.8072728445882386,0.8088456404968324,11458995
2005-01-27,0.7953650951385498,0.8099692952854689,0.7925566410420981,0.8088460790013751,5065829
2005-01-28,0.7998586893081665,0.8070484844216298,0.7950281347091535,0.7981733600317042,5844396
2005-01-31,0.8407508134841919,0.8415372581829558,0.8240124298704722,0.8240124298704722,6279982
2005-02-01,0.8558215498924255,0.8618902761776738,0.8361535831924596,0.8361535831924596,7274627
2005-02-02,0.8789734244346619,0.8856041336041757,0.8541360653195849,0.8541360653195849,5209881
2005-02-03,0.9048211574554443,0.9171837632381948,0.9035849887787883,0.9035849887787883,8979242
2005-02-04,0.9361774325370789,0.9541593697588793,0.9338173061486443,0.9339297937737152,14202842
2005-02-07,0.9683200120925903,0.975062927574935,0.9366268113287822,0.9373013693917827,4877190
2005-02-08,0.9423596262931824,0.9694446317298214,0.9246024637763884,0.9694446317298214,5830677
2005-02-09,0.9362899661064148,0.9417967129719388,0.9275237434218063,0.9417967129719388,7806247
2005-02-10,0.9226915836334229,0.9334807500741078,0.9226915836334229,0.9322441209407604,5861545
2005-02-11,0.9435948133468628,0.9478653909046825,0.9189822660988065,0.9215671836775966,11205189
2005-02-14,0.9760752320289612,0.9794468305067723,0.9629262093394585,0.9665225994294682,5981588
2005-02-15,0.9800082445144653,0.991134687689574,0.9783226760016779,0.9861895507774873,8372166
2005-02-16,0.9625887274742126,0.9777609633827242,0.9625887274742125,0.9749513445266015,2544919
2005-02-17,0.9727041721343994,0.9800090743895374,0.9721421929520256,0.9760754958181611,5573441
2005-02-18,0.9447194337844849,0.9698940667223792,0.942359214301,0.9698940667223792,4438174
2005-02-22,0.948427677154541,0.9665221060762589,0.9457306386934505,0.9475287868697444,6674410
2005-02-23,0.9564072489738464,0.9620264851474771,0.9541596096454008,0.9609028952374482,1793791
2005-02-24,0.9934951663017273,0.9968667649653589,0.968995084863138,0.9693323642017464,6372587
2005-02-25,0.9878754019737244,0.9963043489855171,0.9804579249272792,0.9963043489855171,5463687
2005-02-28,0.9739398956298828,0.9901236020317346,0.9722538669546658,0.9856279544391112,4026597
2005-03-01,0.9725115895271301,0.9781329651508311,0.9556472787826913,0.9612687463430601,8766594
2005-03-02,0.9781336188316345,0.9820684189118262,0.9600322881232336,0.9607071037167897,6269692
2005-03-03,0.9984825849533081,0.9997196849723248,0.9803816309369509,0.9837546039971237,8485349
2005-03-04,1.0242278575897217,1.0449145979769578,1.018606395790176,1.0343462130191825,9720081
2005-03-07,1.0234134197235107,1.037119385908295,1.0218275694754912,1.0330416175934296,8684278
2005-03-08,1.0126529932022095,1.017297171107209,1.009934233157782,1.013785439383157,6341718
2005-03-09,0.9876195192337036,1.015371305413273,0.987166485178865,0.9967947787655286,5305916
2005-03-10,0.9820699095726013,0.9899987972442104,0.9776521998658255,0.9882999417543799,5491126
2005-03-11,0.9803696870803833,0.9948681554078278,0.9764050168329523,0.9911304188357516,4938926
2005-03-14,0.951485276222229,0.9711947029416458,0.9503527379300641,0.9605470645757971,5206451
2005-03-15,0.9373263716697693,0.9586217431503024,0.9369868972889277,0.9514853710706455,4945786
2005-03-16,0.9520524144172668,0.9520524144172668,0.9306440249029141,0.9316634676118791,5954150
2005-03-17,0.9747067093849182,0.9751601140750178,0.9401588466427939,0.9435570198533518,5189302
2005-03-18,0.952391505241394,0.9809358757093491,0.9444626266543005,0.9809358757093491,6266263
2005-03-21,0.9192028045654297,0.9373263833041627,0.9171639204825274,0.9373263833041627,4448463
2005-03-22,0.9050437808036804,0.9450287637710302,0.8945095168596342,0.9231673572032604,7785668
2005-03-23,0.877292275428772,0.9027784154943573,0.8733276042001474,0.9027784154943573,8389315
2005-03-24,0.9100280404090881,0.9172775099236081,0.8877133162672893,0.8891861629024871,8104641
2005-03-28,0.8907730579376221,0.9005143645586977,0.8862419720817555,0.9005143645586977,3707624
2005-03-29,0.8823899626731873,0.9067436728478895,0.8795581983774338,0.9033454074912689,7154583
2005-03-30,0.9092357754707336,0.9092357754707335,0.8891867633142485,0.8891867633142485,6252543
2005-03-31,0.9192028045654297,0.9222615011938868,0.9119533360195261,0.9175038579977124,4318131
2005-04-01,0.9235201478004456,0.946183090436782,0.9235201478004456,0.9320187744544245,6605814
2005-04-04,0.9160410761833191,0.9201203082589066,0.9094686042681515,0.9121884011898207,3594441
2005-04-05,0.9223867654800415,0.930885762405575,0.9172877009057872,0.9263529516904362,5974729
2005-04-06,0.9314525127410889,0.9399510500439793,0.9257867285443814,0.9263533532947757,2881040
2005-04-07,0.9351917505264282,0.9384778023779359,0.928279579420908,0.930545799710571,5347073
2005-04-08,0.9320191144943237,0.9371181811533723,0.9308861430058324,0.9371181811533723,2195078
2005-04-11,0.9430111050605774,0.9459570910449039,0.9342855454656954,0.9405179556599457,3141706
2005-04-12,0.9396113753318787,0.9459568307685599,0.9289595721153446,0.9405176968801581,7068838
2005-04-13,0.947316586971283,0.9688466547124126,0.9460701981251102,0.9485629758174557,4619954
2005-04-14,0.9161545634269714,0.9532084597466691,0.9127550026828148,0.9474291694170505,5223600
2005-04-15,0.8879391551017761,0.9161548318509615,0.8860126317660706,0.9161548318509615,10114509
2005-04-18,0.9075433015823364,0.9075433015823364,0.8785344237992534,0.8895262980167127,5473976
2005-04-19,0.934738039970398,0.9350776438491981,0.9169471518051147,0.9206867789103313,7600459
2005-04-20,0.9211405515670776,0.9405175380598378,0.9167212502376758,0.9405175380598378,3817378
2005-04-21,0.9465234279632568,0.9476567700075045,0.9155884069942396,0.9269199742079617,3858536
2005-04-22,0.9413108229637146,0.9530958748968166,0.9350784148540433,0.9465233993211551,3577292
2005-04-25,0.9704335927963257,0.9704335927963257,0.9426714637760859,0.943917853717113,4369578
2005-04-26,0.9900371432304382,0.9974024329993029,0.9672606754114987,0.9773457647085282,7843975
2005-04-27,1.010999083518982,1.028336397585215,0.9741717463028692,0.9900361151386589,8152658
2005-04-28,0.9601204991340637,1.0120189320406388,0.9576277227581566,1.0109991009205275,7497564
2005-04-29,0.9694135189056396,0.9801787448754431,0.9473171832789526,0.9756459303667508,7967448
2005-05-02,1.0003949403762817,1.001528627857511,0.978062965546729,0.9859984071262979,4709129
2005-05-03,0.9862250685691833,1.0003949572593167,0.9805571872509387,1.0003949572593167,4534209
2005-05-04,1.040637731552124,1.040637731552124,0.9899661453441374,1.0003953326831994,5755221
2005-05-05,1.0262401103973389,1.0542399479014275,1.0128639047413204,1.0365558253677087,3347494
2005-05-06,1.025673270225525,1.0372357625435595,1.0200053927398842,1.0358758019490313,5288767
2005-05-09,1.0305473804473877,1.0315676055341285,1.023632542125516,1.0287336675592202,4139780
2005-05-10,0.9820291996002197,1.0253321952372834,0.980895513835326,1.0236319446812998,7511283
2005-05-11,0.987358570098877,0.9875855857119127,0.957205167996484,0.9748893041931578,8145798
2005-05-12,0.9498356580734253,0.9832763383072484,0.9460946794171838,0.9805559552107665,4712559
2005-05-13,0.9514228105545044,0.9675199554756134,0.9440546818081005,0.945415105750458,2771286
2005-05-16,0.9680867791175842,0.9738682099663946,0.9522163718426196,0.9522163718426196,1718335
2005-05-17,0.9702416062355042,0.9788566119969443,0.9669539123209061,0.9703546968993835,3659607
2005-05-18,0.9865644574165344,0.9958603199910698,0.9844109156111097,0.991552402105244,5676335
2005-05-19,0.9888319373130798,0.9952934897878597,0.9853176002771884,0.9882650938077392,2603226
2005-05-20,0.9850912094116211,0.9917793156174939,0.9811238600352504,0.9907590897422086,2205368
2005-05-23,0.9782896637916565,0.9896255141827901,0.9782896637916566,0.9896255141827901,2198508
2005-05-24,0.9799902439117432,0.9822573405902967,0.9723950019174694,0.9780628826597302,2400867
2005-05-25,0.9845242500305176,0.9962003009045188,0.9803302563838285,0.994500048241899,3309766
2005-05-26,0.9859977960586548,0.9940463233065306,0.9816898789970542,0.9833905018622043,1773212
2005-05-27,0.9981275796890259,1.0049288685034101,0.9905323390585943,0.9975607360982344,1745773
2005-05-31,0.996767520904541,1.0071967052249426,0.9828243685177106,1.0071967052249426,3460678
2005-06-01,1.0151742696762085,1.0173288650658137,0.9937389576663394,0.9937389576663394,4036886
2005-06-02,1.0778921842575073,1.080047243008272,1.0265154983161282,1.0266287369757954,11294364
2005-06-03,1.0702942609786987,1.0856048592685092,1.0536221085174955,1.0778927552785678,7106566
2005-06-06,1.0442084074020386,1.046590129896669,1.015060894746672,1.0405791115653353,3783080
2005-06-07,1.025834083557129,1.048630466597171,1.0250405787858665,1.0326390639909035,2987364
2005-06-08,1.0275362730026245,1.0476104927563443,1.024814093395179,1.03751657806177,3035382
2005-06-09,1.0125656127929688,1.020504561603427,1.002018093935178,1.0131327335608942,5974729
2005-06-10,1.0130192041397095,1.0301448599808813,1.010183785820264,1.0285570145928846,1653168
2005-06-13,1.0251559019088745,1.029011957478137,1.0192583942449802,1.0252695117042554,2716409
2005-06-14,1.0307120084762573,1.043754487932361,0.9998631423016282,1.0264019833199014,4788014
2005-06-15,1.0198241472244263,1.0217519867612623,1.0036055143037157,1.0195972989294775,5326495
2005-06-16,1.032072901725769,1.0326400225977512,1.0241339514586516,1.0264021567188428,3515555
2005-06-17,1.0388777256011963,1.0456827112851999,1.0375166357218308,1.0422802648144804,4805164
2005-06-20,1.034567952156067,1.0456825907979024,1.0245872767220159,1.0360422805370393,2249955
2005-06-21,1.0354743003845215,1.0581570699307585,1.0235657026219076,1.0524863311729609,4335280
2005-06-22,1.033433437347412,1.0400116649626532,1.0256077299682826,1.0354748859060852,4252964
2005-06-23,0.994645893573761,1.0235665459529513,0.9940787728594839,1.020164099894949,2431735
2005-06-24,1.0076894760131836,1.0113187729984439,0.9974819449246214,0.9974819449246214,4067754
2005-06-27,1.028443694114685,1.0349083161513375,0.9981619410169795,0.9989559103054924,3879115
2005-06-28,1.0422799587249756,1.0519202672655312,1.02640169437284,1.0286703623239986,2706120
2005-06-29,1.0414859056472778,1.0601994933412247,1.0413722960480853,1.0524869318077907,2987364
2005-06-30,1.049085259437561,1.0557766355368376,1.0414863045925116,1.0414863045925116,5570011
2005-07-01,1.0552585124969482,1.074548044452002,1.0518544446977889,1.0739806534254295,2219087
2005-07-05,1.0381239652633667,1.0464072189190423,1.028025247172852,1.0358546811131644,5165294
2005-07-06,1.0212174654006958,1.0273450084694307,1.0088494578090148,1.014636473567187,3261749
2005-07-07,1.0373295545578003,1.0425491768635116,0.9960271380930489,0.9960271380930489,3069680
2005-07-08,1.0405068397521973,1.0490169562722076,1.0316561960929602,1.0436836703224526,2747278
2005-07-11,1.0688735246658325,1.07375261866056,1.0501511241797128,1.0518533883366288,2352850
2005-07-12,1.0802198648452759,1.082602717996711,1.0631996442549425,1.0688729892606412,3011373
2005-07-13,1.0850988626480103,1.098487970550555,1.0789716060336483,1.085325725910808,2826163
2005-07-14,1.0882765054702759,1.1004176384109963,1.0846454855591623,1.0898651056772157,2273964
2005-07-15,1.0756818056106567,1.0824896558003572,1.0712564385453645,1.074320068556725,1975570
2005-07-18,1.0878229141235352,1.089297943782216,1.064902101926585,1.064902101926585,2990794
2005-07-19,1.0717114210128784,1.0806752718112231,1.0656974469789604,1.0739807068718237,3717914
2005-07-20,1.0779517889022827,1.0822634023192155,1.0482230158289456,1.0482230158289456,6983093
2005-07-21,1.0717114210128784,1.0954262330083255,1.0604778204217742,1.0927031270922964,2682111
2005-07-22,1.0357413291931152,1.0691011245354256,1.0315429156453675,1.0691011245354256,4283832
2005-07-25,0.9662989974021912,1.0097574290938516,0.9523419234850634,1.0014742642055985,15005418
2005-07-26,0.9832050204277039,0.9956865925823762,0.9493914181163415,0.9529088685791867,8070342
2005-07-27,1.0240538120269775,1.032337066602125,0.9863824104955924,0.9928501076476742,7037970
2005-07-28,1.0597964525222778,1.0632006110798693,1.0309753252140728,1.0336988005188708,5799808
2005-07-29,1.0661512613296509,1.0782924049566192,1.0538965467451022,1.0711435585532305,6002167
2005-08-01,1.0999243259429932,1.1041247521603845,1.075630400441505,1.077900773143033,5377942
2005-08-02,1.1522583961486816,1.1523717430384823,1.1159309500455235,1.1159309500455235,8152658
2005-08-03,1.1394298076629639,1.1802980828899308,1.1384082005758034,1.1780277108289874,5580301
2005-08-04,1.124672532081604,1.145447325763105,1.122061468089399,1.1420415336151326,3933992
2005-08-05,1.1117300987243652,1.142608530072802,1.1028756762763703,1.1378403499694405,2479752
2005-08-08,1.1233100891113281,1.1332999324483832,1.1130928093476724,1.1248990806681138,4486191
2005-08-09,1.1562304496765137,1.1562304496765137,1.1220600596385564,1.1284175055796783,6777304
2005-08-10,1.1760973930358887,1.202207632341155,1.163609750052576,1.163609750052576,8766594
2005-08-11,1.1347755193710327,1.2010729504343556,1.1079842545220369,1.1876773180098577,10207114
2005-08-12,1.115135908126831,1.1253531851282654,1.0761977812764936,1.091409746518165,10659849
2005-08-15,1.1679836511611938,1.171638531817985,1.1307488306296676,1.1324623244590015,5937001
2005-08-16,1.1525646448135376,1.1821466506004927,1.1503943375831334,1.1764358761762626,2788435
2005-08-17,1.1477688550949097,1.161931957115706,1.1416012589834141,1.1581626578611952,5192732
2005-08-18,1.1220693588256836,1.181576275478917,1.1201275037416307,1.181576275478917,5748361
2005-08-19,1.0689592361450195,1.1304080562880483,1.045658731359405,1.1304080562880483,15272943
2005-08-22,1.1181858777999878,1.1218407603613152,1.1021952529006793,1.1021952529006793,5683195
2005-08-23,1.107905387878418,1.1107607746580117,1.0936282671829365,1.1021945209204742,5978158
2005-08-24,1.1037946939468384,1.1304073883409542,1.1029951998007366,1.1205844446103692,4616524
2005-08-25,1.1381734609603882,1.1421711160459223,1.1058499137042628,1.1360031532359232,5487696
2005-08-26,1.1208138465881348,1.13828868676973,1.1198998449846143,1.13828868676973,6033035
2005-08-29,1.1540489196777344,1.1550768661968382,1.1190984578319827,1.1301776964232666,3532704
2005-08-30,1.1518796682357788,1.1631872761836135,1.1487958261039057,1.1547350568618502,2277394
2005-08-31,1.1967673301696777,1.1967673301696777,1.1604461123259888,1.1604461123259888,2884470
2005-09-01,1.2013943195343018,1.2215052692968213,1.1820833002693263,1.1872251499772295,5635178
2005-09-02,1.2312184572219849,1.2353320133888432,1.214078297250606,1.2146496764065287,5655756
2005-09-06,1.283437967300415,1.292236365582376,1.2383027503539836,1.2543001524340127,8241833
2005-09-07,1.301606297492981,1.3060626814794434,1.2817241701911246,1.2946361253533767,4379867
2005-09-08,1.2820674180984497,1.3091485643368834,1.280239190544422,1.3017213782187702,3673326
2005-09-09,1.2980633974075317,1.3022914142384747,1.2820660034855613,1.2820660034855613,1989290
2005-09-12,1.289493441581726,1.3109752299051833,1.2861798181277555,1.295206669240683,7106566
2005-09-13,1.2298475503921509,1.2814959409023507,1.2266479197521856,1.2814959409023507,10968532
2005-09-14,1.2226489782333374,1.2482442492583712,1.216021351788852,1.24813025370977,11376679
2005-09-15,1.2434446811676025,1.250871767678185,1.237731451446607,1.2397881356574671,11750528
2005-09-16,1.2553277015686035,1.258070319754049,1.2443580697767964,1.2443580697767964,8306999
2005-09-19,1.293264389038086,1.2966924762166983,1.256356575392513,1.2581848013447787,8639691
2005-09-20,1.313260793685913,1.3213737187109063,1.3009199457860794,1.306633173249376,7374091
2005-09-21,1.359767198562622,1.3609100498570803,1.3192028453691549,1.32320231098576,6564656
2005-09-22,1.3465137481689453,1.362053775285442,1.3284595578554241,1.3607969272844318,8300140
2005-09-23,1.350054383277893,1.356339083725487,1.3443410617068534,1.34822606431182,6763585
2005-09-26,1.3588541746139526,1.362624810845702,1.3468562369943475,1.3534833960055193,9915580
2005-09-27,1.3185179233551025,1.3620533838971292,1.3164611446584673,1.3559976039894002,7470126
2005-09-28,1.3369145393371582,1.3460558576940818,1.3198887498023426,1.3198887498023426,7161443
2005-09-29,1.3540536165237427,1.356110299810231,1.3270869675824355,1.3397703617629784,8320719
2005-09-30,1.3558825254440308,1.3764503965080324,1.3525689006124941,1.3569109143252842,3937422
2005-10-03,1.4080770015716553,1.4133353542736777,1.37572701825547,1.3783561946064813,7525003
2005-10-04,1.3839564323425293,1.4078475525900112,1.3772122020740667,1.4078475525900112,9984176
2005-10-05,1.3358328342437744,1.3631530153711295,1.331489135576755,1.3631530153711295,7116855
2005-10-06,1.2921655178070068,1.3286305399194047,1.2819918716083798,1.3167419989858504,12079790
2005-10-07,1.3848707675933838,1.3888714085469964,1.3174277326355783,1.328858709564393,9184345
2005-10-10,1.3517221212387085,1.4145930762658558,1.351150520364496,1.4145930762658558,7988713
2005-10-11,1.3854427337646484,1.3980165397811026,1.3802984239084277,1.3802984239084277,6567400
2005-10-12,1.3288592100143433,1.3917301209131514,1.297423614352231,1.3854429830857014,4874446
2005-10-13,1.3145712614059448,1.3242873533225472,1.2814211257220045,1.2974243590748813,7728733
2005-10-14,1.3065698146820068,1.3340044221316751,1.2688474163891823,1.314571855613864,7082557
2005-10-17,1.3437196016311646,1.3511495664736484,1.3179994499537167,1.3305737255571048,4559589
2005-10-18,1.3402905464172363,1.3843000554959566,1.3345751010233784,1.371154175884462,5361479
2005-10-19,1.3128560781478882,1.3197148188839212,1.2837069675019865,1.3099983551934486,7597029
2005-10-20,1.2465556859970093,1.3151416632135675,1.2299804883411873,1.3151416632135675,10356654
2005-10-21,1.2711323499679565,1.2819921056029304,1.2488419859749222,1.2631306904294466,9014226
2005-10-24,1.3037110567092896,1.3174285365144374,1.2734190288179423,1.2734190288179423,5207823
2005-10-25,1.2848501205444336,1.333431876319122,1.2802775022587765,1.3065688889616995,3833841
2005-10-26,1.3008534908294678,1.3077123255264111,1.2659889318055995,1.2745621947512433,3660293
2005-10-27,1.2677031755447388,1.302568196870023,1.2499850515157878,1.302568196870023,3037440
2005-10-28,1.3042820692062378,1.311712406364954,1.264844823293551,1.2677025446121604,5293568
2005-10-31,1.3694390058517456,1.3820132788834112,1.337432190294411,1.3425760326275922,8381083
2005-11-01,1.3871067762374878,1.3871067762374878,1.3510854088266973,1.3722407957880605,8647236
2005-11-02,1.380818486213684,1.4019739852236732,1.3619504371644986,1.3871079917473141,3909297
2005-11-03,1.365381121635437,1.4099791043702814,1.3465126975693684,1.3922543118334008,5602937
2005-11-04,1.3665237426757812,1.3756720419397594,1.3430812725669854,1.3653803922883756,3885289
2005-11-07,1.3842477798461914,1.396826778066296,1.3710973405160434,1.3922528179195655,4552044
2005-11-08,1.4362784624099731,1.4362784624099731,1.3939676096037077,1.396254589218144,5348445
2005-11-09,1.4459999799728394,1.4631533289929473,1.4288470049940756,1.4294188206988803,16089924
2005-11-10,1.4580061435699463,1.464295644726571,1.41912587999712,1.431704882310369,9427861
2005-11-11,1.4294185638427734,1.443712738259963,1.4191265375780437,1.443712738259963,4601433
2005-11-14,1.4054034948349,1.4105493648552037,1.3802459600191186,1.3865350865698283,6107805
2005-11-15,1.4294185638427734,1.4494303332185834,1.3722416791533774,1.3722416791533774,4538324
2005-11-16,1.443712592124939,1.4448562232132858,1.4122655425046926,1.4179831368845683,3503208
2005-11-17,1.5128967761993408,1.5180425557403259,1.4700139708799476,1.4865955018099322,15673545
2005-11-18,1.440281629562378,1.486595033496232,1.4105497513349237,1.4837362368150566,14266637
2005-11-21,1.4334194660186768,1.4437111066107533,1.4156946985522496,1.4408522188521733,4769494
2005-11-22,1.4259872436523438,1.4317048357757625,1.3779586843293334,1.383676369963025,6247742
2005-11-23,1.435135841369629,1.4511454580087264,1.424843818051955,1.424843818051955,5599507
2005-11-25,1.4459999799728394,1.4511461342954093,1.426560022705865,1.4368515832683169,2996968
2005-11-28,1.4768738746643066,1.5008880490371375,1.4665818585511137,1.4865939822292293,7111368
2005-11-29,1.4620089530944824,1.4980303341274352,1.4505736727037928,1.4854513293260583,6513209
2005-11-30,1.450001835823059,1.4562913385363994,1.4385665548639202,1.4562913385363994,6324569
2005-12-01,1.4900416135787964,1.4900416135787964,1.4711657540989374,1.4814617454859114,7950299
2005-12-02,1.504913330078125,1.5157810809398808,1.4957614217138844,1.5043412890317667,5935629
2005-12-05,1.523788571357727,1.5283648054537138,1.5026248334043832,1.5100608980886567,3146508
2005-12-06,1.5758399963378906,1.5832758734921075,1.5455243532519818,1.5455243532519818,7955787
2005-12-07,1.5369445085525513,1.5695482222190014,1.5169248534127708,1.5632561461820829,6085855
2005-12-08,1.4643018245697021,1.5014815048666441,1.4448542033595875,1.5014815048666441,8810495
2005-12-09,1.4465686082839966,1.4643003691044472,1.4208290279036844,1.4643003691044472,5341586
2005-12-12,1.4557217359542847,1.4648736443617858,1.4311263095242797,1.4608699183014717,3739865
2005-12-13,1.4763128757476807,1.48317689799413,1.439133495827696,1.4620131646115375,4681690
2005-12-14,1.4471420049667358,1.4522898136102764,1.4242624188863073,1.4511461055931232,6438439
2005-12-15,1.4196853637695312,1.4414212292807738,1.4156817331911409,1.4231174213110047,7158013
2005-12-16,1.4059584140777588,1.4345579415657832,1.3933745396615012,1.4168261652982876,4207691
2005-12-19,1.3436106443405151,1.389370263091979,1.337318662851346,1.3762142592750106,9521838
2005-12-20,1.3453271389007568,1.3601989876707907,1.3241634008862175,1.3533349639220644,7684146
2005-12-21,1.3916581869125366,1.4128220147182546,1.3556226065232808,1.3556226065232808,10735305
2005-12-22,1.4111050367355347,1.411677077282212,1.3916574355434985,1.3973773732747474,8514846
2005-12-23,1.4042422771453857,1.4105342593889338,1.3910862717510744,1.3968061195402433,3275468
2005-12-27,1.3750709295272827,1.383078661543508,1.3596270387547142,1.3727825784498315,4687178
2005-12-28,1.3710663318634033,1.3762141376733013,1.3527624298518512,1.364202310142106,4037572
2005-12-29,1.3853659629821777,1.394517866693004,1.3659183546909501,1.3756420185158553,3035382
2005-12-30,1.3739274740219116,1.4145388512122397,1.3527636299361756,1.4145388512122397,2028390
2006-01-03,1.4333791732788086,1.442534511770549,1.4001910712462495,1.424796090233926,9174055
2006-01-04,1.494605541229248,1.5111998303016827,1.4499733486354147,1.4534066014181921,10194767
2006-01-05,1.4963220357894897,1.5140604573730836,1.486594348242885,1.5140604573730836,5554920
2006-01-06,1.5449587106704712,1.5552585551934954,1.5043320556660973,1.5077653995619078,6808858
2006-01-09,1.5586928129196167,1.5604092987094556,1.5317990498201923,1.534660046634441,6758783
2006-01-10,1.546104073524475,1.546104073524475,1.5049052342091265,1.527793395088982,6125640
2006-01-11,1.5558308362960815,1.5632693110299196,1.529509345285241,1.5478196384994263,5695542
2006-01-12,1.5592631101608276,1.5958845246908948,1.5478190409467716,1.5953121761778382,7737651
2006-01-13,1.56155264377594,1.6668385955114002,1.5455307179665878,1.6668385955114002,4969794
2006-01-17,1.5478196144104004,1.5638415418433593,1.5111986542231697,1.5621251507434166,10960300
2006-01-18,1.5169214010238647,1.5260767392209076,1.4860220410265998,1.4905998972896113,8693196
2006-01-19,1.5792908668518066,1.6021790073706317,1.52378643826469,1.52378643826469,11804719
2006-01-20,1.5832988023757935,1.616486842745763,1.5821546647106592,1.6050428457889538,9029317
2006-01-23,1.5964583158493042,1.6084748394261394,1.5724256430246706,1.5861584652355194,5045936
2006-01-24,1.6496738195419312,1.6548236517009658,1.6187744522586547,1.6193468014042964,7351454
2006-01-25,1.6513888835906982,1.6868657033407792,1.6508169092666118,1.6594000802509956,4090391
2006-01-26,1.7154768705368042,1.7160492194097168,1.6496730334585923,1.6513895185839946,9890886
2006-01-27,1.6737059354782104,1.7555314350460063,1.6662670835498004,1.719482434806394,7525689
2006-01-30,1.6794281005859375,1.6994552603827588,1.668556278009767,1.6742782701904388,7897480
2006-01-31,1.7423696517944336,1.7509526336684802,1.6754211578922884,1.6897263148466966,7704725
2006-02-01,1.7629172801971436,1.771502796858323,1.7331536690007476,1.7365880254409036,7758230
2006-02-02,1.709687352180481,1.7840963343944551,1.685647590524181,1.782951485771918,5974043
2006-02-03,1.6679052114486694,1.7177019550004544,1.6467272731183782,1.665615886762034,9110261
2006-02-06,1.7171286344528198,1.733155397531405,1.6970957422639645,1.7142667927115547,6039209
2006-02-07,1.6719112396240234,1.7325828061903488,1.6576014698630366,1.724569799429261,6259403
2006-02-08,1.703963279724121,1.7228514990743742,1.673627325654272,1.674199656224347,6413744
2006-02-09,1.740596055984497,1.7686427038663426,1.7033917392877003,1.714266775237614,5567267
2006-02-10,1.8075652122497559,1.8356114984858123,1.7715053536807717,1.8298876252307925,7821338
2006-02-13,1.7949715852737427,1.8436238196542922,1.782951702981262,1.7932545929603514,7228667
2006-02-14,1.8075652122497559,1.841907702900371,1.7686435106631997,1.793827953881684,4115086
2006-02-15,1.8333213329315186,1.8527824576154748,1.7932551705319075,1.8115708844256952,3993671
2006-02-16,1.9483674764633179,1.9512293161803984,1.8636560098515733,1.8728140467219585,9829149
2006-02-17,1.9283373355865479,1.9741275893803176,1.904297358734847,1.9518046066309254,13977847
2006-02-21,1.8825448751449585,1.940354763022882,1.8768208198696028,1.9346310821869372,8820099
2006-02-22,1.875677466392517,1.9145991558768534,1.8699535949172648,1.8859799857204094,11825984
2006-02-23,1.8487764596939087,1.887125647489807,1.8321777307618583,1.8859807978138634,8252122
2006-02-24,1.8499196767807007,1.872814777895234,1.8390442697266316,1.8659460603411413,5974043
2006-02-27,1.8842639923095703,1.9220408526501873,1.8642308995688996,1.8642308995688996,4588400
2006-02-28,1.87052583694458,1.8842627145734039,1.8155775775501264,1.8716703115189468,7651220
2006-03-01,1.915185570716858,1.9249185520060865,1.8773967853453906,1.906597227430357,10032880
2006-03-02,1.9094575643539429,1.9312142740170835,1.8865552817311946,1.930641581175743,4354487
2006-03-03,1.9008712768554688,1.9060240192481042,1.8579297592943367,1.8888477118670268,6534474
2006-03-06,1.8455500602722168,1.908690465889652,1.8235382659444221,1.8942087579862004,7470812
2006-03-07,1.7841479778289795,1.7957331931322162,1.7030503338606497,1.7812516740031703,13858490
2006-03-08,1.7447588443756104,1.7551858108396328,1.6966795224077715,1.7447588443756104,8069657
2006-03-09,1.7042094469070435,1.8003676703615858,1.6850933815586122,1.7551850527465307,11310827
2006-03-10,1.7627160549163818,1.7980513232633337,1.703630550811384,1.705947633118921,9836695
2006-03-13,1.8131123781204224,1.8386004745886586,1.7690880009691088,1.7783565202594502,10024648
2006-03-14,1.873356819152832,1.8797288442808835,1.8061617962748358,1.8061617962748358,7708155
2006-03-15,1.901740312576294,1.9104292268789693,1.868721945592842,1.8832034694306345,5832735
2006-03-16,1.8994230031967163,1.9289660341812374,1.8924719469907008,1.9115876357687767,4810651
2006-03-17,1.8884150981903076,1.9208540224469677,1.8745128103512612,1.8953665263210768,3475769
2006-03-20,1.8745146989822388,1.9069536559221416,1.868142676425135,1.9057950202415976,3601300
2006-03-21,1.821222186088562,1.887258552738475,1.8119538576203729,1.8652465568380865,7817908
2006-03-22,1.8849416971206665,1.8930517697164189,1.8229600746219414,1.8235394873266073,9549962
2006-03-23,1.8461304903030396,1.8971061074875466,1.828173245972169,1.8768317810358177,5955522
2006-03-24,1.8704607486724854,1.8774119980131903,1.850186413534604,1.8606130033339785,4398388
2006-03-27,1.8073190450668335,1.833385975422734,1.7853066758062333,1.7957336374229191,7634071
2006-03-28,1.7157940864562988,1.7760379917342028,1.7123183708680896,1.7268000770457181,14431954
2006-03-29,1.7262216806411743,1.7424414436321236,1.7128987911183882,1.7198496579624956,7239643
2006-03-30,1.7412816286087036,1.7702454204922953,1.7111597701038501,1.7557633350762485,6296445
2006-03-31,1.7244843244552612,1.7592403702565251,1.719270936532511,1.7441792402332106,3427066
2006-04-03,1.8126254081726074,1.816102035174826,1.7367129865303894,1.7367129865303894,7570276
2006-04-04,1.8340646028518677,1.8473929901595474,1.8126240917637326,1.819577719807328,5351875
2006-04-05,1.856082558631897,1.865354302621161,1.8334830143604124,1.851446876181463,5795007
2006-04-06,1.860140323638916,1.894909005820013,1.8323248850788219,1.8676733833169639,5286023
2006-04-07,1.8218952417373657,1.8520280621604814,1.7981360411887437,1.8427566875533026,5023299
2006-04-10,1.765685796737671,1.8137828960524929,1.7396092160020813,1.8137828960524929,5135111
2006-04-11,1.7384493350982666,1.7807516655601554,1.7158497663068417,1.771479911511281,7026994
2006-04-12,1.7303372621536255,1.7477217105184106,1.718747566728952,1.7442447071187834,3096432
2006-04-13,1.710054636001587,1.7112133206844287,1.6891931940126703,1.703680259118883,5093268
2006-04-17,1.7257006168365479,1.744243740147212,1.7152696124203926,1.7216439887562571,4757146
2006-04-18,1.7761162519454956,1.788865010500674,1.7285987894347414,1.7297574745529067,7854264
2006-04-19,1.799295425415039,1.8195772459399167,1.7906031083075713,1.7963978600162764,6369843
2006-04-20,1.8166800737380981,1.8526080349236786,1.8045109408804378,1.8195776397640016,8290536
2006-04-21,1.8242149353027344,1.8578249800158408,1.812625232031908,1.8340657566076342,3714484
2006-04-24,1.7859660387039185,1.7981351620943922,1.7778533529583704,1.7958174143479246,4938240
2006-04-25,1.7755377292633057,1.8213169033628103,1.7616302784256885,1.7952399354878856,4967737
2006-04-26,1.8218952417373657,1.8253718650567605,1.7703211591896209,1.772639097613614,6122211
2006-04-27,1.8010339736938477,1.835223812949387,1.7732190830946462,1.7935009084172195,5464373
2006-04-28,1.842756748199463,1.8612998771128786,1.8126235476958537,1.8149414861961313,4072556
2006-05-01,1.8555057048797607,1.8815826633068011,1.8485520767525707,1.8485520767525707,2909165
2006-05-02,1.9384578466415405,1.9610651825545964,1.8428102586429373,1.8555633967824492,10389580
2006-05-03,1.9401978254318237,1.9506322341720683,1.9204886605808589,1.9419371147664581,7059235
2006-05-04,1.9633841514587402,1.980774569003794,1.943094983372034,1.950051188311962,6759469
2006-05-05,2.020193099975586,2.0277287517840423,1.9720793008738735,1.9767165813076457,15130263
2006-05-08,2.0735247135162354,2.104248110870255,2.0462797049329104,2.054974823616285,18485303
2006-05-09,2.092073440551758,2.101348379505713,2.070045365731358,2.0868559555735096,12553790
2006-05-10,2.0277299880981445,2.066568681183791,2.006281533863491,2.0422218538073054,9224131
2006-05-11,1.933240532875061,2.0184537087583876,1.9262843281648572,2.0149755115985224,10533632
2006-05-12,1.8804887533187866,1.9204868720863748,1.8294767889723742,1.8404910137701485,12011880
2006-05-15,1.8097680807113647,1.8607802470198496,1.777305982670032,1.8149851866814433,11545426
2006-05-16,1.8428112268447876,1.9129525754162064,1.8062910816145508,1.863100027875233,16387631
2006-05-17,1.7518004179000854,1.8057109771345106,1.7291930759659548,1.785422181360108,15552130
2006-05-18,1.7361481189727783,1.7860010102747252,1.7100625903756728,1.781943177110948,14128759
2006-05-19,1.693832516670227,1.7622355261889686,1.6689064317118376,1.7506414647486015,20350434
2006-05-22,1.5639827251434326,1.608038398963922,1.5071739159765531,1.5581859833383502,28612159
2006-05-23,1.5419553518295288,1.643399801582418,1.5274633959274542,1.590069070149902,16131767
2006-05-24,1.4410916566848755,1.518769063072565,1.3837029623751966,1.518769063072565,27919338
2006-05-25,1.586010456085205,1.6062997164998514,1.4944208147760936,1.4984787427028268,20503403
2006-05-26,1.6660070419311523,1.6793396261423479,1.6213716296294736,1.667166314641023,18418079
2006-05-30,1.5651429891586304,1.6149959134088738,1.5292026720376777,1.614416087138327,13529228
2006-05-31,1.5442736148834229,1.6231106093087257,1.5234050935167918,1.5947059617571562,16048080
2006-06-01,1.6602118015289307,1.6602118015289307,1.5506515196541575,1.5506515196541575,15611122
2006-06-02,1.6509360074996948,1.697890173273293,1.6034020155338804,1.6938321483662255,9541731
2006-06-05,1.586010456085205,1.6538334933723382,1.5732576996664391,1.6486160084876378,7759602
2006-06-06,1.5657223463058472,1.6028222122935798,1.5245650246617666,1.5976047251541936,10352538
2006-06-07,1.4967405796051025,1.5651431149653114,1.4955811165804482,1.5489122443021959,12378184
2006-06-08,1.4550023078918457,1.472392627172457,1.3831217274222336,1.471812896140413,23734284
2006-06-09,1.4532626867294312,1.5135496598539309,1.4521032252337838,1.4781887387683197,11642832
2006-06-12,1.3703689575195312,1.4665962760483768,1.3703689575195312,1.4636979045309322,12000219
2006-06-13,1.3170379400253296,1.390078080224337,1.2979083320946425,1.339066013620258,18046973
2006-06-14,1.346602201461792,1.3697893655677942,1.2857353505560365,1.3547175856526754,12761636
2006-06-15,1.4636977910995483,1.479929030597512,1.3848608973944956,1.3848608973944956,14663123
2006-06-16,1.465436577796936,1.471812670122805,1.4092070373418948,1.4289164673335166,11489177
2006-06-19,1.4480464458465576,1.4926818617685353,1.4451479794224864,1.4683356160102794,17388450
2006-06-20,1.5036962032318115,1.5106521249884024,1.4434092726932248,1.4526842142544791,12459127
2006-06-21,1.5593461990356445,1.5622445720437135,1.492103224731799,1.492103224731799,15162503
2006-06-22,1.5384771823883057,1.5651425469624511,1.5158697473181426,1.5593457079670299,11915845
2006-06-23,1.5523900985717773,1.5639836840952668,1.483987289829995,1.4955808753534843,5830677
2006-06-26,1.5697799921035767,1.5912282460375629,1.5564471220386615,1.5692002608812854,6301247
2006-06-27,1.5077540874481201,1.5709394986362912,1.5036965366274002,1.5663022164370648,15423855
2006-06-28,1.5239853858947754,1.5268838532771898,1.4880450729474537,1.5187683721379681,9663146
2006-06-29,1.657312273979187,1.657312273979187,1.530941472899889,1.5390568575880703,13450342
2006-06-30,1.6903544664382935,1.7060056017348169,1.6503561304970147,1.6955713851307306,11835588
2006-07-03,1.7698571681976318,1.7768161850891602,1.7223054667806037,1.7223054667806037,6352694
2006-07-05,1.6875125169754028,1.7223064838946835,1.668955633455188,1.693311448234909,11016549
2006-07-06,1.703748345375061,1.7199856064947072,1.6828718667926588,1.6875112739363969,6358867
2006-07-07,1.66257643699646,1.7083887845361152,1.6382204357633294,1.704329229702647,6379446
2006-07-10,1.6828738451004028,1.7031706824612005,1.6573583087413561,1.6875132576980174,6014514
2006-07-11,1.6996893882751465,1.7043284166462374,1.6486581793830861,1.6672146722294614,6397281
2006-07-12,1.6364825963974,1.7020114070596546,1.634742650063138,1.6927329578187558,5319635
2006-07-13,1.5813899040222168,1.6173437578703782,1.570951850535586,1.6092252191360397,8754933
2006-07-14,1.561093807220459,1.5970476690114963,1.5407973610602241,1.5935681590130537,7749998
2006-07-17,1.5419574975967407,1.5761718077381242,1.5355785198386176,1.5610944308711099,5176955
2006-07-18,1.5541350841522217,1.5750114829736568,1.5042636500852424,1.5657330413461037,9421002
2006-07-19,1.6759142875671387,1.6863524386029876,1.556454457377783,1.556454457377783,11384225
2006-07-20,1.6434394121170044,1.707228592080116,1.6422798916422023,1.6991102416267336,8071714
2006-07-21,1.649819016456604,1.6608374052277823,1.6295225635363888,1.6585174149876287,5397835
2006-07-24,1.7199854850769043,1.7275239758204954,1.68055213942717,1.686351255686733,5596764
2006-07-25,1.7542017698287964,1.7571012364419465,1.714768568655109,1.7333250791067947,11000772
2006-07-26,1.7513015270233154,1.7681188468675344,1.726366043927918,1.736804007561393,8341297
2006-07-27,1.729846715927124,1.7802981402803326,1.710129727211178,1.7687000789897207,10801843
2006-07-28,1.7907347679138184,1.8046526207057827,1.7397033365074197,1.7402833813978842,10012987
2006-07-31,1.7895756959915161,1.7936346834748391,1.7634797391720087,1.7918951174105577,7837801
2006-08-01,1.7142189741134644,1.7548267273170663,1.707837723224539,1.7548267273170663,8885951
2006-08-02,1.7275627851486206,1.7362642892342894,1.6898555084485403,1.7287227200449462,13119708
2006-08-03,1.6904350519180298,1.703197557591295,1.682313802396535,1.69565599071672,17269778
2006-08-04,1.7443851232528687,1.7751308823743728,1.7310423662394891,1.7345231184601642,11899382
2006-08-07,1.7147986888885498,1.7368429342391127,1.7084174399977337,1.7368429342391127,5303858
2006-08-08,1.7031968832015991,1.7385835062406096,1.6904343825817127,1.7374230029133537,8579326
2006-08-09,1.6915949583053589,1.7513460818140976,1.6857937696620207,1.7287215789292056,6332801
2006-08-10,1.7362630367279053,1.7403234700570027,1.6823131051690017,1.693915102247105,6540647
2006-08-11,1.7002956867218018,1.7490244728182731,1.6939144390283032,1.7403227886679264,2830279
2006-08-14,1.6716203689575195,1.7211625033452547,1.6640429374034185,1.716499864500625,3710368
2006-08-15,1.7572999000549316,1.764877143392279,1.6972660940929907,1.701346309513947,6414430
2006-08-16,1.8015961647033691,1.8144190393995654,1.7712877770944309,1.801013168110729,8182840
2006-08-17,1.800429105758667,1.8278232567739783,1.778280777093658,1.8126691672631177,5825875
2006-08-18,1.7940187454223633,1.80392720810366,1.7724530211030898,1.799847185595003,4484819
2006-08-21,1.7567181587219238,1.7864435780667176,1.7567181587219238,1.7806151317567167,2845370
2006-08-22,1.7543864250183105,1.7817804257360532,1.735152477322496,1.7403981167528577,7044143
2006-08-23,1.707756757736206,1.7672075323047534,1.701928127066165,1.7543846592184698,6638054
2006-08-24,1.6914386749267578,1.7159184571044834,1.6483077481567372,1.709507012954481,12283521
2006-08-25,1.6727875471115112,1.711839023418433,1.6663764834596848,1.6949361057773429,4808593
2006-08-28,1.7433115243911743,1.753220182804683,1.6599637576518471,1.6611291793796683,6225105
2006-08-29,1.7555512189865112,1.771871315644863,1.727574237251781,1.771871315644863,4733824
2006-08-30,1.757881760597229,1.782361512127326,1.7497219069693073,1.773035856183226,6353380
2006-08-31,1.7742031812667847,1.789940286840917,1.7503062150612654,1.7806146228927637,8522391
2006-09-01,1.8284085988998413,1.838317069419385,1.7788658650091231,1.784694309792443,11055649
2006-09-05,1.809173345565796,1.824327446746482,1.8039277098222046,1.8190820016492926,5800494
2006-09-06,1.7462239265441895,1.7730350803281292,1.7409782950326302,1.7514695580557484,5781973
2006-09-07,1.7223286628723145,1.7520540640512838,1.6861918221532712,1.7357345387444196,5069945
2006-09-08,1.7322382926940918,1.7479754019798135,1.7199984035369928,1.731072489102371,2707492
2006-09-11,1.7100892066955566,1.7310719489807267,1.6780323823002958,1.701929346685675,6406199
2006-09-12,1.778282642364502,1.782945664004645,1.7065917588213884,1.710088977389882,9016970
2006-09-13,1.8085908889770508,1.8237451853297353,1.778282677564599,1.7835285055211776,6108491
2006-09-14,1.7916877269744873,1.823744536297455,1.7870250881942946,1.8091732420009796,4092449
2006-09-15,1.8161683082580566,1.827242390174257,1.7940199537791792,1.8097570578791442,5447910
2006-09-18,1.8301544189453125,1.8534687369094367,1.8155831370331847,1.8190803514539835,4969108
2006-09-19,1.7905219793319702,1.8243273983906203,1.7491395098838152,1.8225789802867014,6906951
2006-09-20,1.7806122303009033,1.8144178120119652,1.74680683923608,1.8068403866044396,6777990
2006-09-21,1.69901442527771,1.7806137543764788,1.6815289092269456,1.7631282383257147,13187619
2006-09-22,1.6687066555023193,1.6861921780840403,1.6418954700379544,1.6861921780840403,13084038
2006-09-25,1.6669563055038452,1.6716195139023633,1.5964315698040237,1.6640420862242153,11865770
2006-09-26,1.7089238166809082,1.768375029520612,1.680364204417443,1.6844442307321636,9656287
2006-09-27,1.7135868072509766,1.7246608918266337,1.696684277177239,1.703095147802777,5663988
2006-09-28,1.751470923423767,1.7572993650588133,1.699014376769161,1.7240767520584186,9405910
2006-09-29,1.7485566139221191,1.759048267028346,1.7264086488052834,1.738648529469733,4706385
2006-10-02,1.7759515047073364,1.815002577403999,1.7759515047073364,1.8056769139576645,9420316
2006-10-03,1.736898422241211,1.7660411821130892,1.7310699846545936,1.7660411821130892,11574922
2006-10-04,1.8365672826766968,1.8447271391200644,1.7339854131898005,1.745642296495641,12273917
2006-10-05,1.9047613143920898,1.9047613143920898,1.8383160879743943,1.8470589411282168,11014491
2006-10-06,1.8837785720825195,1.8884412110093802,1.8592988121461158,1.8645444477544315,7863182
2006-10-09,1.8977675437927246,1.909424430046202,1.875619002359649,1.8785332239230184,5095325
2006-10-10,1.9257439374923706,1.9333207968445183,1.9065096235241705,1.9129210615135706,9932043
2006-10-11,1.9164185523986816,1.9350698723783664,1.8837787424342332,1.893687017865423,8744643
2006-10-12,1.9741203784942627,1.9752857996974358,1.9152520232874193,1.9152520232874193,5861545
2006-10-13,1.9811137914657593,1.9956850801623347,1.9595482613172692,1.9612970599881447,9453928
2006-10-16,1.967708706855774,1.980531198257805,1.947308595456768,1.9770343631259835,4886107
2006-10-17,1.9519712924957275,1.9624623681009674,1.9030116051471289,1.9438114399274478,9842182
2006-10-18,1.9502222537994385,1.9875248681387274,1.9397311794859382,1.9723707763865328,7209460
2006-10-19,1.9548863172531128,1.9583835345418437,1.926326344883094,1.9397322173923057,5988448
2006-10-20,1.9467262029647827,1.9583832746361824,1.924577671465943,1.9583832746361824,3979951
2006-10-23,2.001513719558716,2.0079251558591067,1.9304060676350632,1.9403145296879987,11727892
2006-10-24,2.006761074066162,2.0242465957909634,1.9951041866806039,2.00151505532044,8086120
2006-10-25,2.009673833847046,2.0242451231246434,1.9898567202866007,2.000931174668283,12442664
2006-10-26,2.025993585586548,2.0399822600052877,2.0050108599279324,2.034153820423281,10555583
2006-10-27,1.9997673034667969,2.0312415169716833,1.9910244451991608,2.0009331068708525,4804478
2006-10-30,1.9438122510910034,1.9770348622799545,1.9379838097737496,1.9747030663310035,8921621
2006-10-31,1.935070276260376,1.9630468807762673,1.9164189523878432,1.958384240454588,9208353
2006-11-01,1.9281326532363892,1.9613661101253859,1.914139709092994,1.9473731659819906,8886637
2006-11-02,1.9234676361083984,1.9397925716436413,1.8978133758988114,1.925216443468805,3708310
2006-11-03,1.939209222793579,1.9520361598770062,1.9205519117748495,1.9497041628705662,6494002
2006-11-06,1.954951286315918,1.9636968460949464,1.9467887257135759,1.9572832830226639,7221122
2006-11-07,1.9508700370788574,1.9677785416279852,1.9403754780638005,1.9567007926318631,6601012
2006-11-08,1.9666143655776978,1.9806076973847557,1.923469323969003,1.9298823225199528,5914364
2006-11-09,1.9362937211990356,2.0015951637786893,1.9141384160885226,1.9846866608872844,8820099
2006-11-10,1.9362937211990356,1.9380431002611134,1.9053926650356703,1.9129720362407447,8054565
2006-11-13,1.926964521408081,1.930462897296954,1.887900531809452,1.8948972835871976,4898454
2006-11-14,1.9846857786178589,1.9905161495882093,1.9403744252565824,1.9543673537273245,6590037
2006-11-15,1.9922678470611572,2.015589548800734,1.9806069008365053,1.996348844497764,5117276
2006-11-16,1.973025918006897,2.0027611693893754,1.966612353887112,2.0027611693893754,3672640
2006-11-17,1.9788566827774048,1.9858534382598836,1.9403758625912901,1.953202993362974,5798436
2006-11-20,1.9671965837478638,2.0015964196184983,1.9450406926075539,1.9969318508486933,4392900
2006-11-21,1.9613648653030396,1.9677784290509734,1.9362938002590053,1.9677784290509734,10253073
2006-11-22,2.001011371612549,2.003343558477421,1.9631131920262261,1.974191318021284,6148277
2006-11-24,1.961949348449707,1.9753591026033874,1.9584509692959686,1.9590341596280736,3238426
2006-11-27,1.8919825553894043,1.9462056784042707,1.8744912438403756,1.9380431172039483,9036177
2006-11-28,1.912973403930664,1.9147224028240186,1.874492567630979,1.893150081504566,6902149
2006-11-29,1.9467885494232178,1.9625308607352558,1.9333782346067532,1.938625989560032,7501680
2006-11-30,1.9520360231399536,1.9642801508236902,1.9333785227185512,1.9642801508236902,6829437
2006-12-01,1.9467885494232178,1.9590324845727765,1.9112227422223287,1.9479543569614448,8246635
2006-12-04,1.9747765064239502,1.9870204521791384,1.9292989118862256,1.9357124799331242,7398786
2006-12-05,2.0056772232055664,2.015005978425879,1.988769092755863,1.9940164698898661,8040160
2006-12-06,2.010340929031372,2.0330796170930654,1.9940156143998542,1.9975138007518038,6420604
2006-12-07,2.00042986869812,2.036578696784635,1.9922673039210392,2.031331320091535,3180120
2006-12-08,1.9957647323608398,2.0161712299464742,1.9858527924571383,1.991099975943313,7789098
2006-12-11,2.0237507820129395,2.0237507820129395,2.0062594695587963,2.0115066535144788,5181071
2006-12-12,1.9945987462997437,2.012673250663862,1.9753580526010261,2.0115068706196424,5263386
2006-12-13,2.0126736164093018,2.02899893509299,1.9922671110869343,2.02899893509299,4971166
2006-12-14,2.045905590057373,2.055817334951981,2.0301632835892005,2.0348278472737524,6087226
2006-12-15,2.0569841861724854,2.086136624715075,2.0424080622559804,2.0464894379796674,8228114
2006-12-18,2.0359959602355957,2.0855549315440847,2.0260843948255585,2.0581518523135705,8292594
2006-12-19,2.0307462215423584,2.037159781867804,2.001594177388092,2.011505540566021,5805296
2006-12-20,2.0424087047576904,2.0424087047576904,2.0225852005086913,2.0394935171992445,6268320
2006-12-21,2.0494048595428467,2.0517370472652074,2.009757858972312,2.030164358510769,6635310
2006-12-22,2.04707407951355,2.0791413460181674,2.027250186023794,2.0791413460181674,7029738
2006-12-26,2.052902936935425,2.058150310867675,2.034245437878914,2.04473999503384,3212360
2006-12-27,2.1065449714660645,2.109460160666993,2.054653802708601,2.0610673715184413,7717758
2006-12-28,2.1117918491363525,2.1164564177447915,2.090218958322417,2.09430052737094,4848379
2006-12-29,2.10771107673645,2.1246194022729674,2.090219370105683,2.1106262658200414,6162682
2007-01-03,2.1410129070281982,2.163174970120373,2.1200168164909146,2.131681120466089,7315784
2007-01-04,2.1316792964935303,2.1480093843930304,2.114182855501608,2.141011075070898,6821892
2007-01-05,2.0646090507507324,2.1404281209578735,2.036614281917148,2.12876363394388,13647213
2007-01-08,2.0803542137145996,2.0879358847359835,2.039528451896309,2.0716059996970713,9209039
2007-01-09,2.027865409851074,2.085604655189945,2.0022039257653796,2.076856244218203,11758074
2007-01-10,2.037198305130005,2.0500291495919067,1.9701274355171152,2.0004551115161604,17386392
2007-01-11,2.0646090507507324,2.1118499846978636,2.0371976493435735,2.04128026749038,10818306
2007-01-12,2.0914371013641357,2.0955197191710195,2.0471122451691226,2.0727739236956593,8079260
2007-01-16,2.1182668209075928,2.127015048546555,2.075108478199656,2.0797740851464503,11753272
2007-01-17,2.111266851425171,2.13576198629317,2.088521055643794,2.1019352624653878,9866877
2007-01-18,2.104854106903076,2.1532616408868743,2.1001879251688416,2.143346672389119,11695651
2007-01-19,2.1491787433624268,2.1590937114731616,2.1124357113091645,2.1124357113091645,7086673
2007-01-22,2.1427621841430664,2.1835880099220684,2.1188502090856165,2.1760059454871574,6448042
2007-01-23,2.154425621032715,2.165507123731683,2.121181876006457,2.142761132359672,6632566
2007-01-24,2.178920269012451,2.1870853131409147,2.139261210720482,2.1590909306340684,5982274
2007-01-25,2.12176513671875,2.2162473948308907,2.113600090442431,2.2144974831584374,8267900
2007-01-26,2.1678404808044434,2.187086654427053,2.1287645751071635,2.165507773137949,8822157
2007-01-29,2.112434148788452,2.165507632409682,2.1101012505058456,2.158508746794155,8437332
2007-01-30,2.1345956325531006,2.1456767503741982,2.1089335744455373,2.1328457213204164,6086540
2007-01-31,2.1561756134033203,2.1719223398572227,2.118265880722903,2.134596356243351,7128517
2007-02-01,2.1900715827941895,2.205239840496529,2.1702357578691345,2.1994059539416284,6844528
2007-02-02,2.1877386569976807,2.2046573559303546,2.176654229065419,2.198823466579121,5160492
2007-02-05,2.205824136734009,2.2291602674512627,2.1877387356110503,2.202324031987005,6788280
2007-02-06,2.2046561241149902,2.2244915658159643,2.197655346310326,2.2209910815013907,5010266
2007-02-07,2.2046561241149902,2.2209910815013907,2.189487867617126,2.2023227223379185,7010531
2007-02-08,2.1964893341064453,2.206406675555849,2.148067228942623,2.192405307597428,7199857
2007-02-09,2.162651777267456,2.2069898485204327,2.129398128415476,2.1964889674230363,9390133
2007-02-12,2.1323132514953613,2.1538991090415744,2.102560112564253,2.1515651366439426,8576582
2007-02-13,2.112478494644165,2.1305638780167806,2.0856422855189622,2.1299807186225657,12245793
2007-02-14,2.1819040775299072,2.1935718525419623,2.124731140342909,2.126481573749058,17805515
2007-02-15,2.1801538467407227,2.201156183521883,2.1579846180594635,2.1702359334756784,7635443
2007-02-16,2.144566535949707,2.1632352775228165,2.1363986752747355,2.1562343086084095,6227849
2007-02-20,2.1597352027893066,2.1696527351008643,2.13348213685328,2.1498172888286953,7241700
2007-02-21,2.144566535949707,2.1504004222790583,2.115979882297515,2.132315031173986,6096144
2007-02-22,2.141066789627075,2.166152967470545,2.1293988221213405,2.159151996142547,10132344
2007-02-23,2.100229263305664,2.146901143447762,2.092061779693096,2.1399003614264474,9158964
2007-02-26,2.1118955612182617,2.135231480704205,2.0943935261915896,2.135231480704205,8891439
2007-02-27,1.9672133922576904,2.025553206745196,1.9170414380351575,2.0243866966921673,33826156
2007-02-28,1.9928832054138184,2.019135884772044,1.9695474692260073,1.984715726371758,28604614
2007-03-01,2.0094099044799805,2.0302171135324167,1.8851591583986942,1.920234790204271,24908651
2007-03-02,1.9434192180633545,1.9880068499157295,1.9303404853310235,1.9755223752230373,25054075
2007-03-05,1.9059685468673706,1.9404493658385074,1.8756487064960703,1.8928894076662774,19966981
2007-03-06,2.021894931793213,2.0302176620979817,1.9606614158574538,1.972551447270657,27515992
2007-03-07,1.9921698570251465,2.049836263603351,1.988602944996686,2.0123828122511376,10718842
2007-03-08,2.026055335998535,2.055185653278273,2.018326674145159,2.0379453606311855,9600724
2007-03-09,2.0611326694488525,2.0700502456278116,2.0177340839139752,2.062916418032328,9055384
2007-03-12,2.0825326442718506,2.097989579300487,2.0456736645800357,2.051023932675571,10652303
2007-03-13,1.9987092018127441,2.053997801326621,1.9927642831131682,2.043891517319871,14709082
2007-03-14,2.010005474090576,2.010005474090576,1.9267754248983366,1.9826584912627896,21653075
2007-03-15,2.0106005668640137,2.0391362678063647,1.9897927582740946,2.0129783798955314,10873869
2007-03-16,1.9868190288543701,2.0331900480308334,1.9642282638288675,2.0331900480308334,10353224
2007-03-19,2.0617270469665527,2.078373096239709,2.0272458476725403,2.0284351428766176,11303281
2007-03-20,2.077181339263916,2.0973942760198083,2.0557794977370314,2.073614236038683,8682221
2007-03-21,2.1782495975494385,2.1853838150702667,2.077779210252803,2.0866965932409776,17065362
2007-03-22,2.1740870475769043,2.191327741324025,2.1586299073995447,2.1776539602600846,6411000
2007-03-23,2.156250476837158,2.1859756343491905,2.130092618243492,2.162195391665847,7485217
2007-03-26,2.161006212234497,2.1675457726926357,2.1253359531741625,2.1586278190152437,4222096
2007-03-27,2.1336593627929688,2.1538721086921973,2.130686905880028,2.152088751218131,5914364
2007-03-28,2.0569703578948975,2.1057195880345376,2.0421078659871896,2.1045304875646282,21074809
2007-03-29,2.0890724658966064,2.1015569448860547,2.038539708325954,2.090855823997791,16793035
2007-03-30,2.0700483322143555,2.1140413303086207,2.0539967488205138,2.0896668261089273,8874290
2007-04-02,2.063089370727539,2.091049270407949,2.0404832791048007,2.082721038058297,8028499
2007-04-03,2.1207938194274902,2.1487537180127303,2.0964031909358476,2.1017571933686745,12975656
2007-04-04,2.160055637359619,2.1683844495461773,2.1249572137219634,2.1297161735996974,9595236
2007-04-05,2.177307367324829,2.177902212837421,2.1392339465785715,2.152321715363961,18837887
2007-04-09,2.2040786743164062,2.213001946075499,2.189801400584889,2.2011042503967087,7044829
2007-04-10,2.2052700519561768,2.2112189038185024,2.192777307377313,2.1969412312619756,9142501
2007-04-11,2.155299425125122,2.210029576630928,2.134478243746727,2.202296184001548,15231785
2007-04-12,2.179689407348633,2.1802844481715615,2.10592263629216,2.1255543134096535,13903763
2007-04-13,2.2070541381835938,2.2112184503842696,2.148754545713874,2.18920739167131,9919010
2007-04-16,2.261784076690674,2.270707351913001,2.2219262747768203,2.2249006998509295,15816911
2007-04-17,2.315920114517212,2.319489581148705,2.273682723277655,2.279036728639928,16312175
2007-04-18,2.282010555267334,2.3123500407441124,2.280820668507603,2.280820668507603,10458176
2007-04-19,2.308183431625366,2.3200811198714018,2.238581060296335,2.253453365188602,9174055
2007-04-20,2.3498284816741943,2.3498284816741943,2.3230580724477043,2.3349561618272006,9578087
2007-04-23,2.326627492904663,2.3765986542487862,2.3242481083779682,2.3468542072308702,9291355
2007-04-24,2.2808196544647217,2.3182980546673146,2.254049646584054,2.31234901268341,10297661
2007-04-25,2.346257209777832,2.3510161694472647,2.310563747456096,2.322461633091597,8722692
2007-04-26,2.352205276489258,2.3843296543611308,2.329004747705057,2.3420921256937324,15068526
2007-04-27,2.3349556922912598,2.3420942331476007,2.2903385471374165,2.3188934889022956,8757676
2007-04-30,2.2950990200042725,2.3528035831158687,2.2950990200042725,2.34209537742987,5420471
2007-05-01,2.3093738555908203,2.4063412827444886,2.2784393530190132,2.4063412827444886,5304544
2007-05-02,2.376739501953125,2.3844756746526348,2.329728603310318,2.3404397329487967,7366546
2007-05-03,2.430889844894409,2.431485069392968,2.379118160091677,2.404110971100175,8882521
2007-05-04,2.441005229949951,2.4588578736183995,2.424343424319026,2.439815365137369,7322644
2007-05-07,2.4707589149475098,2.4856358228670827,2.441599934065413,2.445765725214223,5622830
2007-05-08,2.4695703983306885,2.474925863160926,2.424939837821317,2.4671900836033145,10386836
2007-05-09,2.565971612930298,2.576087896204741,2.4695690176891816,2.475519703858275,19231630
2007-05-10,2.4618351459503174,2.57608988804062,2.4600496662160896,2.5272933283576124,16225744
2007-05-11,2.5243170261383057,2.5255072806282537,2.4606437636650065,2.463619107922299,12940672
2007-05-14,2.4654042720794678,2.533243135346942,2.4511225802845247,2.5243171023057345,6520754
2007-05-15,2.4957525730133057,2.5231260809362106,2.4671888110181093,2.4856362893012527,9034805
2007-05-16,2.6147682666778564,2.6147682666778564,2.5195561011281637,2.5278869077091186,14543766
2007-05-17,2.64987850189209,2.664160193474784,2.562402094730922,2.58382472942749,18852293
2007-05-18,2.710575580596924,2.7236674038424225,2.6486876163332296,2.651067735492402,17037237
2007-05-21,2.7415215969085693,2.7617539865705734,2.7141480661438706,2.719503727325746,14097204
2007-05-22,2.704622745513916,2.7546092957045456,2.673678690634002,2.7546092957045456,12854927
2007-05-23,2.6570191383361816,2.725453027641722,2.638571654075189,2.7105761121096523,16255927
2007-05-24,2.554069995880127,2.651662453939008,2.5338372350828857,2.644521513889094,25528074
2007-05-25,2.608220100402832,2.608220100402832,2.560019029485075,2.5951282881060402,10997342
2007-05-29,2.6147682666778564,2.6647548579687093,2.579063753257975,2.6463073768072602,10129600
2007-05-30,2.6391658782958984,2.644521534714266,2.5397879411357405,2.554070015993008,15860812
2007-05-31,2.6236941814422607,2.652257944509313,2.6040564483499193,2.6504724660113843,10089129
2007-06-01,2.716668128967285,2.744644453351507,2.6660731747963116,2.6660731747963116,15390929
2007-06-04,2.6690516471862793,2.713098951998906,2.62917068463735,2.678575494009544,13073063
2007-06-05,2.6297619342803955,2.660714394640355,2.6023810090031403,2.6488096021942167,7608004
2007-06-06,2.5732157230377197,2.5970251226465835,2.5321440268353683,2.5863105131618793,11483003
2007-06-07,2.5113139152526855,2.5803614356082445,2.472623130144174,2.5654804692500726,14667925
2007-06-08,2.561311960220337,2.582145217628423,2.50416891080823,2.5261927457613425,15491765
2007-06-11,2.617860794067383,2.6607179087792194,2.5708367531237792,2.577384446291442,12359663
2007-06-12,2.5446465015411377,2.6125038142694854,2.533932076285192,2.6017893890135397,14460764
2007-06-13,2.6238114833831787,2.6238114833831787,2.548811724893733,2.589287463624898,9287925
2007-06-14,2.6714329719543457,2.7053616346715894,2.6470281580488213,2.6488137336774966,11144138
2007-06-15,2.7202420234680176,2.7482181774020287,2.7095274037777366,2.7095274037777366,15367606
2007-06-18,2.716668128967285,2.7511921410218645,2.6755966239401676,2.7422634937166332,9190518
2007-06-19,2.726788282394409,2.742859814079472,2.6934550308481056,2.7000025260512284,10568616
2007-06-20,2.6636948585510254,2.7738143183674584,2.6547663957779934,2.7630998904625623,11085831
2007-06-21,2.6958353519439697,2.7505972384719457,2.6434544254692907,2.6839305516774847,10108335
2007-06-22,2.6434555053710938,2.6880981838865496,2.627979161353356,2.680360303924581,8082690
2007-06-25,2.6208362579345703,2.681550860974419,2.6017885698746857,2.6261937609227934,6980349
2007-06-26,2.603574752807617,2.6821460832619275,2.5946460996046974,2.6738128163843644,8601277
2007-06-27,2.6279799938201904,2.6279799938201904,2.5535751815619503,2.559527488663411,7911199
2007-06-28,2.6500051021575928,2.6654812626043882,2.6279810508091996,2.6321479789729767,9071847
2007-06-29,2.645242691040039,2.6827427040126186,2.6160761440822897,2.6607188497846495,8545028
2007-07-02,2.6995432376861572,2.7144282240480297,2.674536476178263,2.6792998821447562,8814611
2007-07-03,2.6995432376861572,2.726931604801977,2.683467351145001,2.726931604801977,2730129
2007-07-05,2.6739373207092285,2.7096615513752385,2.6453584814774835,2.7096615513752385,12402878
2007-07-06,2.7096643447875977,2.7174043171105358,2.6900159587155543,2.706091840137924,8739841
2007-07-09,2.7322864532470703,2.7465762622133445,2.7108520319232254,2.7150200795075006,7430340
2007-07-10,2.6804885864257812,2.7120447907772194,2.672748616854338,2.688228945498247,6990638
2007-07-11,2.7650363445281982,2.7715858063874146,2.6679860954123766,2.6787034143411463,11282702
2007-07-12,2.899001121520996,2.9222218164734186,2.7918292974923875,2.794210707486921,18346053
2007-07-13,2.905548334121704,2.9371045238795963,2.878755350166906,2.9353180782654094,10357340
2007-07-16,2.9466328620910645,2.9662808554373035,2.9007872196989264,2.905550233865814,9586318
2007-07-17,2.968662977218628,2.984738468248263,2.938297273632278,2.9633042205413234,9547219
2007-07-18,2.9906911849975586,2.9930729833567007,2.9311514842819406,2.951990369794883,13910623
2007-07-19,3.03058123588562,3.0424890511117906,3.0073603729934777,3.011528419923193,9233048
2007-07-20,2.958540201187134,3.028201677329408,2.9257932935047135,3.0204617080641034,11605790
2007-07-23,3.040112257003784,3.0472570747468044,2.9662826684099084,2.9829541045609567,8626658
2007-07-24,2.8519656658172607,3.010342160694449,2.816241773273971,3.0073652021076183,15821713
2007-07-25,2.841841220855713,2.9013809168473483,2.7489588822377784,2.8674431168042034,21351252
2007-07-26,2.698350191116333,2.7364558505321623,2.5721255838023747,2.71383051787877,24583505
2007-07-27,2.6346428394317627,2.719784838059896,2.6286887323053567,2.7090677178830687,23445494
2007-07-30,2.7352657318115234,2.7644405316896976,2.6394063984281124,2.700732760237635,17176488
2007-07-31,2.7233572006225586,2.8102856473406086,2.7150218789311524,2.7882558595114393,21704522
2007-08-01,2.7187740802764893,2.730089779581651,2.6306299898551244,2.676488698797404,22144910
2007-08-02,2.7664172649383545,2.7926225556264384,2.726514196858562,2.7783290617693406,14292017
2007-08-03,2.6199076175689697,2.7759465755131187,2.61454772747091,2.742594827885065,20955452
2007-08-06,2.688396692276001,2.688396692276001,2.544864358256319,2.6353910062796064,17393252
2007-08-07,2.6085925102233887,2.670531845757019,2.5627338226145984,2.640157505016726,33723948
2007-08-08,2.645517110824585,2.7181764052191286,2.605614041335342,2.6562372802975416,23643737
2007-08-09,2.552011728286743,2.6139508270913154,2.505557355481856,2.538909088004703,20906749
2007-08-10,2.537719964981079,2.5686894380321217,2.4251571824330624,2.472207108649812,22930336
2007-08-13,2.4918599128723145,2.5889375237192698,2.4745882293387083,2.572857078100959,13112163
2007-08-14,2.4049055576324463,2.488285157251932,2.3489220787783727,2.48649820386417,30242005
2007-08-15,2.2578022480010986,2.4066941838185207,2.226832583532348,2.3673868249709447,41462285
2007-08-16,2.160722017288208,2.1738246517309596,1.992176475887678,2.073769109141268,60163666
2007-08-17,2.3310577869415283,2.3882323747714445,2.1666806764752673,2.283412134744929,53707392
2007-08-20,2.3643720149993896,2.3924836220905674,2.2925973243908544,2.376334267793481,20872451
2007-08-21,2.3811187744140625,2.402651175552352,2.3266896004043454,2.331474774075686,11679874
2007-08-22,2.4935688972473145,2.4935688972473145,2.4271775754452234,2.4469157844977825,19479262
2007-08-23,2.5001444816589355,2.5336395197781916,2.432556723424627,2.5240695647842863,14558171
2007-08-24,2.5814883708953857,2.585675469892139,2.4606680074839278,2.468443741042752,12535269
2007-08-27,2.5641443729400635,2.60780725677325,2.5390231357331565,2.580891407916493,14202842
2007-08-28,2.41581130027771,2.5575659127178376,2.4044467266128753,2.5575659127178376,17133958
2007-08-29,2.494762897491455,2.4971551920057116,2.4211941675976876,2.475024706982514,16596850
2007-08-30,2.469642162322998,2.5240715691233975,2.434951145742608,2.4511005065290106,14337291
2007-08-31,2.6036200523376465,2.634124145080366,2.5372286190382227,2.548593188098644,14963574
2007-09-04,2.6294662952423096,2.637243785585412,2.5923725801970248,2.600748504615794,16510418
2007-09-05,2.5151913166046143,2.581600604688471,2.49903752616233,2.560062478357967,17185405
2007-09-06,2.5475003719329834,2.5666455610884995,2.513398052673358,2.5630557402745655,9696758
2007-09-07,2.4751083850860596,2.487073934157484,2.4170741805054576,2.4607490999777113,11881547
2007-09-10,2.4511778354644775,2.4996392748583958,2.4033152217941773,2.4924598240994467,12208751
2007-09-11,2.4966461658477783,2.5110048617782637,2.4685268165196677,2.4942528215490603,11669585
2007-09-12,2.509211540222168,2.5379291437218345,2.485878279453119,2.502032090423588,10623493
2007-09-13,2.5582687854766846,2.5810033964748573,2.522969805820063,2.5343375027081176,15368292
2007-09-14,2.579209804534912,2.627670824889119,2.534936452268381,2.5457059158041058,12827489
2007-09-17,2.501434326171875,2.5738270821074347,2.487674052837923,2.5678443035201406,9436093
2007-09-18,2.70066499710083,2.726989273041016,2.521179020332925,2.543913666757356,23643737
2007-09-19,2.7305774688720703,2.8011751046784186,2.7006633855715547,2.762286659401478,17509865
2007-09-20,2.7090375423431396,2.806558403068764,2.685106250478929,2.757498560031449,14842845
2007-09-21,2.7551076412200928,2.7652786777133334,2.723398250020989,2.7395520649740623,10563128
2007-09-24,2.7718586921691895,2.791601932222465,2.752115256421282,2.7586964669021286,14187751
2007-09-25,2.802968740463257,2.802968740463257,2.7305760354312287,2.7335674226214572,10362827
2007-09-26,2.9076688289642334,2.944164302725668,2.83348140477439,2.8400626135264924,14194611
2007-09-27,3.0171563625335693,3.0219424666604615,2.953737987745418,2.9710880799802046,15517832
2007-09-28,3.02852201461792,3.044077578342377,2.9776676558661466,3.017154705555502,14398342
2007-10-01,3.1352245807647705,3.174721390210658,3.0281036007936004,3.0281036007936004,15246877
2007-10-02,3.170529842376709,3.1890813510742495,3.0831580187098875,3.1226547981057515,18471584
2007-10-03,3.0281026363372803,3.152578119691284,3.0113464906649265,3.119664024430485,16038477
2007-10-04,3.0622127056121826,3.102308076887615,2.9814233756843556,3.0550316145358996,16928169
2007-10-05,3.2740609645843506,3.2740609645843506,3.1412076158183084,3.163948069268098,24537545
2007-10-08,3.281240701675415,3.293808096750138,3.230373317153072,3.2764529827817084,23362493
2007-10-09,3.4087095260620117,3.411103484544721,3.292612522633661,3.3081718825579114,13965157
2007-10-10,3.323730707168579,3.4087089770619943,3.2782496139622777,3.3739999123139004,10173502
2007-10-11,3.216012477874756,3.357244095262579,3.145396375563681,3.350062610930818,16954236
2007-10-12,3.286630630493164,3.3189461576015575,3.189683266188346,3.189683266188346,13752165
2007-10-15,3.1896820068359375,3.2914164684804756,3.135822620508505,3.254313427024722,11670271
2007-10-16,3.0771734714508057,3.206436634073958,3.0604175270446663,3.1334269826869483,12685152
2007-10-17,3.165745258331299,3.180107647041262,3.07717579178159,3.1609575344348113,11274128
2007-10-18,3.2327678203582764,3.267477275380829,3.107095790617811,3.1226551474914443,8194159
2007-10-19,3.047252893447876,3.218406667164454,3.030496942681025,3.218406667164454,10499334
2007-10-22,3.086749315261841,3.101112087418456,2.877295565284277,2.9814239506530402,13130341
2007-10-23,3.1968605518341064,3.2267824726766094,3.1298352299128753,3.1334259700309874,12363778
2007-10-24,3.1465909481048584,3.2136160612391533,3.0424628326009566,3.177709841512929,10984652
2007-10-25,3.171727180480957,3.1956646074552486,3.069992577542216,3.1609551523850343,11495351
2007-10-26,3.3452765941619873,3.3488673375273303,3.1956664631626324,3.2315731138366997,11359187
2007-10-29,3.4051196575164795,3.44581304258677,3.3620315306454778,3.3668194482885547,10274338
2007-10-30,3.338094472885132,3.390757263437204,3.28543168233306,3.3404880403472403,6473766
2007-10-31,3.4170916080474854,3.4386356924836,3.326128913952681,3.3955479151013392,13159151
2007-11-01,3.262294054031372,3.348490466282296,3.246730875475435,3.3089837854919892,12398419
2007-11-02,3.297011613845825,3.340109518225638,3.1605338724149825,3.340109518225638,8620141
2007-11-05,3.2072231769561768,3.2263781684581394,3.1401813919739117,3.1760968297214403,11756016
2007-11-06,3.268280506134033,3.282646610439236,3.1904644015034553,3.2455342722138854,17217645
2007-11-07,3.0922956466674805,3.2108156840988142,3.0743381186365264,3.1832803639876763,13291199
2007-11-08,3.0851142406463623,3.1545504356479364,2.948636593780822,3.1306067243372375,20571313
2007-11-09,2.964195489883423,3.0791240022007784,2.922294692073937,2.9498295971623056,17818205
2007-11-12,2.809762716293335,3.0108875247588025,2.789410839610293,2.968986694313849,18884876
2007-11-13,3.1377885341644287,3.1820841181957764,2.9414525679809542,2.9857477604266283,22663154
2007-11-14,3.127012252807617,3.212011155400631,3.097082791504644,3.164124565535467,16807783
2007-11-15,3.0444107055664062,3.1928601317092142,3.0228617342697,3.0635655207572055,12605923
2007-11-16,3.183281183242798,3.2203935218142288,3.1006763764068452,3.1701125478628316,16220943
2007-11-19,3.00968861579895,3.1665183544079616,2.986942597323068,3.1653208863944773,15138495
2007-11-20,3.0360307693481445,3.158142724134378,2.925891162213938,2.9761721637752996,11313228
2007-11-21,2.818143844604492,2.945044045488456,2.7714541018752854,2.945044045488456,24927172
2007-11-23,2.807368040084839,2.8827895652792077,2.7774385712851766,2.8827895652792077,9786619
2007-11-26,2.69962215423584,2.825324997302001,2.6744815856226074,2.765466267517256,19313259
2007-11-27,2.8435394763946533,2.9047036142412943,2.6852319268795912,2.700822762471,25271182
2007-11-28,3.1781439781188965,3.2333117004281293,2.992252569345835,2.992252569345835,29171218
2007-11-29,3.1565568447113037,3.209326163242854,3.069007846127068,3.138567402373202,18372119
2007-11-30,3.3028697967529297,3.3100654128966296,3.2381076823343733,3.2512997106447092,20441666
2007-12-03,3.285717248916626,3.369688995597925,3.254527451523211,3.3001123438306514,14716628
2007-12-04,3.250927209854126,3.2953121822506954,3.165755203517545,3.1909468546204254,11219251
2007-12-05,3.3468966484069824,3.364890859860378,3.27132166658896,3.3157070481102577,10226321
2007-12-06,3.4044768810272217,3.420071676914983,3.3061092844016606,3.327702018341462,14090002
2007-12-07,3.426069974899292,3.4452636925871643,3.370888232737248,3.370888232737248,11915502
2007-12-10,3.426069974899292,3.47525377837917,3.394880379847088,3.4332678152228326,10769260
2007-12-11,3.2617249488830566,3.524438721123015,3.2101421159515873,3.452462264540576,17596639
2007-12-12,3.3648908138275146,3.519639696113469,3.262924467145903,3.45486108510118,18883504
2007-12-13,3.2089433670043945,3.276121613475258,3.1429654152417013,3.276121613475258,19759820
2007-12-14,3.1549577713012695,3.232932103805815,3.0793824558554785,3.162155018668003,18357714
2007-12-17,2.9810168743133545,3.1681550302517825,2.9486273781297605,3.1681550302517825,17506435
2007-12-18,3.0445964336395264,3.105776519259969,2.92463606616759,3.057792215318692,14872341
2007-12-19,3.1081764698028564,3.1549610791187925,3.063790880060926,3.0913817632594167,13953152
2007-12-20,3.13456654548645,3.1873492770643628,3.0697879347405395,3.159758401834854,11235028
2007-12-21,3.092578887939453,3.194545178543678,3.081782327914669,3.151359527016075,16965897
2007-12-24,3.1849513053894043,3.214941407398695,3.056593543227596,3.056593543227596,3734720
2007-12-26,3.2341363430023193,3.250930861331523,3.17415592039802,3.236535363715723,7191968
2007-12-27,3.1681551933288574,3.2137402744662382,3.1441630453618146,3.2053429245824754,9987606
2007-12-28,3.1237714290618896,3.2125420243751805,3.1045777019927736,3.2125420243751805,7984597
2007-12-31,3.102177143096924,3.184949760962065,3.081783718819483,3.109374591441197,7253705
2008-01-02,2.9914231300354004,3.1306148501610016,2.927826831877179,3.1174154999810333,17757840
2008-01-03,2.9482274055480957,2.991424785398758,2.9158291253553585,2.9662262974655556,13682540
2008-01-04,2.9386277198791504,2.9734254702666627,2.8270342845191068,2.8918304474709027,22959490
2008-01-07,2.9326274394989014,2.991423827092957,2.847432149149788,2.9482264610806173,15493480
2008-01-08,2.8894307613372803,3.0466218619848497,2.8798316913046396,3.0010248075011834,15099395
2008-01-09,2.9986233711242676,3.0094228603380038,2.8282333708289658,2.90262897988475,21098475
2008-01-10,3.081418514251709,3.1006170374746294,2.919427957311111,2.9830240712361036,21806731
2008-01-11,2.96262788772583,3.070621489656216,2.9434289553848223,3.0190246533555944,21294660
2008-01-14,3.017822504043579,3.041820956383747,2.9758251633873467,3.0238220680676826,9222073
2008-01-15,2.8618290424346924,2.9470240682450157,2.8090320642232443,2.9470240682450157,17823350
2008-01-16,2.7130393981933594,2.8390321561984657,2.6710420738498932,2.7922349077588677,23299384
2008-01-17,2.629045248031616,2.803034951040956,2.6038465701442775,2.779036499889017,23282235
2008-01-18,2.6482436656951904,2.7190393677735374,2.549849622447004,2.7190393677735374,18720931
2008-01-22,2.584648609161377,2.6506444133025795,2.4934537291422716,2.5354510768906535,39293959
2008-01-23,2.612248420715332,2.7322413584361738,2.4106602146965157,2.4562572876880044,40737909
2008-01-24,2.781435012817383,2.822232696440348,2.656642294449622,2.6662419456633932,32515283
2008-01-25,2.6950418949127197,2.8798311192323673,2.661443979009733,2.8570324983975235,16792006
2008-01-28,2.725041151046753,2.7670389084023457,2.6794438886940752,2.711842181081974,23168365
2008-01-29,2.7730367183685303,2.797035167635639,2.687841428683197,2.797035167635639,22830529
2008-01-30,2.735840320587158,2.8342344252117555,2.6506449871607303,2.7214411258878037,28329200
2008-01-31,2.7934350967407227,2.816233906661883,2.617045553955412,2.689041289709492,28243455
2008-02-01,2.6754469871520996,2.7606675105507708,2.6226342822503,2.665844641478544,37738883
2008-02-04,2.6142306327819824,2.715055212118108,2.5926255620840437,2.701851895244191,14849019
2008-02-05,2.5002057552337646,2.604630823129207,2.466597725763375,2.5566194646302787,27811299
2008-02-06,2.4593942165374756,2.5374131647525195,2.404180933873206,2.4761985151345054,35654588
2008-02-07,2.5146071910858154,2.5482155878590964,2.41498298069938,2.4773982101447403,26911660
2008-02-08,2.497804880142212,2.530212513952937,2.4617958746560884,2.496604488351355,20566512
2008-02-11,2.5578184127807617,2.5926266182296067,2.467796332121753,2.467796332121753,21103620
2008-02-12,2.6994528770446777,2.7906749655094685,2.6442395851986564,2.6778475990734156,38116162
2008-02-13,2.8938987255096436,2.903501068394292,2.7786710034992637,2.801476469698953,35976304
2008-02-14,2.7786734104156494,2.8915008407398846,2.7474657690081523,2.8806982937887247,22328062
2008-02-15,2.782273769378662,2.803879056286797,2.6826496853120787,2.728261042865426,16540944
2008-02-19,2.8290836811065674,2.9335092793069926,2.81347996890578,2.9155045882927006,23988433
2008-02-20,2.9155027866363525,2.91910376187451,2.7894725793532213,2.811077841874309,19759477
2008-02-21,2.922708034515381,3.0571407434846867,2.889100004500195,2.9551160651877746,26847179
2008-02-22,3.0031254291534424,3.0103271866801964,2.860290865993553,2.9743183990464264,24913453
2008-02-25,3.0782461166381836,3.0831398016324947,2.954675818312891,3.0231900094478226,30359648
2008-02-26,3.187134027481079,3.1956986250948174,3.0574464944955317,3.0672342630368403,20681410
2008-02-27,3.3033666610717773,3.333953163383416,3.1700085025214704,3.1797962793061054,36681473
2008-02-28,3.234851837158203,3.2923549224089728,3.2287345770669424,3.244639613379062,19063912
2008-02-29,3.100268602371216,3.1993692752551026,3.0770225481364553,3.194475590256312,21720300
2008-03-03,3.1700074672698975,3.198147216289146,3.0317552653837003,3.091705078471013,19237117
2008-03-04,3.102332353591919,3.1892224569869074,2.9983094104007533,3.1794318339298213,23511689
2008-03-05,3.2369489669799805,3.250410691329981,2.9823985054436553,3.1610734294662417,18809763
2008-03-06,3.1011087894439697,3.246741027111804,3.0913183667287214,3.2210410674104497,13340588
2008-03-07,3.0301270484924316,3.110898004538726,2.9995322896053533,3.016665122410927,15056522
2008-03-10,2.9444620609283447,3.02278503796017,2.924881216596566,3.0154426216310415,14213818
2008-03-11,3.1231367588043213,3.1231367588043213,2.961595209216085,2.961595209216085,17887487
2008-03-12,3.036245822906494,3.1757590859830365,3.0240079999642284,3.126807193771268,16092325
2008-03-13,3.0692873001098633,3.0790777144821577,2.9138649723184025,2.932221699045227,19360933
2008-03-14,2.9701616764068604,3.10845088249001,2.901629124831995,3.10845088249001,21747738
2008-03-17,2.8636913299560547,2.9175384489303964,2.7768014378103203,2.844110486638973,28820349
2008-03-18,2.9885191917419434,2.9970861125946873,2.867363400474197,2.867363400474197,28282898
2008-03-19,2.8159635066986084,3.012995268953819,2.7914876493774043,3.0056524517131593,26950074
2008-03-20,2.823305130004883,2.8404385655644924,2.692358959872608,2.7719060242116838,19983787
2008-03-24,2.7645633220672607,2.8759292647874255,2.7511013926447245,2.835543876815071,23848840
2008-03-25,2.8844945430755615,2.918761005424699,2.7988285873502727,2.828200040939946,27147631
2008-03-26,2.866140127182007,2.915092255830207,2.78536891476476,2.906525333095196,15114829
2008-03-27,2.7853658199310303,2.9028505980010757,2.774351903444378,2.899179692800514,16698372
2008-03-28,2.749877452850342,2.7914867369469256,2.700925353913185,2.7853672242107916,13300802
2008-03-31,2.7853658199310303,2.842884607257115,2.705819399779136,2.7217287238390138,16671277
2008-04-01,2.902520179748535,2.9147619650170777,2.8278451895058754,2.8498804029892524,28198867
2008-04-02,2.9282281398773193,3.0188169600728,2.8963996950059423,2.9233312250404317,19108499
2008-04-03,2.9539380073547363,2.985766073525298,2.8902806737580797,2.8915047531456954,15813481
2008-04-04,2.9539380073547363,2.9759730380058618,2.907418986440232,2.9539380073547363,20379244
2008-04-07,3.012697219848633,3.0592158248618504,2.9918864757208135,3.009024582489638,19422327
2008-04-08,3.053093433380127,3.0751284451774006,2.971073577683227,2.980867005241608,16322122
2008-04-09,3.0041303634643555,3.0677877245494902,2.947817882295087,3.0530973640897328,16487782
2008-04-10,2.9943349361419678,3.0212666785187845,2.946592047116799,3.007801007539585,14077311
2008-04-11,2.923330068588257,2.9600556139772305,2.9037432178256255,2.957607057422862,16123193
2008-04-14,2.904968738555908,2.927003955088315,2.876812928855965,2.923331318895018,13280567
2008-04-15,2.9221067428588867,2.9453658322207383,2.903743766485691,2.9233306209492427,11438416
2008-04-16,3.092268466949463,3.121648762197899,2.978420123175527,2.9833166388410963,22645662
2008-04-17,3.222029447555542,3.244064658120333,3.1143021518791483,3.12776801378643,20573371
2008-04-18,3.2501866817474365,3.2930326404384718,3.220806389858461,3.234272457078815,17205984
2008-04-21,3.2722222805023193,3.3016025758017467,3.224479400745335,3.3016025758017467,9362009
2008-04-22,3.2612037658691406,3.264875800902733,3.2122364249089346,3.246513223225615,22054363
2008-04-23,3.2134625911712646,3.252636126574213,3.173064576216615,3.2514120474409403,14514612
2008-04-24,3.1828579902648926,3.2330492386002745,3.126545945882899,3.2220317256326885,13919540
2008-04-25,3.2146856784820557,3.245290250091279,3.1669428030393822,3.219582594131951,13420503
2008-04-28,3.2526352405548096,3.296705480904524,3.2367208146928585,3.2489626037369903,13174585
2008-04-29,3.1546995639801025,3.2379436881990324,3.1240954068602624,3.2257019052256606,11586584
2008-04-30,3.4338135719299316,3.543989080847431,3.1706155885397607,3.1791847413997862,36928762
2008-05-01,3.63090443611145,3.6431460209513133,3.4142253412676444,3.4889001299617357,29200715
2008-05-02,3.6684999465942383,3.961147339440159,3.569318457305763,3.8558432047093696,40712185
2008-05-05,3.6672732830047607,3.6770690289671637,3.6207432894268674,3.6256415629210283,15733224
2008-05-06,3.5325796604156494,3.6427815299908723,3.497070204709206,3.618292181139412,31583747
2008-05-07,3.3733983039855957,3.542374571275062,3.3329911882177994,3.52768136591412,26940127
2008-05-08,3.41748046875,3.477479683435977,3.358706422600159,3.385644510397471,20967113
2008-05-09,3.3905420303344727,3.4174801153460996,3.334216925286857,3.3758488207010178,12605580
2008-05-12,3.465238094329834,3.4860539638097325,3.3587096090728075,3.419932848840307,13663333
2008-05-13,3.4236037731170654,3.4836025989582575,3.3844208010554153,3.4762555914402786,13385862
2008-05-14,3.3868682384490967,3.4162554562319323,3.3709502622782317,3.3856438711696497,15895454
2008-05-15,3.4774816036224365,3.4774816036224365,3.374626265168498,3.402789136540084,19984130
2008-05-16,3.508090019226074,3.53257896272825,3.4640091999994453,3.531354996168283,17092800
2008-05-19,3.538703441619873,3.596253536661065,3.5080922428391674,3.5203367223514497,23670832
2008-05-20,3.516662836074829,3.537479089803834,3.45911274728862,3.5191115715059897,13879411
2008-05-21,3.392993688583374,3.5019712780730683,3.374626562115016,3.4848285198991293,19178125
2008-05-22,3.3807473182678223,3.440746144481198,3.332993170899668,3.367278071409868,9156906
2008-05-23,3.392993688583374,3.4150339199349897,3.351361561955964,3.4138095516405706,16191103
2008-05-27,3.445643901824951,3.454214875351651,3.359931362968482,3.372175839728214,15907801
2008-05-28,3.615845203399658,3.6293144519406564,3.4554401908685444,3.501970176550942,18143008
2008-05-29,3.626865863800049,3.75543492704482,3.561969148130482,3.6146209813175716,27981074
2008-05-30,3.760331153869629,3.770126896405739,3.6476805152171874,3.65502712186286,18903397
2008-06-02,3.6203439235687256,3.72567158225987,3.5933992847649496,3.72567158225987,16571469
2008-06-03,3.519913673400879,3.6534109890056916,3.511340745319187,3.620343122253203,17012200
2008-06-04,3.494196653366089,3.5591081883503364,3.47337604036057,3.5015453406647485,14386337
2008-06-05,3.626469135284424,3.626469135284424,3.5150173916868472,3.530939012114447,11565319
2008-06-06,3.494196653366089,3.624020123938994,3.4856237189901993,3.624020123938994,14553712
2008-06-09,3.4488775730133057,3.5431825484297463,3.408461040519415,3.5431825484297463,21262763
2008-06-10,3.300685167312622,3.39100978049847,3.2501639793088426,3.3848861458086033,30333238
2008-06-11,3.2501657009124756,3.319057829477821,3.219547310942605,3.293031967655936,22754456
2008-06-12,3.337430238723755,3.368048640575586,3.265476663873244,3.265476663873244,23108687
2008-06-13,3.3695790767669678,3.4001976727948504,3.3221204732561773,3.3726408963093144,17046978
2008-06-16,3.3802952766418457,3.41397568853719,3.3420221359340956,3.351207793861092,12235092
2008-06-17,3.530322313308716,3.591559828036863,3.453775720351461,3.485925385538445,22923477
2008-06-18,3.426222324371338,3.502768983120316,3.3910108132742978,3.502768983120316,25197029
2008-06-19,3.421630382537842,3.4246922016975025,3.3757026945385693,3.4124445244544956,13839420
2008-06-20,3.271596908569336,3.3971330070457935,3.2593496406610294,3.3971330070457935,27281805
2008-06-23,3.2639424800872803,3.315994174917442,3.224138454948748,3.3052776141638103,13440739
2008-06-24,3.214952230453491,3.248632615051943,3.172085995070701,3.247101506386538,23641816
2008-06-25,3.2761898040771484,3.340488969374406,3.1950508438044194,3.207298113097171,30757711
2008-06-26,3.1123809814453125,3.2287314570625187,3.095540583360498,3.2287314570625187,34481936
2008-06-27,3.113913059234619,3.141470031771827,3.0695160818119964,3.0863562869995875,16726771
2008-06-30,3.109318733215332,3.1537158881310687,3.0741074313949373,3.1399373087901292,16590676
2008-07-01,3.061384916305542,3.124175037070639,3.003189707766559,3.0108468929541115,35010127
2008-07-02,3.0338170528411865,3.133362004305246,3.0215653634245165,3.1027324802069574,39848902
2008-07-03,3.0185046195983887,3.0904829699795835,3.0077843587532507,3.0460706897596883,20922937
2008-07-07,2.9756202697753906,3.0506620123066566,2.906704870392561,3.0139067586099584,26837301
2008-07-08,3.001657247543335,3.015440577845031,2.879140915528319,2.9388675447325445,26855685
2008-07-09,2.9633724689483643,3.1134555394396175,2.879142409414426,3.030756716946758,24035010
2008-07-10,3.035348892211914,3.0445375096102354,2.9158948623228476,2.9266153166964,29070794
2008-07-11,2.983281373977661,3.0506658227605987,2.952652425172112,2.9740927494473697,21673654
2008-07-14,2.9848110675811768,3.0613834847640593,2.9740906125892344,3.0613834847640593,16475160
2008-07-15,2.918957471847534,2.993999243104974,2.8592308630253873,2.917426236123504,35568225
2008-07-16,3.182368755340576,3.1915573732627087,2.940398610786819,2.9557131743614735,54612999
2008-07-17,3.26200532913208,3.2880401527707575,3.1823694215750837,3.232907431840332,43919949
2008-07-18,3.3293888568878174,3.3477662931623047,3.2482213290501543,3.278850656669101,39004620
2008-07-21,3.30488657951355,3.3492988462110227,3.271194169654853,3.3263268943045703,24550030
2008-07-22,3.349299192428589,3.3523620662337508,3.208404793308203,3.2329079841206743,33416774
2008-07-23,3.3355159759521484,3.373802300594983,3.2865091918748157,3.2956978136109276,27434637
2008-07-24,3.2084031105041504,3.3278567292215766,3.1961516217093964,3.3186679122544396,24221042
2008-07-25,3.1333634853363037,3.2084046926942196,3.099671073051395,3.1593979118637523,32914650
2008-07-28,3.087418794631958,3.199215467236731,3.0751673021098123,3.183900901212916,15170735
2008-07-29,3.1884963512420654,3.1915592256604843,3.0828259815793024,3.104266302879454,19313671
2008-07-30,3.295698881149292,3.295698881149292,3.2359720190331833,3.2589439815568784,20782727
2008-07-31,3.26200532913208,3.307949229845578,3.2221875757247243,3.2436278890693666,19524673
2008-08-01,3.2188007831573486,3.284678282397629,3.206544690690658,3.2770182246059476,13620186
2008-08-04,3.1176888942718506,3.2126748768355338,3.082452003620293,3.2126748768355338,23500782
2008-08-05,3.23258900642395,3.2371848402521666,3.136070883533711,3.1621154786489254,20543463
2008-08-06,3.3030648231506348,3.306128847937705,3.1789700152560285,3.2387190999433195,17773549
2008-08-07,3.1988871097564697,3.2571043994835795,3.1759069171481866,3.240251857344442,15376249
2008-08-08,3.1483283042907715,3.189693231566907,3.1299439589835214,3.1529245409524074,14483126
2008-08-11,3.0564067363739014,3.143732837846854,3.021169853245086,3.1345407643365624,18708652
2008-08-12,2.9874649047851562,3.102367408832525,2.9767404198478857,3.0579384593092085,23422583
2008-08-13,2.9644851684570312,3.030362906178769,2.9369085435926423,2.962953156014174,20084692
2008-08-14,2.999722719192505,3.0502799461487546,2.962954009084812,2.969082261067119,17860254
2008-08-15,2.923119306564331,3.018105250655864,2.903203151106759,2.9997209067101505,12560238
2008-08-18,2.877091884613037,2.992545020990507,2.8647768538597473,2.9848480512420776,10779206
2008-08-19,2.89556622505188,2.909420618540507,2.8062822440100983,2.8216763949887027,14766840
2008-08-20,2.9971656799316406,3.0017837446290985,2.91557866183361,2.940208541627209,13129038
2008-08-21,2.9925451278686523,3.027950867724743,2.9278912644565316,3.009478421638567,16701802
2008-08-22,2.9786930084228516,3.0402680098128374,2.950984217515927,3.037189300024769,10525126
2008-08-25,2.8940255641937256,2.987927157532105,2.8786318240484623,2.9863880050653036,9810079
2008-08-26,2.8693954944610596,2.892485802528688,2.81859621249121,2.8678559391828617,11367487
2008-08-27,2.9232723712921143,2.9309689357806326,2.8478426556681824,2.8740122639335075,12398077
2008-08-28,2.977151870727539,3.0064002004209414,2.958679623060826,3.00486064504168,12820903
2008-08-29,2.9248132705688477,2.987927594248533,2.906340819975997,2.9802310251615025,9023144
2008-09-02,2.8704535961151123,2.94283091469781,2.855053978008648,2.890472575802157,15328506
2008-09-03,2.8704535961151123,2.9274314980726377,2.841194684379156,2.8581338210374243,24756642
2008-09-04,2.7164602279663086,2.8612147169161655,2.7056805719176773,2.841195729862673,26505570
2008-09-05,2.73801851272583,2.751878210237464,2.5994239553851517,2.661021424491395,31265597
2008-09-08,2.7749764919281006,2.893551624888695,2.7164584830312593,2.893551624888695,23669255
2008-09-09,2.590182304382324,2.759575571463857,2.573242977674171,2.6995178670071516,31156941
2008-09-10,2.6025047302246094,2.662562500694196,2.5301269779685156,2.650242921870444,25147366
2008-09-11,2.5871036052703857,2.5932636938117106,2.4669883261153864,2.4931673927877225,33926307
2008-09-12,2.6810407638549805,2.7025998676093423,2.5670849542755327,2.608663441674626,27353968
2008-09-15,2.440812349319458,2.5809474000169477,2.411553803366071,2.5116500378853663,44250857
2008-09-16,2.487006902694702,2.4947065078012187,2.2729548585151336,2.2729548585151336,40765347
2008-09-17,2.269874095916748,2.4161685484225823,2.219056118379475,2.403849185248319,50506556
2008-09-18,2.402311325073242,2.483928600156149,2.15592078673691,2.343793887032976,55058051
2008-09-19,2.781135082244873,2.981327566171633,2.5347443792922046,2.6764186758609347,51548944
2008-09-22,2.637920379638672,2.730316807740577,2.616360689230608,2.7256968452986867,24501189
2008-09-23,2.520885467529297,2.838113819326933,2.482386839089329,2.641001317209976,17429196
2008-09-24,2.505486249923706,2.7641966178185213,2.4716077847096325,2.6779598285202497,13892650
2008-09-25,2.613281011581421,2.774975274547525,2.508565012905192,2.582482401774334,16157971
2008-09-26,2.5640041828155518,2.6933591614723467,2.4885466418095534,2.519345868402794,14117646
2008-09-29,2.296053886413574,2.590182780908422,2.1451392343075475,2.4238691226987195,20335480
2008-09-30,2.694899559020996,2.8288747174136324,2.3237733135796117,2.3237733135796117,29538620
2008-10-01,2.5742740631103516,2.7005995501523232,2.4232989680425963,2.5111112188084217,30771430
2008-10-02,2.2831075191497803,2.7036799728006735,2.187592812545965,2.4818396174921724,20733337
2008-10-03,2.082834243774414,2.3755399903024492,2.056644520212692,2.310836453504752,21290613
2008-10-06,1.8779410123825073,2.0412403885946198,1.5790727382289047,2.0412403885946198,38961816
2008-10-07,1.6822916269302368,1.947267474264971,1.6715075550732734,1.8686990028533417,25305137
2008-10-08,1.6329926252365112,1.8948877611305996,1.0321744612273864,1.4881798653620717,39881005
2008-10-09,1.6314506530761719,1.8794807623363685,1.586774388413357,1.788587696486716,28472086
2008-10-10,1.5482617616653442,1.8563733750298086,1.3372051135151914,1.4019082892834829,39488635
2008-10-13,2.1259706020355225,2.1259706020355225,1.7269664207632436,1.7778047539949668,39352815
2008-10-14,2.1490795612335205,2.329325062124919,2.0520244930846463,2.290811021416425,47927065
2008-10-15,1.6838312149047852,2.0397000865012083,1.632992761484883,2.0196732964452275,33862649
2008-10-16,1.7747234106063843,1.8486697910627814,1.5513424220901308,1.827102273129592,53804387
2008-10-17,1.705398678779602,1.8455894122038177,1.5944784616320313,1.7331289598236286,31759764
2008-10-20,1.8024554252624512,1.8116988598069064,1.7223463982713956,1.7439141434590433,35641760
2008-10-21,1.6391546726226807,1.7562370412589978,1.6376143365934992,1.6853717073836234,18422469
2008-10-22,1.3772592544555664,1.5590451569871557,1.2786635670786086,1.539017770989648,32944832
2008-10-23,1.340286135673523,1.4419629030299348,1.2647984004524644,1.3033124358972528,39985820
2008-10-24,1.1523382663726807,1.2293662560741392,1.1122834819473533,1.153878602432998,42202575
2008-10-27,1.1985548734664917,1.2740425318504096,1.1585005904293704,1.2000956127474167,34201515
2008-10-28,1.3695560693740845,1.3726372430931102,1.2909873992998733,1.3187177612093544,38189149
2008-10-29,1.5698288679122925,1.6622623860202426,1.3541504910255795,1.3942052540538152,52625355
2008-10-30,1.7716436386108398,1.7870496280760757,1.646858610965283,1.6622641973064896,43412063
2008-10-31,1.7038582563400269,1.791669901496777,1.6252894330434324,1.6422357486377404,53355493
2008-11-03,1.9406142234802246,1.9560281439722396,1.8342579502471603,1.937531479716033,41786333
2008-11-04,2.154869556427002,2.1656589660232624,2.050054778130294,2.071634202336436,44671215
2008-11-05,1.7772278785705566,2.03464062777214,1.7726035573641679,1.9883990290780575,33449152
2008-11-06,1.661624550819397,1.815764315412985,1.6261724342052237,1.7957260441717653,37400567
2008-11-07,1.8465906381607056,1.8465906381607056,1.7510242827991795,1.7787696074260253,29522980
2008-11-10,1.8712527751922607,1.9498635937838116,1.8111380266482102,1.9313669187227893,28939912
2008-11-11,1.7664389610290527,1.8388847472032015,1.7186555615664725,1.7664389610290527,27461801
2008-11-12,1.623090386390686,1.718656853829915,1.5830142299401604,1.6631669461841714,34431175
2008-11-13,1.9359909296035767,1.966818988555583,1.5645150678653659,1.710947490784954,37432670
2008-11-14,1.6878268718719482,1.8465903116298894,1.678578532800663,1.7864761580843371,37164047
2008-11-17,1.6647063493728638,1.7787698019649902,1.6539168358455887,1.7171138543920481,27763076
2008-11-18,1.632336139678955,1.7155713728369162,1.5491012090277319,1.6816608716771235,28582389
2008-11-19,1.4026691913604736,1.6261714822150033,1.4011280194803706,1.5938025368004332,26972848
2008-11-20,1.259320616722107,1.428874273043294,1.259320616722107,1.3533459966406256,32708861
2008-11-21,1.421166181564331,1.421166181564331,1.2577782770995118,1.4057518420934432,39969083
2008-11-24,1.6102895736694336,1.6620825185772699,1.46118868721856,1.4643276100183151,35184361
2008-11-25,1.710735559463501,1.7279999340154057,1.5757603056206069,1.6824850634275053,34259684
2008-11-26,1.90692138671875,1.9116299745268075,1.6620819051428275,1.6840549726701357,34193283
2008-11-28,1.817461371421814,1.925755211353158,1.792349173063001,1.8410032873349247,12675480
2008-12-01,1.640817642211914,1.736597643682706,1.6266863939105451,1.7146154964457079,23663218
2008-12-02,1.7774220705032349,1.7821326931244934,1.6737914543592833,1.7271770042108312,25773512
2008-12-03,1.7177550792694092,1.7774209420538216,1.632966391136406,1.727175907660997,28125264
2008-12-04,1.6910628080368042,1.766430591332225,1.6439578279200593,1.7114746100003082,26517094
2008-12-05,1.7852721214294434,1.7868420543093275,1.5952825092630183,1.62982637392574,35042230
2008-12-08,1.8983241319656372,1.9234465585591707,1.8276670632173986,1.8417983126191388,39517720
2008-12-09,1.8716304302215576,1.928156426888593,1.8386569150462218,1.8574991878482767,33295496
2008-12-10,1.9501399993896484,1.9972449970225812,1.8653512501722898,1.9265872951382486,23945560
2008-12-11,1.9046045541763306,2.0490595755288976,1.873201574487331,1.953279676009712,27614908
2008-12-12,1.9736912250518799,1.9972437086755217,1.8574993559868749,1.8857622541613248,25249162
2008-12-15,1.8951833248138428,1.9736914766090512,1.8308068293418127,1.9611301641044248,24346436
2008-12-16,2.1118669509887695,2.1385597352764023,1.8983250875576851,1.9218775926197111,29166828
2008-12-17,2.025506019592285,2.047488155453728,1.9689800284641525,1.9736908529965371,22190869
2008-12-18,1.934438943862915,2.0584818240428087,1.906176224975145,2.0380695979013748,19894269
2008-12-19,1.8936128616333008,1.9972438373403145,1.8873323084942895,1.989392735046922,22899880
2008-12-22,1.8103950023651123,1.901464280490409,1.783702233326867,1.8936133814765665,13750245
2008-12-23,1.739736795425415,1.866919796760649,1.7240352131483816,1.84964787136465,16396686
2008-12-24,1.702053427696228,1.753868816103577,1.6533785214914662,1.7303165349105496,6787456
2008-12-26,1.7208963632583618,1.7522993483898806,1.6706509912867051,1.7397382365112353,9056893
2008-12-29,1.702053427696228,1.7208957046072697,1.6769310081193207,1.6973432179794152,13379002
2008-12-30,1.7994039058685303,1.8182461875998508,1.7475885042056372,1.7742812744298622,9835048
2008-12-31,1.8213844299316406,1.8449364853976107,1.7774197713232291,1.8198140874659257,7434181
2009-01-02,1.987882375717163,2.0193862422576707,1.814612449343441,1.8272139547412112,12667797
2009-01-05,2.027261734008789,2.055615271242931,1.9437771088392104,1.9500777574964874,16288853
2009-01-06,2.186357259750366,2.1989587728057196,2.0461658649556793,2.0745190117148615,28073130
2009-01-07,1.9926091432571411,2.0997216877439167,1.9642559984422887,2.091846077524365,18596978
2009-01-08,1.975281000137329,2.000484424773599,1.9154244123175237,1.9815818562963967,18275673
2009-01-09,1.9626810550689697,1.998910436243444,1.8965231532292999,1.991034206037605,18016654
2009-01-12,1.861868977546692,1.9422033447395521,1.8319404595209967,1.9422033447395521,16438118
2009-01-13,1.8020110130310059,1.8823457602046874,1.7626315299994368,1.8240641170742766,25183584
2009-01-14,1.6129897832870483,1.7201027628459757,1.5688847903320353,1.7169519204172927,47431526
2009-01-15,1.6397682428359985,1.6759975267235332,1.4932760464773995,1.6570954574217123,41735846
2009-01-16,1.6240166425704956,1.737429995666598,1.5704601394365918,1.737429995666598,33534211
2009-01-20,1.4538955688476562,1.631891670212037,1.4538955688476562,1.628741344156016,40027252
2009-01-21,1.6208667755126953,1.624017207638482,1.4854005641669525,1.5200549053657222,40734616
2009-01-22,1.5342307090759277,1.5767602244995254,1.4775237954445133,1.5295049096733222,39500159
2009-01-23,1.5799109935760498,1.595662730108287,1.4255427183971745,1.4255427183971745,23316945
2009-01-26,1.5578556060791016,1.6287390803721313,1.5421037916001923,1.5909344989215946,20660626
2009-01-27,1.5342307090759277,1.5988131306758329,1.516903499256078,1.5767602244995254,21526858
2009-01-28,1.7043485641479492,1.7122246822955507,1.619288590293116,1.6224389138969058,28672387
2009-01-29,1.6051124334335327,1.6586684564782794,1.5940859903335651,1.6507927495516177,18876850
2009-01-30,1.5814861059188843,1.6460686339142236,1.5562832837773632,1.619290339131166,21627009
2009-02-02,1.552329182624817,1.5838488431566957,1.511354149730143,1.5160818874602433,21530151
2009-02-03,1.5759696960449219,1.5870016402129923,1.525538540404968,1.5491781703855625,15153174
2009-02-04,1.5996092557907104,1.65949588964256,1.5759696268480725,1.5964573602503374,29150091
2009-02-05,1.6862865686416626,1.703622397811577,1.5617850045636996,1.6027604508236308,24215829
2009-02-06,1.8360049724578857,1.8580684529418443,1.7083513154597196,1.7099275729156753,36686618
2009-02-09,1.8060603141784668,1.8328518270901764,1.7871487429092492,1.8155164091053215,23947206
2009-02-10,1.700471043586731,1.8564919060789755,1.6705275259750307,1.839156071406609,29659349
2009-02-11,1.7225358486175537,1.774542774329632,1.6736807172095882,1.738295541820763,23679956
2009-02-12,1.7430229187011719,1.7430229187011719,1.6421607975674306,1.6610723808440817,21547986
2009-02-13,1.7524782419204712,1.7729659752113522,1.7083508798154712,1.727262871539652,21279089
2009-02-17,1.607488751411438,1.6862872671235691,1.6027611147079293,1.6815596304200602,34325262
2009-02-18,1.5728176832199097,1.6374323646016902,1.5602099983464282,1.634280469157684,22463608
2009-02-19,1.5712405443191528,1.6327036010191573,1.5460250872818722,1.6122159841840837,23134479
2009-02-20,1.5050504207611084,1.542873458151085,1.4656511270748303,1.506626161570362,37891716
2009-02-23,1.3931576013565063,1.5302670647619325,1.3884295501769277,1.4798357903822144,20083320
2009-02-24,1.541298747062683,1.550754538501816,1.3490305066787467,1.3805496740125518,19279921
2009-02-25,1.4829879999160767,1.5255392293815255,1.4246770787443528,1.4561967714494353,38422376
2009-02-26,1.506627082824707,1.5617859833770293,1.5034751868892777,1.5381467638613093,23383895
2009-02-27,1.4467406272888184,1.4955957422453254,1.4435887309485536,1.4561964194070989,26992603
2009-03-02,1.3513418436050415,1.4317598974858026,1.3418809021575184,1.414415027280331,25087550
2009-03-03,1.360803484916687,1.3970706720331931,1.308768224672197,1.370264431947168,22261112
2009-03-04,1.461719274520874,1.486948375005688,1.3828777423726473,1.3828777423726473,26768980
2009-03-05,1.4459517002105713,1.4585662564800579,1.390762745753246,1.408108031402112,27288939
2009-03-06,1.4901032447814941,1.5216396898560707,1.438067486328826,1.4664507304566643,27790240
2009-03-09,1.4522597789764404,1.5042951469938854,1.4380680992866743,1.4475294597718176,20998119
2009-03-10,1.5787490606307983,1.5930869570494792,1.4959084371481908,1.4959084371481908,24152995
2009-03-11,1.5771573781967163,1.6137984184064185,1.5325506950908896,1.5867158787070177,20680656
2009-03-12,1.6504387855529785,1.6695557787775066,1.569191095370957,1.589901362429216,23652517
2009-03-13,1.6488451957702637,1.6823000838285433,1.6137974510526085,1.6743345499245013,19571044
2009-03-16,1.6711488962173462,1.7523965990631198,1.6631837764146056,1.7173484252977214,24888346
2009-03-17,1.736464262008667,1.7412437684115405,1.6552170302834943,1.671147780337999,17351819
2009-03-18,1.8113386631011963,1.8240833812456239,1.6775192268018797,1.7316843310242838,28764306
2009-03-19,1.7396514415740967,1.8527603120403704,1.7237201655861398,1.8495741819034937,34408126
2009-03-20,1.7173479795455933,1.7571753399158692,1.7077895881417455,1.7396516223421483,16843933
2009-03-23,1.9212628602981567,1.930821667162783,1.7619544844609258,1.7667334710242084,42915975
2009-03-24,1.8161200284957886,1.859133430502471,1.8017826446961351,1.847982178310434,30522563
2009-03-25,1.8447952270507812,1.898959857183876,1.7826644376995695,1.841608888424251,34810923
2009-03-26,1.9053311347961426,1.914889728876345,1.8479804040526109,1.8702835123271888,30521192
2009-03-27,1.836829662322998,1.8878085840628036,1.8336435318228972,1.8543537969426487,26225698
2009-03-30,1.7508043050765991,1.7954110019148153,1.7269078901182287,1.7938177269408362,41124792
2009-03-31,1.7332794666290283,1.8033755086426577,1.7332794666290283,1.7970030369695627,30931122
2009-04-01,1.8281117677688599,1.8344869598422944,1.7452330196316777,1.7516082117051122,25195657
2009-04-02,1.9667736291885376,1.9890870049506237,1.9157712699659828,1.9157712699659828,28329131
2009-04-03,2.0384960174560547,2.046465425392024,1.9476484788278925,1.971555451453142,47563505
2009-04-06,2.0145888328552246,2.0257458382770106,1.9524298635800166,2.0034324530248306,32071740
2009-04-07,2.0177764892578125,2.04965329106856,1.9635869271257984,1.9922755065762487,36638052
2009-04-08,2.056027412414551,2.07037200745496,2.0066190626712137,2.056027412414551,36166658
2009-04-09,2.1723763942718506,2.1723763942718506,2.0942790596626004,2.1006542501464396,60802845
2009-04-13,2.1325318813323975,2.1484698638546518,2.0990614924443047,2.119781286784141,21834992
2009-04-14,2.001838207244873,2.127749929105441,1.9874940239214112,2.0974673472505874,45435377
2009-04-15,2.0193705558776855,2.0305275619595986,1.9428671885101458,1.9635869851814538,26951720
2009-04-16,2.0974667072296143,2.121374089201164,2.038495359661475,2.062402741633025,45410956
2009-04-17,2.0384960174560547,2.1054365834589674,2.0305272351114145,2.0926861980588343,35903249
2009-04-20,1.9046156406402588,1.9843068147214358,1.8966464398199492,1.9699622115387825,24620547
2009-04-21,1.9747425317764282,1.9763361206680137,1.8631748354682458,1.8838946190140213,24759660
2009-04-22,1.923741102218628,1.965180272111634,1.914178313103524,1.9524296780943844,28394709
2009-04-23,1.9970574378967285,2.005026431126336,1.93808626240612,1.9556178389807517,31385229
2009-04-24,2.063997745513916,2.09109294990947,2.033715569203565,2.054434952994858,45192272
2009-04-27,1.9779319763183594,2.0576225391282654,1.969962565535489,2.019370952202421,34419102
2009-04-28,2.028932571411133,2.076747335300359,1.9380850622005787,1.9540230387898203,36088184
2009-04-29,2.1946897506713867,2.226566119877913,2.0735596728048082,2.0735596728048082,48750493
2009-04-30,2.1883161067962646,2.2552562792023205,2.18194091186155,2.218598699797193,46302158
2009-05-01,2.2409117221832275,2.2823508995071196,2.1978785378572026,2.231348931353321,21727434
2009-05-04,2.4154956340789795,2.4234678739195914,2.2879448031382346,2.2927278967171496,31938663
2009-05-05,2.4330358505249023,2.4457909847210226,2.3724489109421567,2.4298471191270465,38197655
2009-05-06,2.450575590133667,2.5143508777293575,2.43941460711233,2.4665194641837918,52165212
2009-05-07,2.286350965499878,2.447384546318373,2.2608409162681693,2.4378177302693795,65800490
2009-05-08,2.3230206966400146,2.375635339516696,2.235329625178879,2.3724466112098357,52014026
2009-05-11,2.278381109237671,2.3198350494941855,2.2560593556288326,2.2943249805528163,26066829
2009-05-12,2.2417080402374268,2.32621041952079,2.2066313880514152,2.3182388039498605,33618173
2009-05-13,2.1301021575927734,2.182717059136523,2.115752657953996,2.1731506565091068,35205489
2009-05-14,2.190685272216797,2.217789863674382,2.133287780128147,2.154014293008191,32742885
2009-05-15,2.1301021575927734,2.2066325441933308,2.115752657953996,2.1843112162022837,29816297
2009-05-18,2.2943217754364014,2.295915930875667,2.195469744492769,2.1986584725802616,30336531
2009-05-19,2.2943217754364014,2.3309925656515267,2.259245349265022,2.2927272027881744,31812446
2009-05-20,2.33896541595459,2.4585444407342094,2.3325877483663886,2.4585444407342094,18603288
2009-05-21,2.3341825008392334,2.359692545056113,2.2975114863328288,2.3421541158635106,14701262
2009-05-22,2.3820157051086426,2.404337454375216,2.303890730001657,2.3581002156953783,24056412
2009-05-26,2.501594066619873,2.5159437731499263,2.3246172036796833,2.3294000915152537,21595729
2009-05-27,2.484055280685425,2.584501960677897,2.474489089146819,2.5223208812584037,26613678
2009-05-28,2.5430476665496826,2.563774411784142,2.48883842151805,2.5318869028188273,20530018
2009-05-29,2.558990478515625,2.614793857132918,2.5334800228489254,2.598850213474711,23726876
2009-06-01,2.6939263343811035,2.7242310090723656,2.604607271219218,2.6715966729319187,20274566
2009-06-02,2.677978992462158,2.7178536781729017,2.636509553047684,2.670003971846903,27264793
2009-06-03,2.553569793701172,2.6444838853386594,2.4897704750817553,2.61736890363786,26555783
2009-06-04,2.6205568313598633,2.6460770402035965,2.5280478481031743,2.5455928351713135,16228762
2009-06-05,2.5743019580841064,2.673190978891157,2.5328327726150963,2.671596226928062,19358121
2009-06-08,2.585467576980591,2.6189621740836375,2.5120983303323214,2.543998175178046,12980870
2009-06-09,2.5838706493377686,2.65564509489464,2.5168817093923543,2.642885416056905,11072798
2009-06-10,2.577491521835327,2.6412909822233384,2.5120975183879497,2.6396962304814617,15929683
2009-06-11,2.62215256690979,2.654051997580893,2.5615430017186394,2.61258259163064,15335640
2009-06-12,2.652458667755127,2.660433268846666,2.5774939950982088,2.583874051600319,17566937
2009-06-15,2.528048276901245,2.591847766419159,2.449894345692337,2.5886578441139143,18012538
2009-06-16,2.4977424144744873,2.587061016517335,2.4817921871211865,2.555161605223091,18658714
2009-06-17,2.464249610900879,2.477009510907521,2.3972601880366677,2.4562745951407376,20656235
2009-06-18,2.430755138397217,2.497744564970528,2.417995237684079,2.4610598243349253,14536083
2009-06-19,2.4945523738861084,2.5216666947982285,2.459462417975872,2.491362036413877,19224221
2009-06-22,2.3589797019958496,2.4498934997147153,2.3541944028251938,2.4148039491086597,26016891
2009-06-23,2.3956639766693115,2.4179940528285244,2.3525998284858853,2.3956639766693115,29126494
2009-06-24,2.4227778911590576,2.4435125802975275,2.3829032642347356,2.3844984329522725,30143364
2009-06-25,2.5041236877441406,2.5184783371325246,2.4100195254199304,2.4307544363461115,19322725
2009-06-26,2.553569793701172,2.583874282230939,2.5121001531254596,2.5152900773198845,19560617
2009-06-29,2.5567593574523926,2.6349133175499166,2.5360244374386944,2.5918487244630235,19654731
2009-06-30,2.5248565673828125,2.5998211492708068,2.5057168384167485,2.5918459317877223,23362218
2009-07-01,2.567302703857422,2.616765901412713,2.567302703857422,2.5896408480314133,18967946
2009-07-02,2.5018789768218994,2.5593199016341424,2.5018789768218994,2.527408207151298,12328108
2009-07-06,2.5226247310638428,2.5306027698946973,2.434867556494913,2.454014557422521,21039277
2009-07-07,2.4300808906555176,2.522624981204215,2.4252944009011737,2.519433848860143,20069326
2009-07-08,2.40933895111084,2.4651844031685144,2.3471106069652152,2.454015229252259,35497708
2009-07-09,2.4252943992614746,2.4651839710589445,2.386999976111432,2.446036550722158,11730224
2009-07-10,2.3869996070861816,2.418911551857107,2.339132211834125,2.3965730026318997,24479787
2009-07-13,2.4300808906555176,2.4380589302774642,2.3375368001068195,2.3822134879708976,21157262
2009-07-14,2.4045512676239014,2.436462795108216,2.3678526248077314,2.4332716632359577,21734842
2009-07-15,2.5736851692199707,2.581663003909806,2.4460377265639455,2.4715676326188816,27768289
2009-07-16,2.594428539276123,2.6247445266640135,2.5162444891955476,2.5337961469765173,25110049
2009-07-17,2.5992133617401123,2.6199561407807255,2.572088317617328,2.604000478075297,21394056
2009-07-20,2.733243942260742,2.7396262090181156,2.663037755358633,2.663037755358633,39172269
2009-07-21,2.7316462993621826,2.7763225570595518,2.6901613818675165,2.7651538057777687,20586816
2009-07-22,2.733243942260742,2.7970670273581457,2.707714040183915,2.7093098156350917,23643737
2009-07-23,2.86248517036438,2.9055660833211086,2.757176550374731,2.757176550374731,29628618
2009-07-24,2.86248517036438,2.8880150641796978,2.8337647704883264,2.865676302710412,20904828
2009-07-27,2.8848233222961426,2.9007791905713898,2.848124887891595,2.8816321903934403,22216387
2009-07-28,2.870464324951172,2.8816335004501292,2.8098317474261885,2.8561038073369187,24369210
2009-07-29,2.8002586364746094,2.843339358717853,2.773133373884156,2.8289794659065266,15884135
2009-07-30,2.8800370693206787,2.8975887162924567,2.8608900647972106,2.883228201947626,33188760
2009-07-31,2.854508638381958,2.8943984342263445,2.835361628231864,2.8736556485320515,24370308
2009-08-03,2.9528281688690186,2.97357790372541,2.906540604020443,2.9384634657980775,25432177
2009-08-04,2.9927310943603516,3.01188451756441,2.9225020151666503,2.928886419957414,35747399
2009-08-05,3.077327251434326,3.112441910643621,2.9512333227612086,2.9895401857473742,29280149
2009-08-06,3.0118863582611084,3.0853081023849946,2.9576184667105796,3.077327800351193,18655970
2009-08-07,3.1284024715423584,3.1587290294785175,3.0613655755464313,3.085307100368019,34949213
2009-08-10,3.1140387058258057,3.136384344572148,3.062962393290463,3.0964811646578125,16555280
2009-08-11,3.0023112297058105,3.013484159274102,2.9528312025456627,3.011887847479776,27176441
2009-08-12,2.979963541030884,2.999116763477527,2.9512332896972087,2.979963541030884,27056260
2009-08-13,2.9528281688690186,3.0134810632838858,2.9177137309416854,3.003904455348736,27552348
2009-08-14,2.874619722366333,2.978368027838711,2.8315243398696457,2.964002691507933,25146817
2009-08-17,2.766080379486084,2.7836379013035106,2.7341581631015024,2.772464780996668,25675831
2009-08-18,2.9049439430236816,2.919309268789611,2.7932154181823483,2.7996000306151756,31065571
2009-08-19,2.9608073234558105,2.9671917249299216,2.841097916331298,2.8490788358372545,27472777
2009-08-20,2.9943296909332275,3.0086946126818512,2.9528301927761627,2.954426504024603,20504226
2009-08-21,3.0039002895355225,3.069341188332649,2.981554693177294,3.019861280626047,23090028
2009-08-24,3.014338731765747,3.0994077998219267,3.0079185039892526,3.043230176767023,27508721
2009-08-25,3.035203456878662,3.1042217128554395,3.019152475019933,3.0480441163635903,28359588
2009-08-26,3.0673046112060547,3.076934947094645,2.982235174166379,3.0031013219317897,19248641
2009-08-27,3.065700054168701,3.070515433229959,2.985446396524747,3.048044434290065,24711368
2009-08-28,3.0271778106689453,3.094591217005962,3.009521773530702,3.0689096893500247,18395305
2009-08-31,2.688507556915283,2.736659681572283,2.67406162551327,2.7270291306387775,26611208
2009-09-01,2.609187602996826,2.761724712767665,2.601159234550545,2.726400395792962,35485087
2009-09-02,2.646118640899658,2.666992279748045,2.5786810378123337,2.6300621087510176,29214571
2009-09-03,2.654144763946533,2.683046539349973,2.6140033625353967,2.6685954415696393,21994684
2009-09-04,2.760119676589966,2.7793874694413416,2.6605692384588973,2.681442243050489,20818122
2009-09-08,2.8018646240234375,2.822738244681085,2.7842022649812406,2.8179211421793,22695463
2009-09-09,2.850034713745117,2.8741191786089217,2.80025952279069,2.817921463690813,31833025
2009-09-10,2.8741202354431152,2.8853600766697918,2.8179224998607046,2.838795920496605,27846489
2009-09-11,2.8933873176574707,2.931922880756714,2.882147480808801,2.904626524270255,24775849
2009-09-14,2.9222896099090576,2.9222896099090576,2.85645788407034,2.8628806195659955,19352359
2009-09-15,2.9800937175750732,2.9945446134723896,2.891782920512288,2.923895765743428,25775432
2009-09-16,3.0491373538970947,3.0491373538970947,2.978488501296109,3.0106013487417873,29637673
2009-09-17,3.0025742053985596,3.079645606159636,2.9881230945471287,3.0378983260622645,34734919
2009-09-18,3.0186281204223633,3.053952210449579,3.0105995457313486,3.0202335412504957,26605721
2009-09-21,3.0041773319244385,3.0154169595094804,2.9592192417415584,2.9720642903202994,20483647
2009-09-22,3.0539534091949463,3.0828554070970724,3.008995306001517,3.02826309452423,23458253
2009-09-23,2.9897263050079346,3.066797427842918,2.986515043236247,3.0459242263269477,26259721
2009-09-24,2.943161964416504,3.0427125358633442,2.8949922043134135,3.0170216049949956,25422573
2009-09-25,2.9624314308166504,2.9945442723900983,2.923895432708127,2.9479803264866,15216008
2009-09-28,3.0427160263061523,3.050743978734927,2.9784896758511574,2.9865180484375933,16992101
2009-09-29,3.1567153930664062,3.1599266562370008,3.094094920924967,3.129419656116351,31477697
2009-09-30,3.23539137840271,3.2915893029629655,3.139052259223956,3.2193346484609533,44940661
2009-10-01,3.2156364917755127,3.2718539746832893,3.1578128190877135,3.2429423484911335,44136165
2009-10-02,3.2397308349609375,3.270249081374229,3.165845029777601,3.185119523692267,36844938
2009-10-05,3.344135284423828,3.3489540666953093,3.2477625811203175,3.265431099195973,29646453
2009-10-06,3.3039796352386475,3.4244458204417283,3.2541870966640385,3.3858968261103697,43111063
2009-10-07,3.2220613956451416,3.3168280618051016,3.1546003754948018,3.267035128876382,48383092
2009-10-08,3.286308765411377,3.3216451363409907,3.217241161920128,3.239728440142893,38958798
2009-10-09,3.332888603210449,3.332888603210449,3.2879144708103727,3.3168265031325537,24426282
2009-10-12,3.3698337078094482,3.3891081992422323,3.3200411840448454,3.3200411840448454,12512221
2009-10-13,3.3666203022003174,3.3682262816661357,3.310402614827765,3.3457394168688377,18075921
2009-10-14,3.5047523975372314,3.506358796438848,3.421229531778816,3.432473063180475,24801366
2009-10-15,3.4742348194122314,3.4774471973083827,3.4196239748743866,3.4549603418836874,33044983
2009-10-16,3.4276578426361084,3.445326357518748,3.363409175226116,3.403564566088383,37494955
2009-10-19,3.46781325340271,3.4726320348310096,3.397139613770157,3.4228395011853188,34411968
2009-10-20,3.3537697792053223,3.3730444715528476,3.183511607965106,3.3682256933901233,72657365
2009-10-21,3.350557804107666,3.445324673563537,3.3377082870578936,3.366620330875056,42821038
2009-10-22,3.4517500400543213,3.475843309069706,3.3136156059220334,3.3714392834375473,24334912
2009-10-23,3.416411876678467,3.5015409538906304,3.400349564591393,3.472629338528228,38965383
2009-10-26,3.3650119304656982,3.5111772015233473,3.321644205751288,3.413198431360554,31427210
2009-10-27,3.292733669281006,3.3601942460585126,3.2622154440610602,3.3537694892658934,24705880
2009-10-28,3.02931547164917,3.297552694651515,3.0196783345082143,3.2509725680150976,64927397
2009-10-29,3.2573964595794678,3.286308703917968,3.0935632804005775,3.0935632804005775,47537438
2009-10-30,3.0742878913879395,3.318432167724951,3.0357389389121523,3.3023700691681026,61214697
2009-11-02,3.143354892730713,3.18029786205498,3.067862765435679,3.116049265437036,29770749
2009-11-03,3.2746315002441406,3.2987329664929184,3.099491445886282,3.118772829112233,40599345
2009-11-04,3.3646106719970703,3.4208486799749083,3.2906988886204753,3.3019460277168653,48303521
2009-11-05,3.4738714694976807,3.4770849968957616,3.348541798704169,3.3501487726300447,35278749
2009-11-06,3.467444658279419,3.472264739488302,3.388711759907831,3.4031730546687293,28721227
2009-11-09,3.597594738006592,3.608842297228407,3.4915468330376465,3.4931538074066713,33895301
2009-11-10,3.5943806171417236,3.599201119000289,3.4963667592691947,3.515648136022882,31439832
2009-11-11,3.565459728240967,3.6313377015632162,3.5204699030563544,3.607236444970108,23412979
2009-11-12,3.464231491088867,3.5959878191888537,3.4369158727637985,3.5526045610729295,33804754
2009-11-13,3.5911660194396973,3.6040205470814377,3.436914630913953,3.456196001922972,36482750
2009-11-16,3.626516819000244,3.6650795778654413,3.586347085807684,3.602415147266218,32047320
2009-11-17,3.653831720352173,3.655438273909608,3.533322544489469,3.6040214123589176,26286062
2009-11-18,3.6056277751922607,3.6538315270782844,3.5542104959076584,3.6168753313141218,23896720
2009-11-19,3.5124361515045166,3.565460013430618,3.443344433519571,3.55903295509786,33792133
2009-11-20,3.489943265914917,3.52689929326575,3.3774682081180973,3.5011904143085752,22352208
2009-11-23,3.559030055999756,3.613660848235101,3.5285009231065847,3.559030055999756,23366883
2009-11-24,3.571885108947754,3.5847392185497027,3.4851186077735896,3.544569915816778,17542517
2009-11-25,3.653831720352173,3.690787497617486,3.573492269777037,3.5975939367681007,29092196
2009-11-27,3.5268959999084473,3.5654587567672618,3.438522507392047,3.4497702759639424,29361916
2009-11-30,3.5751001834869385,3.5959887513102204,3.499581415987105,3.5542120361175082,35003267
2009-12-01,3.7514193058013916,3.7707069611079076,3.6340871558673613,3.6565889297079144,49201582
2009-12-02,3.804457187652588,3.8317809614733025,3.7273074612260113,3.7465946825397807,37179138
2009-12-03,3.741776704788208,3.84785821883286,3.7240969431313373,3.834999636828494,31003286
2009-12-04,3.7433865070343018,3.849467666287895,3.6823093612435,3.8350020154272717,27084796
2009-12-07,3.7514193058013916,3.826962026588353,3.7144514750414204,3.743382747708173,24268511
2009-12-08,3.6871278285980225,3.7240956608255296,3.6373018393797603,3.706415064084154,32379600
2009-12-09,3.717665672302246,3.720880211126731,3.6292643825778983,3.6517669955213,23998242
2009-12-10,3.732131242752075,3.7498114162739364,3.6839127406328163,3.7176656079990984,15893739
2009-12-11,3.7112388610839844,3.736955607970926,3.6935586764591357,3.736955607970926,23504898
2009-12-14,3.672661542892456,3.7690993966748936,3.650159769556851,3.764277377809962,29620935
2009-12-15,3.7112388610839844,3.7642794149585304,3.669448989672856,3.6903441356715505,25184956
2009-12-16,3.699986457824707,3.7514199335243896,3.6581970216850355,3.7289177353325145,19052731
2009-12-17,3.4813945293426514,3.6212288855483776,3.4508559845289972,3.6212288855483776,53365371
2009-12-18,3.4669291973114014,3.526398812190317,3.447641748964373,3.478180296469275,32284114
2009-12-21,3.4765713214874268,3.5714016731958385,3.3142350347370466,3.566579655462652,32606516
2009-12-22,3.487823486328125,3.5296127047431067,3.466928561681106,3.523183626570497,25419555
2009-12-23,3.5087203979492188,3.736955970400182,3.3881734243784662,3.4910402116096546,28390868
2009-12-24,3.5151469707489014,3.5505073160695,3.4765716662300887,3.5231831069865094,6129207
2009-12-28,3.5505082607269287,3.5858681948695073,3.532827662776508,3.571402977558769,15589172
2009-12-29,3.5858681201934814,3.6260504935796503,3.569795423190661,3.5778319819851108,18078665
2009-12-30,3.6389079093933105,3.6405153888731556,3.5810453774940014,3.589081513135393,12209574
2009-12-31,3.671058177947998,3.690345852231408,3.6115885148360407,3.648555961381763,11568337
2010-01-04,3.7959821224212646,3.8249222838429247,3.701122610935765,3.701122610935765,27629725
2010-01-05,3.8088409900665283,3.8104485417142877,3.754176240459529,3.7959788940248362,23146552
2010-01-06,3.7622177600860596,3.7911579161197304,3.7348855774832304,3.7911579161197304,29317191
2010-01-07,3.678609848022461,3.7461366762852384,3.665747334577534,3.7348821347889762,35494141
2010-01-08,3.6609256267547607,3.7171979409941045,3.6271619857821538,3.696296819746063,38288750
2010-01-11,3.6143014430999756,3.6882598063966303,3.5515980523556103,3.6882598063966303,39223031
2010-01-12,3.5371267795562744,3.6159086251744013,3.524264677823162,3.588576027918903,38272562
2010-01-13,3.5339107513427734,3.627162237785934,3.5049708162030986,3.6191236357039602,30842222
2010-01-14,3.48085355758667,3.580536082509776,3.4567367023285844,3.5355183173143345,31472484
2010-01-15,3.395642042160034,3.517833693807002,3.3731331533418,3.5017558559775352,50135588
2010-01-19,3.424581289291382,3.469599475772032,3.3908176494308946,3.418150029640935,27500215
2010-01-20,3.302389621734619,3.3602696956001092,3.2220004549568624,3.349015359501467,47558292
2010-01-21,3.1930603981018066,3.32489859306598,3.168943542245801,3.2991741852247367,53848288
2010-01-22,3.1560826301574707,3.238079381896807,3.114279952099034,3.183415020975633,41824198
2010-01-25,3.1625139713287354,3.2396876516456308,3.1367895514615,3.201100706308386,29123475
2010-01-26,3.140005588531494,3.205924727555421,3.059616158588878,3.1094574536958075,35698284
2010-01-27,3.1255321502685547,3.148041024943343,3.0628286010976393,3.098199780025485,36424031
2010-01-28,3.1416127681732178,3.188238531027159,3.0676546108013376,3.1641216628389532,40610046
2010-01-29,3.0805153846740723,3.210746037959002,3.037105587627454,3.2043149880791346,53424913
2010-02-01,3.2360446453094482,3.2360446453094482,3.1154167258955487,3.128283524395711,33484547
2010-02-02,3.2971651554107666,3.311640102793933,3.215137788069183,3.2730394715123303,28163677
2010-02-03,3.2280032634735107,3.273037481280224,3.1958354239231923,3.273037481280224,23277708
2010-02-04,3.0575156211853027,3.15723478651071,3.0205229427442775,3.150801176574095,47095953
2010-02-05,2.9867475032806396,3.073599668728183,2.8725529660698634,3.0398236863200996,76030926
2010-02-08,2.9819228649139404,3.0414328814503517,2.952972137057064,2.988356266466831,38110949
2010-02-09,3.1556272506713867,3.1861865415690613,3.0719919722409856,3.0977262116237676,56873106
2010-02-10,3.162060260772705,3.1877944952532737,3.1170260343435436,3.1588435603755376,30331866
2010-02-11,3.2408711910247803,3.255346345080604,3.104159508809787,3.1298933264545834,27305127
2010-02-12,3.224785804748535,3.2263943649049116,3.120241810210607,3.1315004686991537,21885205
2010-02-16,3.285905599594116,3.3084227175373946,3.231221260489492,3.3084227175373946,13825975
2010-02-17,3.327723264694214,3.3470236798794564,3.2826886118712535,3.329331404655678,18479266
2010-02-18,3.3534538745880127,3.3775795283242678,3.2859021703870406,3.2955524739683897,18513839
2010-02-19,3.3405892848968506,3.3679312334964195,3.2907298061474566,3.2907298061474566,18106652
2010-02-22,3.3037004470825195,3.3930773088411255,3.295574949245308,3.3589517912739746,16848323
2010-02-23,3.1964480876922607,3.2711998207993807,3.1623221439632085,3.24519894990004,29352861
2010-02-24,3.1688239574432373,3.2273253607549948,3.1606984554284763,3.214325237898922,29802578
2010-02-25,3.178572654724121,3.214323827348973,3.069695397894252,3.0729454271820518,42655859
2010-02-26,3.2435734272003174,3.254948314019567,3.149321327630722,3.1834470511620054,25580070
2010-03-01,3.3144495487213135,3.325828505354459,3.283564538473126,3.283564538473126,29306764
2010-03-02,3.3745944499969482,3.3908494965318425,3.34045821423704,3.353462464143832,28106057
2010-03-03,3.3697142601013184,3.4574924734890167,3.3485822986342586,3.405475533888837,38389998
2010-03-04,3.3713395595550537,3.415228560031369,3.335578072989674,3.4005988223130537,21489268
2010-03-05,3.4168524742126465,3.4249797706545664,3.379465294223166,3.403847821584445,23799313
2010-03-08,3.3941004276275635,3.4444917056036,3.3827218960283303,3.42823644778298,22270441
2010-03-09,3.4639949798583984,3.4932542449220745,3.346956643531804,3.3648376009021734,30701188
2010-03-10,3.475375175476074,3.5355196665432302,3.45261790969111,3.465622152716274,26563465
2010-03-11,3.504635810852051,3.506261102298812,3.4282356281986646,3.4461165989375364,24706155
2010-03-12,3.4607465267181396,3.535520353780835,3.4428655561585924,3.535520353780835,22962439
2010-03-15,3.465623378753662,3.4835043521632616,3.4136066009297372,3.446117113654545,17193499
2010-03-16,3.4835031032562256,3.506260368933111,3.44449016168725,3.4672478527216612,28501994
2010-03-17,3.431487798690796,3.525768345979345,3.421734770634044,3.5176410352775975,32875962
2010-03-18,3.3827202320098877,3.420107455481095,3.3404562847162387,3.411979511550773,25518608
2010-03-19,3.3307034969329834,3.39897572114522,3.304695222990065,3.3307034969329834,30015226
2010-03-22,3.3941004276275635,3.4006024456842683,3.285190349104609,3.296568668024984,26061341
2010-03-23,3.40385103225708,3.4249830012598697,3.3632132356449578,3.42335771058124,20284993
2010-03-24,3.3046956062316895,3.37621884639641,3.296567660786517,3.337205899260826,25778176
2010-03-25,3.3046956062316895,3.3843461538052027,3.3030696768565857,3.34045690729586,35054851
2010-03-26,3.345332145690918,3.35671109411544,3.2981919120910206,3.317698164313361,37219199
2010-03-29,3.459120035171509,3.465622263230821,3.382720503735063,3.3875968025916983,30593080
2010-03-30,3.488377571105957,3.4981305887006973,3.449365075369693,3.481875346697479,29176980
2010-03-31,3.5745320320129395,3.590787493649942,3.50138351804014,3.50138351804014,30477290
2010-04-01,3.6439619064331055,3.6585963018523393,3.5772940105248883,3.6081890344066863,32594169
2010-04-05,3.6667280197143555,3.6878665044133947,3.6260768584892853,3.6342071758328687,24110740
2010-04-06,3.6390860080718994,3.673232665350402,3.614695052309639,3.624451179318795,26075609
2010-04-07,3.5642874240875244,3.6309549239798833,3.539896683355731,3.6309549239798833,26276459
2010-04-08,3.673231363296509,3.6927440358910584,3.5301396364993067,3.548026075755659,30838380
2010-04-09,3.6976261138916016,3.7073822474779194,3.6504708299845996,3.6553486840311584,24773928
2010-04-12,3.661851406097412,3.7073808634902057,3.656973553871785,3.7073808634902057,16454307
2010-04-13,3.6553471088409424,3.6829901136631733,3.621200017763957,3.6781118362255993,19462113
2010-04-14,3.658597946166992,3.7236400637569944,3.648841820000287,3.660224179941215,42503849
2010-04-15,3.678112268447876,3.7350236681042737,3.6683557124262154,3.674859799445278,29532583
2010-04-16,3.557783365249634,3.6585979454305986,3.512254350987961,3.6472160109848377,38495362
2010-04-19,3.5041236877441406,3.5659135481812596,3.4585946752055143,3.5301404486917245,44342776
2010-04-20,3.5350191593170166,3.5594099022999406,3.4943679919276294,3.5398970100685627,17491207
2010-04-21,3.478109836578369,3.556160179943803,3.414694118747225,3.533395230528974,28482787
2010-04-22,3.5041236877441406,3.5155062599984426,3.4179437255646485,3.4748550976111465,25260412
2010-04-23,3.4959945678710938,3.509003378294472,3.4455872624190906,3.4781083311182734,18711670
2010-04-26,3.4976186752319336,3.5431476756822096,3.482984064931409,3.515505326600853,15647616
2010-04-27,3.3431475162506104,3.465101077522441,3.338269237641939,3.4602225861672107,33873076
2010-04-28,3.4244515895843506,3.4390855816852555,3.3333930384972583,3.416321050286815,31778423
2010-04-29,3.530141592025757,3.5610364258772482,3.4553437523823565,3.4813603090096916,35932060
2010-04-30,3.5252647399902344,3.6098191631626975,3.5138823728811386,3.5431509825599137,33460950
2010-05-03,3.547546625137329,3.5947173217220856,3.5117623917314926,3.5524264771239586,20507519
2010-05-04,3.381636142730713,3.482483270923273,3.376756291949372,3.474350328164454,39084192
2010-05-05,3.3425979614257812,3.4060341019520752,3.264523120807091,3.321452865003829,31649462
2010-05-06,3.2059690952301025,3.362119971569225,2.9847556907072184,3.2889240687223626,61842764
2010-05-07,3.189702033996582,3.2206070567360405,3.022165186410615,3.1978347667054954,72104206
2010-05-10,3.464592456817627,3.471098643410266,3.3848906069817515,3.4239281521680045,41444175
2010-05-11,3.38814377784729,3.4710987228786814,3.3539858718234945,3.38814377784729,35833007
2010-05-12,3.397902727127075,3.454832490453179,3.3816370500603052,3.4271807755951165,22715219
2010-05-13,3.3458516597747803,3.4141676631374827,3.339345475080784,3.3897690449047,22413944
2010-05-14,3.253139019012451,3.3019358531756433,3.1978355714144007,3.288923477566925,30397170
2010-05-17,3.2108466625213623,3.308440930250831,3.121385551924165,3.2661503008103976,36602930
2010-05-18,3.1311447620391846,3.3458516210531855,3.1116259953679384,3.2938017184732917,49911416
2010-05-19,2.9587302207946777,2.9782494256633534,2.870895395000254,2.966863382434754,86925374
2010-05-20,2.856255292892456,2.940836770302979,2.789566038810206,2.8692676641747066,69771935
2010-05-21,2.9603545665740967,2.9652339913852375,2.786312029753439,2.8204694931371863,77826226
2010-05-24,2.838362693786621,2.97499471255742,2.828603203070088,2.9359567496912873,67333477
2010-05-25,2.781433343887329,2.8269770765828683,2.6561875469365606,2.7342628516956786,205942244
2010-05-26,2.869267702102661,2.9294507713393267,2.8074578736190317,2.880653952755499,164196794
2010-05-27,3.027045726776123,3.027045726776123,2.950597170677891,3.0042738572008454,74878785
2010-05-28,2.9945147037506104,3.022166002427056,2.9538503907806657,2.9896348499924548,40841352
2010-06-01,3.0151796340942383,3.1014202578095444,2.9598549422088087,3.033078667621295,63646569
2010-06-02,3.1339638233184814,3.1339638233184814,3.007042808578491,3.0281963820005364,54479922
2010-06-03,3.0949106216430664,3.159998286113629,3.0526039058573433,3.1323360553256543,28072307
2010-06-04,2.969616174697876,3.0444668029835875,2.954971694822884,3.0314492746431108,40055514
2010-06-07,2.875239610671997,2.9891432681217895,2.862222293130391,2.987515677636941,51689155
2010-06-08,2.977754831314087,2.984263494766428,2.8475798590974493,2.8866322656039496,48320533
2010-06-09,2.9387001991271973,3.0298226958239813,2.9354458698657546,3.011923459093916,30878166
2010-06-10,3.0997917652130127,3.109554966330209,3.023313746771116,3.029822831377347,34477271
2010-06-11,3.1355910301208496,3.1453540221269876,3.0444684940199482,3.0444684940199482,26616970
2010-06-14,3.0900275707244873,3.187658692199463,3.0835189144512194,3.187658692199463,29670324
2010-06-15,3.203932762145996,3.2120683752195185,3.1063015731332166,3.1193188946846755,42043157
2010-06-16,3.207188844680786,3.23159676171655,3.1372198515317735,3.153491725256864,39379979
2010-06-17,3.1925411224365234,3.246238407633112,3.1534889578224083,3.2218309378093335,23486789
2010-06-18,3.207188844680786,3.242986924296734,3.1844083066241615,3.1909169709556955,25300198
2010-06-21,3.242982864379883,3.3113248187844144,3.2202023548423653,3.2885443092468964,26396914
2010-06-22,3.1925411224365234,3.2869181626942834,3.1844055120579995,3.254374443803774,30802985
2010-06-23,3.2088136672973633,3.2153223273073137,3.119318527679973,3.182778814361447,27942523
2010-06-24,3.122572422027588,3.1876600775267168,3.0900289136221506,3.1876600775267168,30316775
2010-06-25,3.1599960327148438,3.161622983658298,3.0672462035963743,3.129079493974008,28273980
2010-06-28,3.155115842819214,3.1909141031581405,3.1176904178597993,3.171388127712286,24061351
2010-06-29,2.963109254837036,3.0672493372252387,2.946837599819076,3.0623680536160305,49504777
2010-06-30,2.9305644035339355,3.0395861459061533,2.9191738243921446,2.9989063881121005,40410294
2010-07-01,3.07658052444458,3.0830919288069056,2.9186820036077195,2.9903063866987276,60702695
2010-07-02,3.1270406246185303,3.1482021927770822,3.0537887148716276,3.0896006649795598,33165986
2010-07-06,3.1254143714904785,3.1595983289484457,3.0814634169167703,3.1335533582712203,67985964
2010-07-07,3.341913938522339,3.3516807219284233,3.1400643127384105,3.1400643127384105,92352431
2010-07-08,3.444467306137085,3.4640008754332654,3.348425553266636,3.3516811481493325,119245158
2010-07-09,3.503068447113037,3.5258582502748834,3.4167941176516723,3.437955910389995,44534571
2010-07-12,3.431443214416504,3.5226011091779443,3.400514650585971,3.465627584686121,56171504
2010-07-13,3.4721405506134033,3.4998131092045606,3.447723161192862,3.468884955485032,62797623
2010-07-14,3.424933433532715,3.4688846022265367,3.3956322284457876,3.4330722075459423,35485361
2010-07-15,3.403770923614502,3.4444664889296828,3.3484247588453497,3.424932711289073,44656947
2010-07-16,3.289825677871704,3.407028629334263,3.283314272636652,3.407028629334263,42965090
2010-07-19,3.3533101081848145,3.3760994903487975,3.2995919289043614,3.3142425350525837,35023846
2010-07-20,3.4298174381256104,3.4477236397749875,3.32075370831265,3.337031899192978,40079934
2010-07-21,3.385864019393921,3.4591161493737017,3.3630746524262536,3.452604536562197,40001460
2010-07-22,3.532371997833252,3.540510777480247,3.446097185144641,3.454236390749643,43331943
2010-07-23,3.569807767868042,3.569807767868042,3.5030668256559885,3.506322844995929,30567837
2010-07-26,3.5632991790771484,3.579577157857363,3.5274867738449998,3.5632991790771484,27896152
2010-07-27,3.560044527053833,3.6137625102054067,3.5486495129291384,3.584461288717879,36873474
2010-07-28,3.6495707035064697,3.6723598561397806,3.5486458224219595,3.579574384096103,38832307
2010-07-29,3.630039930343628,3.6805027350081647,3.5812051367151243,3.6625963174433354,28797232
2010-07-30,3.6446874141693115,3.673988181747046,3.57469108873833,3.5942250757760013,26049268
2010-08-02,3.712589740753174,3.7223595780788554,3.6702529268268322,3.697934771719221,25308978
2010-08-03,3.5709261894226074,3.6181477222867926,3.553014389848701,3.6181477222867926,41631306
2010-08-04,3.5220754146575928,3.5790667759177244,3.4797390235604544,3.5725535505321484,45860124
2010-08-05,3.526961088180542,3.5627842593914667,3.5139346354096452,3.526961088180542,21767768
2010-08-06,3.5546441078186035,3.577440622072354,3.510679386540259,3.5188207096404787,25866528
2010-08-09,3.5758111476898193,3.6051215221762054,3.566041306921697,3.5888376020473154,15059883
2010-08-10,3.5562710762023926,3.5790675832395102,3.517191502028402,3.5383594893063375,16089375
2010-08-11,3.4644968509674072,3.5103840191569016,3.4202484948975367,3.505467797218037,26508863
2010-08-12,3.487440347671509,3.4956348369043027,3.4120539199578386,3.4169705706135147,17821017
2010-08-13,3.5054659843444824,3.531687179118024,3.4759667381869415,3.485800034659352,13218487
2010-08-16,3.5513551235198975,3.5513551235198975,3.4907184291341284,3.50055130228965,16840641
2010-08-17,3.5611860752105713,3.5775746161471558,3.5497143967428064,3.5595474784207792,29858827
2010-08-18,3.5677430629730225,3.572659713423849,3.5316887699069266,3.5661044653827383,23655261
2010-08-19,3.5005502700805664,3.5824921420677756,3.4890788025350727,3.5497154790408736,18646092
2010-08-20,3.507105827331543,3.510383451040344,3.4563020165852,3.4808846232411574,15859166
2010-08-23,3.4579403400421143,3.5415207997289055,3.4579403400421143,3.513660575026665,14827205
2010-08-24,3.4087746143341064,3.4251629414557185,3.361248444239441,3.4202467220651007,25132549
2010-08-25,3.38746976852417,3.398941446401798,3.3202772258645097,3.3907473907749206,30779662
2010-08-26,3.325195074081421,3.4202476546070515,3.3170008010764707,3.4136921933191,21152597
2010-08-27,3.462857484817505,3.462857484817505,3.321917940992017,3.3579722329278403,28159013
2010-08-30,3.4087746143341064,3.4612174326591827,3.394025312902562,3.4513845650381536,16777258
2010-08-31,3.5349645614624023,3.538242183585084,3.4497450997534593,3.456300343998823,35626669
2010-09-01,3.59021258354187,3.6344755083772298,3.56070418147453,3.5869338960332287,48436597
2010-09-02,3.5934908390045166,3.6082451455090574,3.559064195323769,3.5787367469895166,39152239
2010-09-03,3.5820140838623047,3.6607029692143875,3.5705382549956544,3.6443095408033064,32927272
2010-09-07,3.542670726776123,3.5852945194059576,3.5311953212876075,3.545949414058556,13968655
2010-09-08,3.5705409049987793,3.5967706244132693,3.5557863794993203,3.5590652821045365,20786843
2010-09-09,3.547590494155884,3.6131646969159084,3.539393557943648,3.593492564781687,16714972
2010-09-10,3.5525076389312744,3.575458669891284,3.5393928866624704,3.567262164212884,11251422
2010-09-13,3.701688051223755,3.70332760893855,3.6115231013848654,3.6180809032650525,25848419
2010-09-14,3.7689051628112793,3.7918564150118006,3.7098883312631745,3.727921335426632,33297691
2010-09-15,3.7508697509765625,3.7541484375286056,3.7049668523109327,3.7443119488934684,21440427
2010-09-16,3.7344768047332764,3.749230683344838,3.7115255642635363,3.74267330863323,13188853
2010-09-17,3.716444253921509,3.782018866832325,3.6787387013550825,3.7361163804072555,28368643
2010-09-20,3.726280450820923,3.749231265877508,3.703329206785159,3.7295591386861493,23974096
2010-09-21,3.6852943897247314,3.7164425525362983,3.6590644707726137,3.704966507204594,22998658
2010-09-22,3.736117362976074,3.7771016140686537,3.709887854096929,3.7262812971463948,25357270
2010-09-23,3.7443130016326904,3.813166296542192,3.7115256979148743,3.721361760336481,26359872
2010-09-24,3.7295594215393066,3.788576665547662,3.6984112409885808,3.742674173994847,39552841
2010-09-27,3.7393925189971924,3.7721802320802587,3.6984083066222304,3.711523477651231,17129019
2010-09-28,3.818085193634033,3.8197247521402513,3.737756264371762,3.7574288215503757,21004155
2010-09-29,3.860708713531494,3.875463024730475,3.780379781221316,3.780379781221316,23295817
2010-09-30,3.9639859199523926,3.9639859199523926,3.888575290906896,3.909886962442869,29532309
2010-10-01,4.030730724334717,4.040569636893998,3.9749755991885016,3.9798956991232877,26097560
2010-10-04,4.014331340789795,4.015970944684752,3.9782544767571997,3.999572760218435,22558819
2010-10-05,4.138958930969238,4.176675395906253,4.019250262891751,4.047127817929103,33988318
2010-10-06,4.096322059631348,4.161916067805816,4.083203515458396,4.137318153826676,31975705
2010-10-07,4.088128089904785,4.143882398649275,4.045491911972011,4.140602758670408,18390366
2010-10-08,4.19635534286499,4.22095327373797,4.0996045112797495,4.0996045112797495,20540171
2010-10-11,4.19307279586792,4.235708493239387,4.1668357077028535,4.2094714050743205,14945465
2010-10-12,4.197993278503418,4.201272915495254,4.138959383547015,4.1914340045197465,13701404
2010-10-13,4.27178430557251,4.301301451660746,4.211110410337318,4.2193092838371715,27490612
2010-10-14,4.19143533706665,4.263588661136203,4.155358889583623,4.2471900418601924,36869632
2010-10-15,4.237348556518555,4.237348556518555,4.1668357379089285,4.232428887900324,21296375
2010-10-18,4.28654670715332,4.288186740944143,4.166838829944174,4.166838829944174,22655677
2010-10-19,4.132399082183838,4.209471605088936,4.0963222260361976,4.163556269515151,27817404
2010-10-20,4.209475517272949,4.255390895519368,4.138962201187426,4.142241840411909,16281993
2010-10-21,4.1078009605407715,4.250467058004134,4.081563872449036,4.193072784148613,24137355
2010-10-22,4.124200820922852,4.181595112190952,4.112721876848559,4.1553575870359065,21503261
2010-10-25,4.175036907196045,4.2143934195575286,4.152079013169091,4.166838027132253,26399383
2010-10-26,4.142239093780518,4.156997245953046,4.114361535201951,4.153717608903221,22982470
2010-10-27,3.9979300498962402,4.12911758329018,3.9864515430083904,4.094680775317446,34422394
2010-10-28,4.001212120056152,4.053687165354306,3.988093573283275,4.032369312296719,33917801
2010-10-29,4.027448654174805,4.042206799547866,4.006130379517779,4.022528557211832,13106264
2010-11-01,4.112252235412598,4.127015447367071,4.061402745840786,4.069604387184762,22141755
2010-11-02,4.15654182434082,4.184427327389149,4.069605601975395,4.143419537653833,15681914
2010-11-03,4.1631059646606445,4.184429908292162,4.117177503702447,4.143422093263749,35309206
2010-11-04,4.307450771331787,4.307450771331787,4.181146828262649,4.187707971719981,27555366
2010-11-05,4.304169654846191,4.314011798993673,4.250039149711995,4.276284581288178,18691915
2010-11-08,4.277923583984375,4.297607008911643,4.240196375702132,4.250038088165765,23691480
2010-11-09,4.117176532745361,4.279566823875921,4.095852164916868,4.259883386346905,39136599
2010-11-10,4.128658771514893,4.17786822913065,4.064686519536995,4.149982712432237,34360109
2010-11-11,4.086009979248047,4.104052913641654,4.053203395330161,4.086009979248047,21680239
2010-11-12,4.036800861358643,4.086010312017376,3.9908724127395208,4.036800861358643,32550267
2010-11-15,4.054842472076416,4.095850258345268,4.015475186117589,4.049921400371956,10390677
2010-11-16,3.907219886779785,4.025322333284945,3.87933477767771,4.01876118164048,35563286
2010-11-17,3.9449400901794434,3.9810272180717226,3.9252562412586935,3.9268967408460176,27403357
2010-11-18,4.049919605255127,4.084366233466728,4.003991196865085,4.022034546149611,19227788
2010-11-19,4.046640872955322,4.077806945379577,3.966265799854149,4.040079730095149,18536064
2010-11-22,3.990872621536255,4.035161000678479,3.9318210201207977,4.012196131328724,17879461
2010-11-23,3.8350398540496826,3.925256609172822,3.8104353625116385,3.9236165386572024,36984874
2010-11-24,3.9318196773529053,3.9875906867363895,3.907215173751928,3.923618462303032,26402676
2010-11-26,3.833400011062622,3.8793288609761922,3.8137165861501283,3.844882652766557,15686304
2010-11-29,3.841604232788086,3.8530864529780704,3.756308475763912,3.8055175003200383,26846631
2010-11-30,3.8268418312072754,3.866209140726113,3.725142769439498,3.8005972443453,35467800
2010-12-01,3.9051077365875244,3.942846293926955,3.8804958393183857,3.906748730104309,28886681
2010-12-02,3.9674556255340576,3.9690966179896505,3.910027759258457,3.9215134183844538,21468140
2010-12-03,3.901824712753296,3.934640706566049,3.8640861695945548,3.8821349447238442,25291692
2010-12-06,3.8624472618103027,3.8772144868242098,3.8329128117824895,3.859165703957733,22824424
2010-12-07,3.867366313934326,3.949406483187823,3.8575216481914705,3.9346392698963673,28211146
2010-12-08,3.80665922164917,3.867368674822548,3.760716990782101,3.8624465536235153,24054765
2010-12-09,3.7361044883728027,3.7951733747680647,3.7016474948573714,3.783687710262921,35412375
2010-12-10,3.7492270469665527,3.7508680385844624,3.686877093860962,3.716411508150013,23107040
2010-12-13,3.790250301361084,3.8033769572787577,3.7213367531955064,3.7361039727563106,22839241
2010-12-14,3.8000967502593994,3.801738173379997,3.7196979308904554,3.732824163598513,25102092
2010-12-15,3.7180545330047607,3.7787643934109285,3.708209435484899,3.7738418446509976,32107684
2010-12-16,3.7328226566314697,3.7377452065870864,3.6950841087990334,3.7180554361191733,22063555
2010-12-17,3.7557919025421143,3.760714449769721,3.691800506000485,3.7065677183289907,19984541
2010-12-20,3.690159797668457,3.7738405211125934,3.690159797668457,3.768917974079068,19978505
2010-12-21,3.778764486312866,3.811580477025481,3.739384953974161,3.7410259467192986,23158350
2010-12-22,3.8624472618103027,3.862447261810303,3.762358244565526,3.770562353874293,21127628
2010-12-23,3.855879783630371,3.896899854410132,3.839471583576787,3.8411121459696265,13813079
2010-12-27,3.8181450366973877,3.8591651479768667,3.813222485950371,3.8279897088367987,10590704
2010-12-28,3.782045841217041,3.824706498067253,3.7771232925980027,3.8148618301836126,9222621
2010-12-29,3.921511650085449,3.9264337665239646,3.8279858561491773,3.8329084019418835,13115044
2010-12-30,3.939561128616333,3.9707361126949645,3.9182303792049584,3.941202120630388,17929674
2010-12-31,3.939561128616333,3.98058077671649,3.9018226058357492,3.964173003347281,9973064
2011-01-03,4.047642230987549,4.060843107336199,4.003090082902428,4.024541452996213,20700686
2011-01-04,4.024543762207031,4.059195596749893,3.9717410900795524,4.0476445534531855,19809758
2011-01-05,4.0311455726623535,4.087247948092826,4.0030939531645275,4.01794511533344,23070821
2011-01-06,3.9123384952545166,4.006392793125745,3.9123384952545166,3.9865916837822413,20401606
2011-01-07,3.811685562133789,3.9420420496957203,3.8017852169788635,3.9337915461752737,32812579
2011-01-10,3.846332550048828,3.8562328826741945,3.734127484948263,3.7852798511858623,28876804
2011-01-11,3.9123384952545166,3.917288448753588,3.8694361636406605,3.8859367282749084,22606562
2011-01-12,4.003092288970947,4.014643332005551,3.9222388737704152,3.9469899368637376,24014705
2011-01-13,3.953589677810669,4.0311434023200725,3.9370886832509693,4.003091797925054,21280735
2011-01-14,3.9288361072540283,3.953587151495473,3.8941842998903415,3.9337860570330685,21462927
2011-01-18,3.8710873126983643,3.8908879947438137,3.8397355851193136,3.8859376083412,25421750
2011-01-19,3.808380603790283,3.852932748002474,3.8001305425445007,3.8463325262929944,32137044
2011-01-20,3.676374673843384,3.7720791900003725,3.6714242913586563,3.770428918578076,55798615
2011-01-21,3.6895763874053955,3.7473289917809662,3.681325460203123,3.724227777317834,33958410
2011-01-24,3.748979330062866,3.748979330062866,3.686276340966851,3.7126772359274742,16554183
2011-01-25,3.709378957748413,3.745680638046877,3.674727118309435,3.730830343181579,13353484
2011-01-26,3.6846261024475098,3.7423791469193755,3.6829762621953543,3.7357789223461113,21041197
2011-01-27,3.6450259685516357,3.702778600468846,3.565821951955994,3.702778600468846,46011310
2011-01-28,3.5922203063964844,3.6516233810067287,3.498166067945875,3.6499731096946926,53641951
2011-01-31,3.5476675033569336,3.631821609540669,3.532817007326773,3.6004701305838327,39091875
2011-02-01,3.642909288406372,3.6561140316323972,3.5851376729469515,3.5884388587534577,35503470
2011-02-02,3.5801870822906494,3.6693204351660476,3.5669823330896904,3.6627180605655685,22877106
2011-02-03,3.5108604431152344,3.5801860034137083,3.5092096340010923,3.575234439916973,32842761
2011-02-04,3.4349331855773926,3.4811502406750305,3.4019206639967354,3.4679452752350657,32147745
2011-02-07,3.4629924297332764,3.479498576439867,3.416774959801129,3.4250283570965427,19523301
2011-02-08,3.59009051322937,3.6115486605303246,3.537271089606692,3.586789326248136,37018074
2011-02-09,3.5026047229766846,3.5504725375989667,3.489399771363423,3.5356167780679395,32155702
2011-02-10,3.4844512939453125,3.515813220634195,3.4563907704604855,3.5042586333622263,48825675
2011-02-11,3.6164987087249756,3.6231010791306906,3.4547382582101065,3.487750326200031,38992273
2011-02-14,3.631354808807373,3.662716724604986,3.5768845903367383,3.5950415457883587,20165361
2011-02-15,3.7006795406341553,3.7171854645495848,3.61814862528907,3.6197994336419357,40471756
2011-02-16,3.7700092792510986,3.778262465914392,3.725442589577039,3.7485513394650187,28243523
2011-02-17,3.8178746700286865,3.8492365861490527,3.755151269710775,3.7733080093878426,22881222
2011-02-18,3.8277814388275146,3.842636571234589,3.7782627470857677,3.786515934363248,23616024
2011-02-22,3.6214520931243896,3.751850917914807,3.60164475597752,3.7320437967293967,47459787
2011-02-23,3.666018009185791,3.67097000442445,3.583487274757976,3.614848975436687,28098923
2011-02-24,3.6346538066864014,3.7204858892800625,3.585135829094745,3.6940764164105278,58746880
2011-02-25,3.6396102905273438,3.6528150416913174,3.5636816755653777,3.6528150416913174,36778262
2011-02-28,3.667667865753174,3.7056321449037073,3.639607574507912,3.6445591365378305,31278219
2011-03-01,3.606081485748291,3.6985453462351296,3.5994770322996885,3.691940892786527,29020032
2011-03-02,3.6242432594299316,3.6605681763820033,3.5978248041465757,3.606080584924464,24678991
2011-03-03,3.7645912170410156,3.7695443417192642,3.6506628685559064,3.6754297881242275,37441999
2011-03-04,3.7728469371795654,3.807520973607467,3.7150573085254646,3.7662424822577942,26377707
2011-03-07,3.655611753463745,3.7662373013731525,3.5714035568423044,3.7645864059432372,20839524
2011-03-08,3.6374547481536865,3.6952448226112415,3.6308502916611576,3.657268549690444,22311050
2011-03-09,3.685502052307129,3.72053824426899,3.6437916866845868,3.658807540550313,26794497
2011-03-10,3.542020797729492,3.6020835888612583,3.5303423521899218,3.56204201915835,35493044
2011-03-11,3.593740224838257,3.600413962600864,3.51198830155015,3.5236671789182528,24589816
2011-03-14,3.662144422531128,3.662144422531128,3.570382008009425,3.5837292643346075,19063706
2011-03-15,3.662144422531128,3.672154701058566,3.5219983402610135,3.5353455965861955,30308818
2011-03-16,3.5520312786102295,3.6688192115906,3.5003106151598464,3.665482450926362,33764968
2011-03-17,3.522000312805176,3.6104260173417506,3.501979526248788,3.6004157332079165,24015803
2011-03-18,3.6254422664642334,3.642126513718474,3.5787271599919306,3.583732084906171,33369306
2011-03-21,3.652134895324707,3.680497575275847,3.640455798062864,3.6688186963026466,29969129
2011-03-22,3.787277936935425,3.792283299119762,3.6588110489283605,3.663815974535098,38071163
2011-03-23,3.7472360134124756,3.7822726724080855,3.738893889378631,3.767256587200629,25844852
2011-03-24,3.778933048248291,3.8106324843616957,3.740559656015595,3.767253734183839,30851002
2011-03-25,3.75223708152771,3.773926229935136,3.7338846916001143,3.7639155179185844,20190330
2011-03-28,3.75891375541687,3.8006239263106885,3.740561350075978,3.755576994134656,19411352
2011-03-29,3.757244110107422,3.772260186561602,3.712197190476802,3.7539073497544844,17717849
2011-03-30,3.870696544647217,3.8857121877680902,3.7689238038749164,3.7839394469957903,30656738
2011-03-31,4.012511253356934,4.024190136563797,3.937433030296701,3.9491119135035646,48194041
2011-04-01,4.0487236976623535,4.108804167207435,4.033703689452162,4.083770529054239,46707699
2011-04-04,4.03370475769043,4.050394290916732,3.9919828897946115,4.038711573987877,22100597
2011-04-05,4.035373687744141,4.065413710971477,3.98530683679711,4.010340480622832,23670078
2011-04-06,4.018685817718506,4.070421326390629,4.005334887753248,4.055401311827464,17393526
2011-04-07,4.080432891845703,4.095452900401432,4.038710597334864,4.063744236063963,30266837
2011-04-08,4.040379524230957,4.080432733254743,4.000325878502863,4.07709500222812,20063564
2011-04-11,3.983638286590576,4.045386982120105,3.963611895085855,4.040380602596136,18552253
2011-04-12,3.943584442138672,3.9636112671751915,3.8985244133347683,3.936908542656928,20426575
2011-04-13,3.9519314765930176,3.9769651355890656,3.913547318867499,3.9652828487318454,18187595
2011-04-14,3.9252281188964844,3.9719568119204305,3.900194469382876,3.9402481339228443,16991827
2011-04-15,3.9302353858947754,3.960275859427596,3.8968576157195005,3.9419176709618133,16373912
2011-04-18,3.873492956161499,3.906870285098589,3.8200883564530503,3.838446105720726,19289525
2011-04-19,3.985309362411499,3.9953230009695075,3.9268983632101095,3.9285674485380078,18521796
2011-04-20,4.043719291687012,4.065414772638127,4.007003795199812,4.03704382627198,26592550
2011-04-21,4.0487236976623535,4.080432797974676,4.013677302974783,4.058737327605358,15448961
2011-04-25,4.063743591308594,4.070419052562158,4.020352219751912,4.04872314843169,21332594
2011-04-26,4.097121715545654,4.113810370232558,4.053730776655407,4.073757162279692,19481320
2011-04-27,4.068751335144043,4.125493648261374,3.9986580950364696,4.120486832287833,25281814
2011-04-28,3.9168832302093506,3.996989678950259,3.8684854567229134,3.981969665223279,35614871
2011-04-29,3.963611602783203,3.9769625294684325,3.905200206774342,3.925227033506579,26505845
2011-05-02,3.92655086517334,4.011692820055253,3.904847637037288,3.99332888613373,15954103
2011-05-03,3.7896552085876465,3.8497555097402967,3.744580419574798,3.839738938498735,44250309
2011-05-04,3.709522247314453,3.7996727107660186,3.6995056747704,3.7946642060681444,37260356
2011-05-05,3.707852602005005,3.762944406302681,3.666116227772815,3.7028445341562954,35704320
2011-05-06,3.808016777038574,3.8297199898666276,3.761272370077358,3.799669857944643,40132067
2011-05-09,3.8263838291168213,3.8313918967292193,3.7328945125147204,3.811358315724599,29901631
2011-05-10,3.9248805046081543,3.9282193613640746,3.8313912048875944,3.8530939922268748,29218138
2011-05-11,3.823042869567871,3.8714569299267225,3.801339653392025,3.8714569299267225,32595266
2011-05-12,3.8046822547912598,3.8330632099551507,3.771293229838109,3.799674185002,46288439
2011-05-13,3.7045140266418457,3.787986781463903,3.676133080313516,3.769622408447597,22022672
2011-05-16,3.6577682495117188,3.756265610021257,3.649420889697746,3.6794705986952208,25509553
2011-05-17,3.6911563873291016,3.7028426009610644,3.5826418272939646,3.6010059708980777,31280689
2011-05-18,3.654430866241455,3.7262169663978133,3.634397063555815,3.684481024205232,22741834
2011-05-19,3.6360692977905273,3.686152857219824,3.6060193368737723,3.66945811898403,25380593
2011-05-20,3.5993423461914062,3.646086617970656,3.584317035047168,3.626053452247866,24064918
2011-05-23,3.5525946617126465,3.5909921905173103,3.494163981502637,3.5342307211651627,27673901
2011-05-24,3.6377344131469727,3.644412563032438,3.582642625339951,3.601006773034741,28069289
2011-05-25,3.602677345275879,3.631057632961078,3.582643545749986,3.6160327747747965,23008536
2011-05-26,3.7345640659332275,3.7345640659332275,3.6143634425637567,3.6343968069833825,44387227
2011-05-27,3.759606122970581,3.8030121510159725,3.746250690865392,3.7562672649442836,30276440
2011-05-31,3.8113579750061035,3.8263834870551117,3.762943892353645,3.8247138400991205,50765575
2011-06-01,3.7323713302612305,3.82755953273364,3.727361286872397,3.820879766205798,38718437
2011-06-02,3.7807960510253906,3.8008357651103224,3.700638068656491,3.744056939357527,28641381
2011-06-03,3.8192059993743896,3.8743151199564543,3.7490680720565788,3.7574175547938404,44503840
2011-06-06,3.724017858505249,3.7958263727857218,3.7006386979137478,3.777456813828227,26987390
2011-06-07,3.765768051147461,3.815866703184519,3.765768051147461,3.775788131143359,30076139
2011-06-08,3.7457284927368164,3.784137339975967,3.722348453441791,3.7674374991876243,25717263
2011-06-09,3.715670347213745,3.750739766300985,3.685611406977816,3.744060001804112,28757995
2011-06-10,3.6772587299346924,3.695628726210297,3.643859709992197,3.6889489659203476,25476902
2011-06-13,3.6956284046173096,3.730697798566055,3.670578650231581,3.680598289794598,23007439
2011-06-14,3.735708713531494,3.7524085556612117,3.7023094662576703,3.710659387322529,19482692
2011-06-15,3.76743745803833,3.7774575371961236,3.690619327413488,3.6956293669923848,60507882
2011-06-16,3.690620183944702,3.7457293211457587,3.6405213059781256,3.72401943592242,28149409
2011-06-17,3.6789302825927734,3.7206794557036216,3.6522112313080655,3.703980048650679,28031973
2011-06-20,3.710660457611084,3.719009944098625,3.6672411177414785,3.685611124176986,23219812
2011-06-21,3.6956284046173096,3.729027203160699,3.6889486449086317,3.7106580824545636,22732505
2011-06-22,3.7323713302612305,3.789150219719694,3.682272644316513,3.6872822507194423,42978261
2011-06-23,3.692291021347046,3.700640945121517,3.635511932967821,3.658891763234915,34016579
2011-06-24,3.673917293548584,3.7156664331544196,3.6555481790249766,3.7089866756939607,23120485
2011-06-27,3.703981876373291,3.715671248585618,3.650542873463181,3.673922054873712,24435063
2011-06-28,3.8308990001678467,3.8526084575198043,3.698971659126621,3.7073215848730223,38883068
2011-06-29,3.911054849624634,3.922744651654528,3.8459265144395784,3.8576158794838635,39251018
2011-06-30,3.9327611923217773,3.949461021186687,3.9060417283290816,3.9327611923217773,26462217
2011-07-01,3.958991289138794,3.9840485058861996,3.885491169090599,3.908877729875256,23501057
2011-07-05,3.953979253768921,3.972354279404619,3.9289224801048834,3.972354279404619,21386648
2011-07-06,3.905536413192749,3.960661934107627,3.8838205108277783,3.9205705666939723,22227363
2011-07-07,3.842057704925537,3.9472967460213337,3.837046176311064,3.9305919420500555,35837671
2011-07-08,3.768557548522949,3.8119897808329504,3.7418305589358605,3.7902738832356953,30274794
2011-07-11,3.5580806732177734,3.678353464423343,3.5497284871164676,3.6733423713203535,54752386
2011-07-12,3.481236457824707,3.5998391538075136,3.474554714302349,3.598168936484543,71940124
2011-07-13,3.489590883255005,3.588147744087165,3.469545423739273,3.516318089756737,61104394
2011-07-14,3.3676493167877197,3.5029567520034326,3.3359105599719467,3.5029567520034326,75059879
2011-07-15,3.4177603721618652,3.4561808448156017,3.3826805536059634,3.4461577897337126,49891111
2011-07-18,3.35762357711792,3.3793396865299536,3.3075100500871533,3.3392483403669138,46232190
2011-07-19,3.4511725902557373,3.4712180637569654,3.396047483487888,3.3977177028419487,41769321
2011-07-20,3.4962751865386963,3.5263432885176873,3.451172705733372,3.489593434667341,47133544
2011-07-21,3.5681025981903076,3.6065233024099967,3.531352549421693,3.531352549421693,52969708
2011-07-22,3.5647614002227783,3.598170790724234,3.5564094350734448,3.5965001354250896,41929288
2011-07-25,3.5213277339935303,3.544714054486263,3.4829070537129914,3.504623156910831,32905870
2011-07-26,3.4628636837005615,3.501284166062606,3.4478293158364353,3.4795680511990743,28936894
2011-07-27,3.349270820617676,3.41274826865528,3.330896022936706,3.411078051060119,63900649
2011-07-28,3.354285478591919,3.404399484184429,3.327558256641486,3.3492739468979527,28443824
2011-07-29,3.4027273654937744,3.409409113470243,3.2941472124140434,3.329227044963797,36621588
2011-08-01,3.3990509510040283,3.4608824994223295,3.3355487464892333,3.4608824994223295,40133714
2011-08-02,3.166764736175537,3.302124552619663,3.1350133199106445,3.2737159775837608,97092977
2011-08-03,3.1350154876708984,3.2085447082951997,3.074855236127716,3.161753207189435,76476802
2011-08-04,2.9612174034118652,3.0464440066653125,2.9110841845487405,3.021377615877309,78181006
2011-08-05,2.9896273612976074,3.0965788596154855,2.8509246539981428,3.079867708501157,77397088
2011-08-08,2.6838133335113525,2.849253776638379,2.6203111245072805,2.814160594454327,91045536
2011-08-09,2.8642947673797607,2.870979143048894,2.663760654937466,2.7222495979735273,93435428
2011-08-10,2.730604410171509,2.840898095002422,2.698852982540855,2.797448795996646,94075842
2011-08-11,2.8442752361297607,2.8848111034661787,2.7496912510335982,2.803739147809952,61063236
2011-08-12,2.9287235736846924,2.938857425358543,2.8442739258027823,2.8848097744647623,44016533
2011-08-15,3.008108615875244,3.0182426948598193,2.96419456825332,2.9777063789215177,48703574
2011-08-16,2.9675703048706055,2.9861492516488717,2.903388589174441,2.9675703048706055,46990315
2011-08-17,3.053711175918579,3.0672232055174904,2.982773075770143,2.997974302429388,53456193
2011-08-18,2.891566038131714,2.928723940894685,2.827384085550227,2.9253459899132,75219022
2011-08-19,2.8037376403808594,2.9185894973951485,2.7952927646359047,2.857785729081658,53992889
2011-08-22,2.7817819118499756,2.8746771383576837,2.761513978948623,2.8746771383576837,53871062
2011-08-23,2.785161256790161,2.793606361963049,2.666931331254184,2.7429366148596945,60565777
2011-08-24,2.7615132331848145,2.8172500888572958,2.693953548753012,2.7716470864070892,54146270
2011-08-25,2.7817819118499756,2.8459641045071273,2.7513799020062555,2.8307628786018846,44916241
2011-08-26,2.8611643314361572,2.8831210133769454,2.727733275407618,2.7800924008920185,43258133
2011-08-29,2.9540586471557617,2.9608145482769674,2.8983217999559456,2.932101526545264,30236380
2011-08-30,3.0097944736480713,3.02330649229146,2.9168999808015172,2.928722582770955,34122766
2011-08-31,3.0685999393463135,3.104085020368602,3.0314249030617026,3.039874016125568,52750201
2011-09-01,3.2460248470306396,3.3034767003199854,3.1581573327154766,3.168295739002343,127720904
2011-09-02,3.092256784439087,3.173365139541652,3.055082186166172,3.1429496998254716,61924805
2011-09-06,2.992558240890503,2.992558240890503,2.8607568863100648,2.90300086486382,53423266
2011-09-07,3.0652220249176025,3.0719809650630436,2.989182621785222,3.0364960871340885,24992613
2011-09-08,3.029733896255493,3.07197789316975,3.0077669205837907,3.03311336294884,33354214
2011-09-09,2.8911750316619873,2.9334186015849455,2.8404821287232886,2.9317290887138823,42240714
2011-09-12,2.791480541229248,2.8421734688727898,2.696854067215873,2.8168270050510187,48423976
2011-09-13,2.764441967010498,2.8151344048721705,2.720508019743488,2.8151344048721705,36296717
2011-09-14,2.793168306350708,2.8202042626620685,2.681643908789221,2.781339951105589,49621116
2011-09-15,2.8675179481506348,2.8894849306026265,2.820204957675287,2.8573795449412924,31150905
2011-09-16,2.8810369968414307,2.9030039865876693,2.828654566285027,2.887795934558664,35637919
2011-09-19,2.7661335468292236,2.7864105813476607,2.7188205399804106,2.7509259367523597,47785482
2011-09-20,2.747545003890991,2.7999276283533248,2.728957492646776,2.7492345163611467,35794593
2011-09-21,2.6258838176727295,2.7424772733661924,2.6208148349713505,2.7036127144408257,55723434
2011-09-22,2.4822542667388916,2.5599831597291933,2.445079665297601,2.4856337357639857,71603728
2011-09-23,2.538015365600586,2.5633618174317108,2.4687353881832603,2.480563968192512,50194855
2011-09-26,2.612365245819092,2.6157449354778284,2.463666859808181,2.5667419778760157,43547884
2011-09-27,2.7441673278808594,2.796549765450273,2.6934744038843323,2.6934744038843323,90274241
2011-09-28,2.6799557209014893,2.815136232514356,2.6782657655319912,2.737407349903919,63194383
2011-09-29,2.720510482788086,2.789790490626909,2.6664385295919812,2.739098006870229,60045543
2011-09-30,2.6225035190582275,2.6951634101446356,2.581949459446951,2.663058020834639,70061137
2011-10-03,2.5645203590393066,2.6321413718691073,2.5459251058194945,2.6067834644101224,53150528
2011-10-04,2.5746614933013916,2.5780424859250965,2.454634928066075,2.5307081468286303,71614429
2011-10-05,2.662569522857666,2.6794744916538646,2.564519155563099,2.5864960573629046,47268816
2011-10-06,2.809644937515259,2.809644937515259,2.7082137905864556,2.723428484744015,53713840
2011-10-07,2.7504773139953613,2.878956885892983,2.725119410622961,2.843456219300017,52540571
2011-10-10,2.9043121337890625,2.9499561854165606,2.8400721853938045,2.8485251070325015,41777553
2011-10-11,2.9499566555023193,2.9854575164757007,2.8738834451828663,2.899241329410867,40086520
2011-10-12,3.0412464141845703,3.10886740154951,2.9195290792924666,2.9195290792924666,46216550
2011-10-13,3.004056215286255,3.0141994226650124,2.9330542059999116,3.0141994226650124,34216057
2011-10-14,3.0615315437316895,3.081817501169967,2.9989822902343968,3.0412453651110947,37694433
2011-10-17,2.970242500305176,3.0260295297559785,2.9651712336779665,3.012505341081837,31962535
2011-10-18,3.0243425369262695,3.046319450313771,2.9212206246200845,2.97700771460934,46598768
2011-10-19,3.0327932834625244,3.054770185827231,2.97700622145398,3.0074358296164303,57514344
2011-10-20,2.9939117431640625,3.039555379576129,2.906004579331164,3.0243409078328973,42029987
2011-10-21,3.069983720779419,3.091960613267212,3.0175776761694837,3.022648943477181,47079490
2011-10-24,3.196773052215576,3.213678236880548,3.0666030639406023,3.0750553244996324,38400425
2011-10-25,3.075054407119751,3.157890251748563,3.046315977772741,3.1477470555026743,50636340
2011-10-26,3.1460559368133545,3.1494369280695804,3.0530775713560985,3.1206980600272423,48501352
2011-10-27,3.325252056121826,3.3962539982401676,3.2508691218031522,3.3167991332564517,72804436
2011-10-28,3.3387770652770996,3.369206446926349,3.2948239317948262,3.2998952004932476,53727833
2011-10-31,3.2322709560394287,3.3235590085356854,3.2322709560394287,3.277914982287557,39362967
2011-11-01,3.116769552230835,3.157356770900105,3.0051543689953393,3.047432924600553,80186210
2011-11-02,3.2013282775878906,3.243606633247003,3.165814166766486,3.216548105052042,40523066
2011-11-03,3.1759636402130127,3.233462316089904,3.1353761443614068,3.2233153868110924,64611580
2011-11-04,3.160737991333008,3.177649142650325,3.0846369253520214,3.1404443884889623,36124129
2011-11-07,3.137063503265381,3.1962532220438287,3.1252252497409883,3.1911796532100376,47774232
2011-11-08,3.1793415546417236,3.1894882481586713,3.113387161728268,3.145518800391917,37312764
2011-11-09,2.9882423877716064,3.0829461879245144,2.976404799963309,3.050814991872972,67571095
2011-11-10,3.0068471431732178,3.0880220737859654,2.9848621831584623,3.0829482810695237,49404901
2011-11-11,3.0897104740142822,3.1066222914451,3.045741032021268,3.052505493477641,24645241
2011-11-14,3.0575788021087646,3.1201509503387004,3.0474321107827924,3.099857346423479,24971759
2011-11-15,3.0474345684051514,3.0778748881951286,3.000082418976742,3.040669659539015,15782613
2011-11-16,3.001774311065674,3.07280188453229,2.998392077271572,3.022067935093778,34150753
2011-11-17,2.939199686050415,3.02883037029515,2.9053771495412923,3.0186836757214173,44134518
2011-11-18,2.8732457160949707,2.949347485625946,2.8563345559422344,2.949347485625946,52194846
2011-11-21,2.802217960357666,2.8411136225937232,2.773468328827935,2.8123646548540284,40205328
2011-11-22,2.775158643722534,2.8242016540023656,2.731189200894616,2.7836146632301557,50403113
2011-11-23,2.6787643432617188,2.726116023659984,2.6550885030625864,2.7159693298303544,36723660
2011-11-25,2.661853790283203,2.697367669264056,2.6381772809269517,2.6415597342335797,21291162
2011-11-28,2.7836127281188965,2.7886858495174796,2.739642873331333,2.7650100291662674,31013987
2011-11-29,2.761630058288574,2.8275844518596944,2.75317448027347,2.7836150036544987,21291711
2011-11-30,3.0102288722991943,3.0322138286305904,2.9425831081219416,2.9916263701242385,72460357
2011-12-01,3.1044626235961914,3.16198386620272,3.0537082865280163,3.068934764728853,55680356
2011-12-02,3.138298511505127,3.209354446305684,3.089236180468049,3.185668839571542,37522119
2011-12-05,3.222888469696045,3.2448820718928864,3.189052175650939,3.2127377806979194,48861894
2011-12-06,3.190742015838623,3.2076600407190323,3.1366041591410725,3.1704404302521922,34230874
2011-12-07,3.2025840282440186,3.231344286227867,3.161980425689391,3.17889822450342,34839185
2011-12-08,3.114610195159912,3.1975082960498042,3.1095346340858576,3.1653640350985124,27688443
2011-12-09,3.229656219482422,3.248266039648347,3.138298679012811,3.1399902393728274,33108366
2011-12-12,3.114610195159912,3.134911775405401,3.065547913779006,3.124760874607535,30878166
2011-12-13,3.0587821006774902,3.12137887393961,3.0300213851759183,3.1078446279156737,30202356
2011-12-14,3.026639223098755,3.065550862460228,3.002954060255191,3.0486328257575526,34040176
2011-12-15,2.9894182682037354,3.080775772446248,2.9894182682037354,3.0706250862084516,32517066
2011-12-16,3.035097599029541,3.050324073990262,2.984343715462493,3.035097599029541,34298921
2011-12-19,2.975884437561035,3.030022323829262,2.965733528548137,3.0164880736126274,29397311
2011-12-20,3.06893253326416,3.1298370736800636,3.0587816289612966,3.080774775358475,34692663
2011-12-21,3.0858516693115234,3.096002355914596,3.0384806917451885,3.0841594455102133,28003986
2011-12-22,3.165364980697632,3.1721321023509432,3.080774631929384,3.0875419749330044,38882793
2011-12-23,3.158600091934204,3.173826347768268,3.138298491272274,3.167059221331113,26432858
2011-12-27,3.14168119430542,3.153523883678404,3.1146124746176915,3.136605629516767,19502996
2011-12-28,3.0570898056030273,3.116303011684564,3.043555560876123,3.116303011684564,20311334
2011-12-29,3.12790846824646,3.131321305051118,3.063063452630333,3.0733021863098315,17441818
2011-12-30,3.1683647632598877,3.173486195101743,3.115444938799276,3.123980509635227,15209972
2012-01-03,3.2383575439453125,3.258842611326156,3.19055868113864,3.202508396840308,28338735
2012-01-04,3.2417712211608887,3.287862783691476,3.2212857100070877,3.2281144370758117,22893843
2012-01-05,3.2127509117126465,3.2383574124117493,3.159830840047943,3.211043618095335,16078125
2012-01-06,3.2093377113342285,3.2332369254171387,3.1820241323672924,3.2332369254171387,11385048
2012-01-09,3.2827417850494385,3.2827417850494385,3.2161651492448042,3.24859993198813,28026759
2012-01-10,3.3612701892852783,3.391997697126248,3.3390778148961333,3.340785109607646,34458339
2012-01-11,3.3851685523986816,3.3919968361076274,3.337370119734264,3.3390769673106004,15387499
2012-01-12,3.4141898155212402,3.4244324662675463,3.373219212536017,3.4056542360074955,21886302
2012-01-13,3.3851685523986816,3.402239485021945,3.3356628254561276,3.3510269105030543,39570676
2012-01-17,3.4363818168640137,3.458573740488944,3.4227248017776097,3.4397959589601568,39602779
2012-01-18,3.555878162384033,3.56099915190183,3.4397957739038314,3.4432099158162983,32892150
2012-01-19,3.583190441131592,3.583190441131592,3.53539202206075,3.53539202206075,37067738
2012-01-20,3.6019701957702637,3.603677043587655,3.5439288826435544,3.579777823880201,22562112
2012-01-23,3.550755739212036,3.571240808343802,3.514906589042894,3.540513316321574,26558801
2012-01-24,3.4705233573913574,3.4841799244886444,3.44491662403126,3.467108992266141,39914480
2012-01-25,3.560997724533081,3.5883117422880457,3.4397943951174907,3.450037040100195,32917119
2012-01-26,3.5473413467407227,3.601968491686802,3.5200279976185085,3.56270542668878,34101090
2012-01-27,3.5524635314941406,3.58489832189991,3.4927153861972675,3.511492940780303,41676854
2012-01-30,3.4671084880828857,3.4756442879792124,3.391996263216073,3.4227239814183665,27570732
2012-01-31,3.407360792160034,3.4585733647401398,3.391996707694755,3.434674149312698,41568472
2012-02-01,3.5024776458740234,3.5246777900032815,3.432462322302872,3.4392929983862417,51525896
2012-02-02,3.540045976638794,3.553707323860458,3.4819841338013577,3.5127223884791747,25135567
2012-02-03,3.5588324069976807,3.5776172184330197,3.5110172139434894,3.563955862377089,23065334
2012-02-06,3.567371368408203,3.567371368408203,3.524678958446996,3.5315096367947603,21797127
2012-02-07,3.608354091644287,3.6134775450339465,3.497354499651672,3.5827390589872956,34327732
2012-02-08,3.6783695220947266,3.6903232029200748,3.6459233701391334,3.664707725721823,37100664
2012-02-09,3.6544628143310547,3.674955069457445,3.637386121250055,3.6630016077299365,32084087
2012-02-10,3.6220152378082275,3.6373847024444648,3.587861418109954,3.6049383279590907,16704546
2012-02-13,3.7159388065338135,3.731308272118919,3.6527541691624337,3.6630004050761316,26070670
2012-02-14,3.669830083847046,3.6920302183953817,3.639091831308451,3.671537528701852,21468689
2012-02-15,3.584446907043457,3.693739289327364,3.5742008928297238,3.685201167578409,38077474
2012-02-16,3.628847122192383,3.6339699057663437,3.5229698566948624,3.5383391011333494,25350959
2012-02-17,3.6544628143310547,3.6612937149926457,3.603232288229674,3.620309204739865,18920752
2012-02-21,3.6664156913757324,3.697153951829382,3.642508105816424,3.697153951829382,11868788
2012-02-22,3.6186001300811768,3.7193541503547367,3.6032311113281668,3.7193541503547367,25334770
2012-02-23,3.599815607070923,3.6220152997969,3.569076900701477,3.604938389655502,18805510
2012-02-24,3.606647253036499,3.6408010825170214,3.5639550779004305,3.6083546987384407,16755856
2012-02-27,3.5588324069976807,3.5810325574470023,3.533217364392811,3.5605402999338893,19481594
2012-02-28,3.6664156913757324,3.6732463662700736,3.5964003799922772,3.6015231627339186,29990806
2012-02-29,3.5946919918060303,3.707399676013865,3.5946919918060303,3.668122630503921,40604832
2012-03-01,3.750232458114624,3.7692423621761564,3.6655493863463686,3.669005773651114,28173281
2012-03-02,3.7467777729034424,3.802080450468987,3.727767406829447,3.729495827485888,23042285
2012-03-05,3.6724634170532227,3.7364075006460635,3.6551807984027813,3.724309690202216,22762413
2012-03-06,3.5203795433044434,3.5981491672595602,3.494456184576348,3.592964812074359,40606204
2012-03-07,3.565312385559082,3.5791383854084833,3.51173748407219,3.52729167737413,25944728
2012-03-08,3.7173972129821777,3.722582021605664,3.6119757858331165,3.6119757858331165,65135107
2012-03-09,3.7087526321411133,3.758870895675829,3.6741883280560974,3.7001116691770743,75378165
2012-03-12,3.608520030975342,3.663823158570168,3.580868467177929,3.653453765617469,37989122
2012-03-13,3.681105136871338,3.7001155011947016,3.620617429021365,3.620617429021365,45713328
2012-03-14,3.6655492782592773,3.6793755054142703,3.629256986515039,3.6551798905362363,30422962
2012-03-15,3.694931983947754,3.701844763895398,3.6292598961009057,3.6517264309307484,26360695
2012-03-16,3.7087526321411133,3.732948006783713,3.694926865284221,3.696655283991459,36171049
2012-03-19,3.6776466369628906,3.7243085397201243,3.669005443364344,3.6828316696823866,34957170
2012-03-20,3.5981502532958984,3.6137044541191763,3.579140116125487,3.6137044541191763,37516906
2012-03-21,3.579139471054077,3.6119753827268495,3.5497597212201835,3.5860524730756698,26268227
2012-03-22,3.477174758911133,3.5411188463071843,3.4581641712139564,3.5393908782883696,34034414
2012-03-23,3.4737188816070557,3.496185860875881,3.4443391247876174,3.470262492831749,32850444
2012-03-26,3.525564193725586,3.530748548679928,3.48408664071596,3.4961844487725795,24262475
2012-03-27,3.5221080780029297,3.5756827648576137,3.5065538813673536,3.5151948504820165,27333115
2012-03-28,3.4218733310699463,3.497914578766651,3.3924935679543013,3.492730220607326,36327448
2012-03-29,3.3700239658355713,3.3821215458582548,3.3112642591376034,3.3769367394973684,40252797
2012-03-30,3.31644868850708,3.399403319706156,3.285340984450567,3.3976749003726434,52676117
2012-04-02,3.3454947471618652,3.3627838860474313,3.2867109963245285,3.3057290490986513,47860389
2012-04-03,3.3091893196105957,3.37143139658771,3.278068620435495,3.3541420187308892,36451744
2012-04-04,3.191617727279663,3.278064740452319,3.189889040369957,3.257317556822711,46892085
2012-04-05,3.125922441482544,3.1847062430730704,3.108632835251743,3.151856172201748,57484161
2012-04-09,3.0861566066741943,3.103445758646009,3.0584932848923656,3.0809694086647,38146619
2012-04-10,2.9997074604034424,3.1328358764122206,2.9478391347385253,3.1086304013985946,74213950
2012-04-11,3.0118117332458496,3.0740531200505403,3.001437565554591,3.03774545590703,39535006
2012-04-12,3.0982589721679688,3.0982589721679688,2.999709668989019,3.0118125285111725,28380716
2012-04-13,2.989335775375366,3.074053518553261,2.977232917480012,3.074053518553261,29045550
2012-04-16,2.9651286602020264,3.018725668381628,2.9443810152969685,3.0083515066158992,35396186
2012-04-17,2.942652702331543,2.997978405203415,2.9305498513770263,2.992791889182161,39648053
2012-04-18,2.892512321472168,2.9443801747799663,2.8613914285205007,2.8700359953355554,41404115
2012-04-19,2.899428606033325,2.9098020884693527,2.852747256444848,2.871765759995134,38358444
2012-04-20,2.973773956298828,3.011810978168183,2.9616717816332883,2.9685874392758094,43455965
2012-04-23,2.916719675064087,2.9374666520670605,2.868309609639316,2.9011589898940238,47541005
2012-04-24,2.8907859325408936,2.9668593239424,2.871767867451705,2.934009260161496,37429103
2012-04-25,2.7265360355377197,2.7974224372691427,2.7109758045118,2.778404377126352,114437388
2012-04-26,2.719620704650879,2.729994420321866,2.6660236638034784,2.6815843504144277,74708940
2012-04-27,2.72480845451355,2.7490134943771403,2.7092477647461926,2.7455556638550536,35102869
2012-04-30,2.71270489692688,2.750741475295907,2.686770722269591,2.750741475295907,41133846
2012-05-01,2.71270489692688,2.750741475295907,2.7023314080311045,2.7230786120315806,34652878
2012-05-02,2.636246919631958,2.729657302364606,2.6241378896961534,2.6950604619611354,71489035
2012-05-03,2.632786273956299,2.6518138043362427,2.573972076158639,2.610298472475644,68348701
2012-05-04,2.568784713745117,2.6777633000638272,2.5428373019600614,2.6604651009819182,106935708
2012-05-07,2.594731092453003,2.603380529545699,2.5462963269177816,2.5670541159077813,52789163
2012-05-08,2.594731092453003,2.5964611156661426,2.534187522371809,2.5705137096853923,56140225
2012-05-09,2.527268409729004,2.546296630422594,2.4944018122755107,2.527268409729004,55439720
2012-05-10,2.5359179973602295,2.593001983833358,2.520349369938751,2.5895423894394183,51634278
2012-05-11,2.548025131225586,2.5999199275809874,2.5151590002219733,2.5272673484779853,49930622
2012-05-14,2.4632644653320312,2.5289976396136304,2.444236250609008,2.4840222502829863,33421987
2012-05-15,2.4494261741638184,2.5186191765627006,2.4459665806249538,2.4840225622011,36707745
2012-05-16,2.4027209281921387,2.5099699097467965,2.385422734563879,2.5099699097467965,40995008
2012-05-17,2.3145010471343994,2.40791122873268,2.298932419489578,2.388883232968667,44632801
2012-05-18,2.3145010471343994,2.368125439982869,2.292013230602438,2.3456376234509073,45781650
2012-05-21,2.428668737411499,2.432128331450079,2.3145007761922516,2.31623034688719,53533020
2012-05-22,2.381962776184082,2.451155766420999,2.3577453993443704,2.4286679597223966,46622639
2012-05-23,2.4044504165649414,2.4113698282721514,2.2712542873491115,2.3646646479644717,52987818
2012-05-24,2.388883113861084,2.411370929271823,2.338718317957357,2.3975318732144117,34303586
2012-05-25,2.468454599380493,2.489212388687994,2.39926159114826,2.4217494036953626,48194864
2012-05-29,2.470182418823242,2.4961298068063917,2.4338560303819974,2.487480602037283,37620898
2012-05-30,2.397531747817993,2.4234791561427005,2.380233551042973,2.380233551042973,47014735
2012-05-31,2.503051280975342,2.506510875520393,2.3888833030423466,2.3958024921324492,66717209
2012-06-01,2.4127042293548584,2.5061660548394302,2.4109730228773816,2.4577040488444206,44975782
2012-06-04,2.385011672973633,2.4455889643470208,2.376358130055291,2.412704640749051,31097948
2012-06-05,2.385011672973633,2.4300121794848244,2.3677041342378593,2.4109734339763835,27755942
2012-06-06,2.468087673187256,2.4698186524272114,2.350394898283887,2.3607794150271997,44791121
2012-06-07,2.5148191452026367,2.5667426443656223,2.49404988140711,2.5044344000801506,36286016
2012-06-08,2.4507813453674316,2.48712785447358,2.445588857523962,2.4732815976402187,34716809
2012-06-11,2.4352033138275146,2.5044345754083603,2.4300112805769607,2.4992420892588836,23853367
2012-06-12,2.4663586616516113,2.4750122044698624,2.4403969009491457,2.449050443767397,37867570
2012-06-13,2.457703113555908,2.502703595268881,2.4352028726994215,2.442126110828118,36846858
2012-06-14,2.4715499877929688,2.4940502343340696,2.4369346942017285,2.457703734486786,33797346
2012-06-15,2.533857583999634,2.533857583999634,2.4819338645006894,2.494049587758292,26635903
2012-06-18,2.5148191452026367,2.5338578823354356,2.4767421238359297,2.487126868958416,25220352
2012-06-19,2.606553077697754,2.606553077697754,2.521744510912807,2.5321290392765645,37670287
2012-06-20,2.5563595294952393,2.5840518209464416,2.506166755881501,2.5702055619960555,36271473
2012-06-21,2.4369351863861084,2.5477047823085943,2.435203979780416,2.533858752655426,22625769
2012-06-22,2.367704391479492,2.4438587024384835,2.3452041357793334,2.4421277219272968,36354063
2012-06-25,2.275973081588745,2.336550147441435,2.269050065988283,2.3209731358908465,36221261
2012-06-26,2.267319917678833,2.289820181783596,2.2309736159091753,2.281166181793382,46131765
2012-06-27,2.2915496826171875,2.3157811434651046,2.2378956313727514,2.2621268657711155,25692568
2012-06-28,2.267319917678833,2.2690511252862535,2.22232006881827,2.2517433517554806,21492560
2012-06-29,2.409243583679199,2.4127053188488325,2.353858538360371,2.3625125366100415,33049373
2012-07-02,2.455476760864258,2.457208611388403,2.405258986312087,2.4312337988502453,27861580
2012-07-03,2.5264763832092285,2.535134963452279,2.460674164001268,2.4831850679390186,21207200
2012-07-05,2.5108888149261475,2.555911245722552,2.4606710612839535,2.4779872936813048,42723083
2012-07-06,2.479719638824463,2.4849147370940305,2.43123371643994,2.43123371643994,36147177
2012-07-09,2.462405204772949,2.4745268075360327,2.4364301475118753,2.455478477523954,18891392
2012-07-10,2.389674425125122,2.49184207301825,2.372358181839418,2.488378824361109,49169479
2012-07-11,2.391406774520874,2.4468192124632555,2.3463836306044716,2.3983332726228066,49852423
2012-07-12,2.389674425125122,2.406991348101129,2.3273354961697192,2.3481152146759983,39000505
2012-07-13,2.4381608963012695,2.4520138901182476,2.406991207086227,2.4191125766760826,32489079
2012-07-16,2.4693286418914795,2.4901083447310857,2.4243059901662107,2.453744034684223,44336465
2012-07-17,2.479719638824463,2.5004993522125982,2.4364283615827507,2.4849147370940305,26218564
2012-07-18,2.5230116844177246,2.5247435354105794,2.4450876788405944,2.45028232556537,22694640
2012-07-19,2.5836191177368164,2.588814216929022,2.5334011094048687,2.543791081225861,34230599
2012-07-20,2.5559120178222656,2.583618451154277,2.5455222752452817,2.5593754919112874,32394965
2012-07-23,2.462405204772949,2.4745268075360327,2.422577146140974,2.462405204772949,35321553
2012-07-24,2.5559120178222656,2.576691729539594,2.5334004557787466,2.5628387394369487,60823973
2012-07-25,2.5680346488952637,2.5992041130404315,2.5437912288636175,2.5749611461356494,53400767
2012-07-26,2.677129030227661,2.687519006210481,2.6095949793116158,2.632106556180474,55186737
2012-07-27,2.770636558532715,2.8035380926710483,2.6840542297995182,2.706565793864516,65167210
2012-07-30,2.8191237449645996,2.832976966857227,2.744662535689573,2.7481257845218687,50082906
2012-07-31,2.737736463546753,2.8121976843951617,2.7100302420186124,2.782759611618249,55931418
2012-08-01,2.7268238067626953,2.7718662373070377,2.6817806962265474,2.759739716772402,34852904
2012-08-02,2.6649608612060547,2.73136666926209,2.6614658788450614,2.694668668553363,51316266
2012-08-03,2.7855372428894043,2.8187400047188875,2.7505872199859507,2.764567137691636,32707215
2012-08-06,2.8432066440582275,2.878156914712341,2.789033747408288,2.7995189200602684,30265465
2012-08-07,2.881653070449829,2.9061186357014837,2.865925648021293,2.872915842184545,56200864
2012-08-08,2.9567952156066895,2.9602901967657003,2.853691670940399,2.872914524593665,59565095
2012-08-09,2.928835868835449,2.9515537128658305,2.906118482083961,2.918350692464547,30030043
2012-08-10,2.9760165214538574,2.984754199788915,2.8851456727820466,2.911358479147949,35837946
2012-08-13,2.9498045444488525,2.9707746550031398,2.911358846380845,2.925338996296803,24965723
2012-08-14,2.9078638553619385,2.9672794351263097,2.8991266332354746,2.935823926451674,32096709
2012-08-15,2.928835868835449,2.956796415371005,2.9008757795787865,2.913108447238265,26746754
2012-08-16,3.000483512878418,3.009220738146644,2.935824982125854,2.955047838001347,31763880
2012-08-17,3.0144619941711426,3.0389270820246654,2.9917441676222247,3.0057243158124964,25437665
2012-08-20,2.9934940338134766,3.028444083734857,2.9602910176773602,3.0232013819031454,28216634
2012-08-21,2.963783025741577,3.0214510875463803,2.944560414686372,2.9830054081575947,25644825
2012-08-22,2.981257915496826,2.98650015438135,2.918347162016654,2.963782795112011,30081627
2012-08-23,2.941066265106201,2.9515514333793966,2.9026212578092037,2.9463091922017037,31439009
2012-08-24,2.9463086128234863,2.967278487967707,2.916600603784832,2.9200958116147606,31909853
2012-08-27,2.886894464492798,2.923592452774494,2.8676716107379003,2.9148545425520624,19875611
2012-08-28,2.871166229248047,2.8851463808314737,2.850196344831896,2.8676712485120217,17431391
2012-08-29,2.8047611713409424,2.876409191838846,2.7802956199798285,2.869419001644338,31017005
2012-08-30,2.7925288677215576,2.794276587116671,2.750588860944505,2.7540838424559784,26495967
2012-08-31,2.7640321254730225,2.8269705122668802,2.7552910704493065,2.7902564342421634,33973227
2012-09-04,2.7010927200317383,2.764030614951318,2.6975962084372296,2.7587860762990286,26276185
2012-09-05,2.718576431274414,2.7255694568416127,2.680113875696616,2.699345153485515,33170377
2012-09-06,2.8077399730682373,2.8182295163583726,2.734312483818314,2.737808998248359,29031282
2012-09-07,2.8969016075134277,2.9406084790029685,2.8024943808135356,2.8024943808135356,28986832
2012-09-10,2.8392090797424316,2.882915735633926,2.8322155939188507,2.867181421859259,27963925
2012-09-11,2.8689279556274414,2.8811662063336843,2.8514453938743034,2.856690391139768,21180859
2012-09-12,2.926621675491333,2.9493494659762174,2.8864110924162953,2.889908062665517,32659472
2012-09-13,3.024524211883545,3.0315172346640358,2.9021447120487323,2.910886219263806,44208602
2012-09-14,3.045504570007324,3.11718398267076,3.0332663202371446,3.0350143475392346,53632073
2012-09-17,3.000048875808716,3.059490493760578,2.9843141145960494,3.055993981819762,42900610
2012-09-18,2.9545958042144775,3.003547462682039,2.9301195175013883,3.003547462682039,28027034
2012-09-19,2.945852756500244,2.9878111356795194,2.923124967532981,2.933614505142916,26896020
2012-09-20,2.9231252670288086,2.937111318608363,2.8986494480250293,2.9248737522158117,25800676
2012-09-21,2.9178812503814697,2.973826157349881,2.912636250946581,2.951098817670373,29589655
2012-09-24,2.9353630542755127,2.9668318965323084,2.91788026247083,2.9406080519345954,21188816
2012-09-25,2.755293369293213,2.8724278131492507,2.7500481371797343,2.863686750832541,69521970
2012-09-26,2.7517943382263184,2.753542366100446,2.6888559564349186,2.7465491109060327,40881687
2012-09-27,2.7343099117279053,2.7727717630180506,2.6975958585293585,2.7640302564261745,30605428
2012-09-28,2.6713719367980957,2.6713719367980957,2.629412882347999,2.645147642136523,39017242
2012-10-01,2.6918375492095947,2.716324587840988,2.6551066479958867,2.6568557058378137,26190302
2012-10-02,2.6865897178649902,2.7250692130876852,2.6778439723629845,2.7233203843694103,20831293
2012-10-03,2.6568551063537598,2.6830914257516154,2.64461170422283,2.679593082012704,19271141
2012-10-04,2.6708483695983887,2.6708483695983887,2.621874288649499,2.655106847836236,36551072
2012-10-05,2.6638522148132324,2.7163248709170245,2.6498595217751837,2.697084774961935,21944746
2012-10-08,2.681342124938965,2.693585985737284,2.6183755941153195,2.64111380043612,22289374
2012-10-09,2.6008822917938232,2.6376131523832944,2.5816422191232697,2.6376131523832944,30695975
2012-10-10,2.53617000579834,2.6131292575288785,2.5239261400098534,2.611380428073416,33992708
2012-10-11,2.5554075241088867,2.592138407714903,2.548411296094961,2.5589056381158493,40461055
2012-10-12,2.543165683746338,2.5868928182311333,2.5274237047949435,2.5501619154185824,21004430
2012-10-15,2.560656785964966,2.57639808019161,2.544914805204977,2.557158440882497,27067510
2012-10-16,2.579897403717041,2.60788279944136,2.5519117791482073,2.5973882188336117,31959242
2012-10-17,2.590388536453247,2.592137363908205,2.52042514026547,2.583392311256574,34412791
2012-10-18,2.581644058227539,2.599134858606504,2.546662686313931,2.5973860302973617,31937566
2012-10-19,2.5414154529571533,2.5781461132814187,2.525673479853226,2.5728987126319973,33794328
2012-10-22,2.5484118461608887,2.574648164564733,2.5274229287444236,2.529172214969785,32133751
2012-10-23,2.452211856842041,2.497687793656952,2.4364698871481956,2.495938965611765,82593936
2012-10-24,2.52917218208313,2.5676519016536914,2.4924415198708347,2.499437749303901,36386441
2012-10-25,2.5763962268829346,2.637614590078076,2.5728981131612523,2.6201233349368134,43694131
2012-10-26,2.560656785964966,2.581645483393089,2.5536603246444765,2.5711511346790275,27869263
2012-10-31,2.550161600112915,2.57989603873239,2.5379179673558854,2.5746486367825807,19795765
2012-11-01,2.658132314682007,2.6738816279532007,2.57763562111424,2.5863855703101057,33248302
2012-11-02,2.672131299972534,2.8436238348132643,2.644132701003023,2.8436238348132643,25394037
2012-11-05,2.651130437850952,2.67562922342067,2.6388813884973836,2.6633801740671017,23009359
2012-11-06,2.6843793392181396,2.7071284583103035,2.6546304031152297,2.675629396239051,24166989
2012-11-07,2.619631767272949,2.6598800782916894,2.6038822390426084,2.6563800559326314,35680449
2012-11-08,2.5583853721618652,2.651131074980596,2.540886398945358,2.6231324888799357,41505638
2012-11-09,2.5443873405456543,2.577635404644555,2.530387926707555,2.546137009701771,33243363
2012-11-12,2.5513861179351807,2.560135376738179,2.5251371967547924,2.539136606120714,14888667
2012-11-13,2.540886163711548,2.5688847472201144,2.51113722513488,2.525136631366277,22711926
2012-11-14,2.495387554168701,2.5496350449896616,2.484887943803208,2.537385995630673,30284123
2012-11-15,2.5181384086608887,2.5373877457670178,2.4848896577295525,2.488389682901618,19816344
2012-11-16,2.5146381855010986,2.54788670183306,2.4848892358383337,2.542636779443484,26944860
2012-11-19,2.614384412765503,2.619634336976866,2.551387382818675,2.5531370522832733,24398569
2012-11-20,2.61613392829895,2.6248831893933042,2.5688859951729937,2.596884592283149,17104599
2012-11-21,2.619631767272949,2.6266313540827295,2.5863832720181574,2.605632364699221,24041869
2012-11-23,2.6686317920684814,2.6826309785886835,2.6511325799638503,2.652882707233254,12361309
2012-11-26,2.651130437850952,2.672129429618453,2.6318811140303673,2.661630048211799,17704678
2012-11-27,2.5968830585479736,2.656380471556899,2.584634008668507,2.637131375864071,30803533
2012-11-28,2.60038423538208,2.6056341580569025,2.5566361008482934,2.574135308870943,28723971
2012-11-29,2.649383306503296,2.6756317851510123,2.582886015823684,2.588136169462053,34764827
2012-11-30,2.651130437850952,2.6633801740671017,2.5933831532517777,2.6388813884973836,32194116
2012-12-03,2.680368661880493,2.7398938311058907,2.6751167711825596,2.701377828093149,37669190
2012-12-04,2.6733651161193848,2.7223858035767883,2.662860879430001,2.7101306317124374,34667694
2012-12-05,2.739891290664673,2.7679027991287386,2.6873696836620597,2.7083783722750887,40138104
2012-12-06,2.7556509971618652,2.7556509971618652,2.7013781698877404,2.711882639793091,22365653
2012-12-07,2.7538998126983643,2.7714071097096484,2.7101316847002335,2.7714071097096484,15651731
2012-12-10,2.762652635574341,2.76965545979103,2.7276375982506464,2.729388533364881,17764494
2012-12-11,2.7731573581695557,2.7889141735401717,2.729389011960329,2.7346411310437992,30027848
2012-12-12,2.7609024047851562,2.781911111854751,2.7398936977155617,2.769656166349224,28016882
2012-12-13,2.7556509971618652,2.7959177118554157,2.7363927641586954,2.7749085429845533,29394293
2012-12-14,2.741644859313965,2.7626535681156423,2.729389454677789,2.7538995767697227,35963339
2012-12-17,2.729388952255249,2.7416443546354654,2.711881889026646,2.732890593961067,18086622
2012-12-18,2.77140736579895,2.7731583018160153,2.706630292153487,2.7258885267995816,28759641
2012-12-19,2.8589441776275635,2.8782024128773727,2.776659802773588,2.7836628598808426,50067815
2012-12-20,2.869448184967041,2.8747005346328676,2.846688995675856,2.86244535749283,38632829
2012-12-21,2.8729491233825684,2.9009613448855407,2.8326824139475364,2.8379347627443763,39142910
2012-12-24,2.8536925315856934,2.895709732549356,2.8379357090014836,2.879953139025353,6837669
2012-12-26,2.8796606063842773,2.916760010146029,2.8761270986909264,2.895560119708987,20360174
2012-12-27,2.876126766204834,2.8990930611166825,2.844326587508517,2.8920265088361137,20128868
2012-12-28,2.867292881011963,2.900859461205461,2.8407928519562335,2.8407928519562335,28289346
2012-12-31,2.9079272747039795,2.9114605515258427,2.8637606209967945,2.8672938978186577,18563777
2013-01-02,2.983395576477051,2.983395576477051,2.9533494876898003,2.9533494876898003,44497804
2013-01-03,3.0770695209503174,3.0876738635384537,2.990466233598751,3.0010705761868874,52405848
2013-01-04,3.064695119857788,3.0717646764954236,3.022277317546262,3.0293471054267544,34027280
2013-01-07,3.0311152935028076,3.0593937565922573,2.999301357703837,3.032882451750316,27303207
2013-01-08,3.025813579559326,3.0434877110627037,2.9993022666827747,3.006372058029908,32140062
2013-01-09,3.066464424133301,3.066464424133301,3.0258137574160155,3.036418329438565,44058514
2013-01-10,3.043487310409546,3.0629290606225688,3.0275810335120976,3.0593942810358157,26720962
2013-01-11,3.047022581100464,3.0576271528128562,3.0152093284492416,3.0275815214828476,20412033
2013-01-14,3.0770695209503174,3.0965110469382577,3.064697325444777,3.0823719234874094,24644418
2013-01-15,3.052324056625366,3.075299887688867,3.0293475318331957,3.057625993607028,17131214
2013-01-16,3.052324056625366,3.057625993607028,3.0169753434901283,3.0240453636086437,15020098
2013-01-17,3.1000442504882812,3.1194853026483274,3.0894396828437913,3.094741619801703,23032956
2013-01-18,3.1336286067962646,3.1336286067962646,3.075303304074682,3.080605940675767,36750001
2013-01-22,3.1442298889160156,3.1459970473212135,3.0823705575030833,3.0823705575030833,31209349
2013-01-23,3.085904598236084,3.126554781656756,3.077067420867608,3.124787392431634,21585302
2013-01-24,3.108881950378418,3.138928042179969,3.0876730396185432,3.0982773793769995,22291020
2013-01-25,3.1177191734313965,3.144230485670702,3.0912078611920912,3.0982774211263244,18766273
2013-01-28,3.0753014087677,3.094743164359615,3.052325566340088,3.091208383794905,34183680
2013-01-29,3.098278045654297,3.112417399615835,3.071766728071036,3.0894413251982296,34992017
2013-01-30,3.059394121170044,3.0894402085732957,3.0240458646637225,3.048789551720976,24298693
2013-01-31,3.045254707336426,3.0682307729594434,3.024045800133794,3.0364175277769574,34039628
2013-02-01,3.0323479175567627,3.0571016638561264,3.019970697401675,3.0535654474329226,27658535
2013-02-04,2.9474780559539795,2.97400014828579,2.94040562137856,2.97400014828579,21852827
2013-02-05,3.037651538848877,3.0641736205756436,3.0022889174377885,3.0606374047019154,48200626
2013-02-06,2.982839822769165,3.0058256911187566,2.9474771975172525,3.0058256911187566,38601549
2013-02-07,2.988144874572754,3.0128986238238413,2.952781780776148,3.011130284064439,30050622
2013-02-08,3.027043342590332,3.039420563613662,3.0022895945545325,3.0128984759052773,23676663
2013-02-11,3.0217373371124268,3.035882891024561,3.0040560308985755,3.02350567593697,9522798
2013-02-12,3.01466703414917,3.060638786611968,2.9934494979899604,3.035885032982391,14091031
2013-02-13,3.0323479175567627,3.0447244437010386,3.011129925006728,3.028811701133559,22292941
2013-02-14,3.0464930534362793,3.057101934983706,2.9810723497941805,3.0093623150257223,25910430
2013-02-15,3.1578850746154785,3.166725847251227,3.073014490125289,3.081855494097981,36165012
2013-02-19,3.1455090045928955,3.1702627569791386,3.1295957954385267,3.1631903223936386,34080511
2013-02-20,3.074784755706787,3.1596553933582774,3.0606398807686275,3.152582955889198,28369466
2013-02-21,3.035883903503418,3.0730141731282226,3.0040570327630496,3.065941740818736,26726450
2013-02-22,3.1419737339019775,3.1455099522601055,3.0765523062542224,3.0871616553397985,42545007
2013-02-25,3.108377695083618,3.202088592985045,3.108377695083618,3.1667259638142857,52039544
2013-02-26,3.0765509605407715,3.120754364693565,3.005826161639798,3.0800878713630118,38298903
2013-02-27,3.092461109161377,3.1066061926964643,3.0376491128825407,3.0394174507440535,29284265
2013-02-28,3.1225218772888184,3.149043959022261,3.0995360114299944,3.1013045820411063,23150393
2013-03-01,3.139857530593872,3.148701845034126,3.106247793358845,3.123936885122823,21149579
2013-03-04,3.1433980464935303,3.1433980464935303,3.081485477863349,3.108019138279513,17319442
2013-03-05,3.1752359867095947,3.230073097655466,3.155777754075337,3.155777754075337,27917554
2013-03-06,3.2238731384277344,3.2417537298599277,3.1702315980753837,3.189899991312144,19610555
2013-03-07,3.2649970054626465,3.2775134832962074,3.211354790501591,3.2167193629138633,28606535
2013-03-08,3.404468297958374,3.4098328749990245,3.270364165491887,3.2775163110279197,51500927
2013-03-11,3.352612257003784,3.3991021070937832,3.3257917295152932,3.384797825766588,22427938
2013-03-12,3.3132779598236084,3.3490389263398654,3.2989734328504987,3.3472511236556146,30180131
2013-03-13,3.2810895442962646,3.3240028482633264,3.2614209271493517,3.3079100668455403,21259608
2013-03-14,3.2131435871124268,3.281089853074688,3.1863223602067143,3.2667851051473216,22724548
2013-03-15,3.211355209350586,3.2310240630590172,3.172018203766148,3.2292362619286,19844880
2013-03-18,3.2310242652893066,3.2614215652918044,3.1827466134220854,3.1934750584850757,21506005
2013-03-19,3.2202963829040527,3.2649979689615467,3.1791708675845554,3.259633394966192,39342937
2013-03-20,3.2399656772613525,3.2596338350314418,3.227448960100192,3.231025031320974,27961730
2013-03-21,3.1738061904907227,3.239964418141527,3.1738061904907227,3.2185077652111396,25332026
2013-03-22,3.145198106765747,3.1702313067814316,3.1326818576742173,3.1702313067814316,14144536
2013-03-25,3.0969197750091553,3.157713907523524,3.086191329875985,3.1326811808050037,17531267
2013-03-26,3.150559902191162,3.1648644092550886,3.11122221533534,3.114798985447375,17843243
2013-03-27,3.145198106765747,3.1541385186324766,3.062947768045926,3.0933443729824983,23422857
2013-03-28,3.1827471256256104,3.184535395044027,3.136257969351615,3.1541383240938465,28253127
2013-04-01,3.132300615310669,3.202066277568067,3.1233566537112907,3.18775533048077,13195164
2013-04-02,3.0929460525512695,3.1519784485029843,3.0679020696155175,3.1466116968351168,18722371
2013-04-03,3.0464365482330322,3.0947359287853544,3.033914668646817,3.07326961544525,15657768
2013-04-04,3.003502607345581,3.0768459490278017,2.9945581775054007,3.057168250189275,29591027
2013-04-05,3.0571682453155518,3.064324304084851,2.937314617613374,2.9784586203336563,34014110
2013-04-08,3.03570294380188,3.0500138958192706,2.989192876356563,3.0446476106307068,14829400
2013-04-09,3.1269338130950928,3.141244757807667,3.044646056534769,3.073267711910613,23430540
2013-04-10,3.194910764694214,3.218166140341487,3.1340895351113938,3.1340895351113938,27715333
2013-04-11,3.18060040473938,3.203855784674429,3.160922703548377,3.194911353764939,14539101
2013-04-12,3.1376655101776123,3.1680762232193467,3.1126208428510376,3.160920169320406,19562812
2013-04-15,3.0464365482330322,3.110835722302795,3.0464365482330322,3.1036803625392433,17155634
2013-04-16,3.1162021160125732,3.123357474411708,3.0714804238697653,3.0893690539170073,16209556
2013-04-17,3.010658025741577,3.089368354611726,2.978458686184664,3.089368354611726,23980681
2013-04-18,2.8872265815734863,3.0052916203837103,2.8782826186179733,2.999925336230154,36678660
2013-04-19,2.9498369693756104,2.9730923502592033,2.8800712948235994,2.8872266526035455,23345206
2013-04-22,2.9391019344329834,2.9766682423763267,2.910480286444226,2.953412875451984,21755421
2013-04-23,2.9695146083831787,2.999925346401679,2.928370599873037,2.956992732533873,21265644
2013-04-24,3.003502607345581,3.0160249495514413,2.9695141952417203,2.9748809467655675,18724841
2013-04-25,3.0464365482330322,3.0464365482330322,2.971304568567391,2.9891932020257195,21390763
2013-04-26,2.9176394939422607,3.042859973635474,2.9051176098076135,3.0231827271381713,22180168
2013-04-29,2.955204486846924,2.974882193934999,2.9069051071796785,2.944471447398277,17316424
2013-04-30,3.010658025741577,3.014235938180658,2.8747046085864123,2.9140593049227834,38681395
2013-05-01,2.9888246059417725,3.0210399743726257,2.9494511773736676,2.992404221412287,14194748
2013-05-02,2.953029155731201,3.042515050925929,2.953029155731201,3.0317766779375814,21856943
2013-05-03,3.0013513565063477,3.0496736816773757,2.992402673699579,2.9959820531580323,23339444
2013-05-06,2.9762961864471436,3.0049314632055957,2.9566091263398,3.0013520828808757,13064832
2013-05-07,3.0872581005096436,3.0962065505070555,2.9995618855709894,2.9995618855709894,21408324
2013-05-08,3.1373727321624756,3.1660082664274163,3.121265741730321,3.128424508216115,30484150
2013-05-09,3.089047908782959,3.173164987480373,3.063992011770868,3.1391604052892306,24215006
2013-05-10,3.0639941692352295,3.114105998544885,3.051466094827385,3.1069472326894663,15552953
2013-05-13,3.0496737957000732,3.072940231371188,3.0281972839857425,3.072940231371188,10355007
2013-05-14,3.0514650344848633,3.085469628803693,3.0138812926428904,3.0353578169072093,19170167
2013-05-15,3.101576566696167,3.1302118474223657,3.0568336039554413,3.05862306020506,26878185
2013-05-16,3.069362163543701,3.108735590046607,3.0604132424171775,3.0908386844365334,20368680
2013-05-17,3.0818886756896973,3.0908375936580845,3.063991542234905,3.0657817004856396,15379542
2013-05-20,3.119473695755005,3.133791218995493,3.081889494766556,3.1230530765651268,21894534
2013-05-21,3.1538352966308594,3.15580388519348,3.094774829824469,3.1400544742105723,32015716
2013-05-22,3.1656506061553955,3.2345540827197823,3.161713191044013,3.169588021266778,29354433
2013-05-23,3.1498992443084717,3.1695863092315215,3.116431351019661,3.1498992443084717,23408764
2013-05-24,3.1498992443084717,3.1617114832623017,3.1085565250504406,3.1597426596896225,21072502
2013-05-28,3.1400561332702637,3.1833669778165357,3.1262750694080554,3.1636803793069026,13162986
2013-05-29,2.9904348850250244,3.118399501113147,2.9727171144922204,3.0987129072850306,31163626
2013-05-30,2.9983091354370117,3.0337458405168576,2.9549980753274303,2.9884657233285012,20793877
2013-05-31,2.960904121398926,2.9845281216266644,2.9215300071505097,2.972716355673451,31476425
2013-06-03,2.987886905670166,2.9957653942002946,2.936677433033297,2.9760696414142846,29542760
2013-06-04,2.9544029235839844,2.993794884475245,2.922888980039652,2.987885902925894,31341228
2013-06-05,2.8736493587493896,2.972129740819806,2.871679854186607,2.9701602362570236,26174313
2013-06-06,2.9228909015655518,2.92486064146678,2.836228671194258,2.8578946387591113,24642996
2013-06-07,2.901223659515381,2.9327371337600847,2.840165981045607,2.865770473883553,32162886
2013-06-10,2.8677423000335693,2.8795600371803087,2.8106238228320173,2.846077034272236,25736544
2013-06-11,2.788957357406616,2.8244098507877937,2.769261137301004,2.794866106303479,28573434
2013-06-12,2.7495663166046143,2.8086543041857324,2.716083311057789,2.8066847983075993,42100853
2013-06-13,2.759413242340088,2.781078968090557,2.7278997575916866,2.761382747285744,46315403
2013-06-14,2.712143898010254,2.785019359329468,2.706235146469972,2.7830496193028766,27381606
2013-06-17,2.700326681137085,2.7377489376183584,2.674721695744361,2.714114161171468,20012878
2013-06-18,2.655024766921997,2.686538256900449,2.6333590375758336,2.664872996093663,28122445
2013-06-19,2.5723016262054443,2.6668428098871195,2.544726909312288,2.660934059116301,32980802
2013-06-20,2.5073063373565674,2.5289720836608125,2.395039060746926,2.452157569593723,76311647
2013-06-21,2.5191240310668945,2.532911281301511,2.4698840189931706,2.532911281301511,47827513
2013-06-24,2.4423065185546875,2.487607231509429,2.3891273188819033,2.4560939874460637,51546923
2013-06-25,2.467914342880249,2.49351886627787,2.4186738656454647,2.489579618728293,30031664
2013-06-26,2.5132131576538086,2.564422633329289,2.4994256847731493,2.4994256847731493,37168412
2013-06-27,2.5624547004699707,2.5762419475404545,2.513214699696681,2.523062699851339,32370420
2013-06-28,2.544729471206665,2.5466992129597767,2.49548944142815,2.5073071891369647,30824886
2013-07-01,2.5106351375579834,2.563843201140333,2.50472294818469,2.5244298554344082,21862231
2013-07-02,2.3785994052886963,2.4869860721289316,2.3431274521112284,2.4692504471352215,48575087
2013-07-03,2.366774320602417,2.3845104073151435,2.3135662948608258,2.38056902866825,52704827
2013-07-05,2.3056840896606445,2.351009837754829,2.24262248500349,2.3490390307611797,60924148
2013-07-08,2.3332736492156982,2.37859892662105,2.2879483718103466,2.327361462878649,37588471
2013-07-09,2.37465763092041,2.3904229147829072,2.3293323519169893,2.3628334922260543,15709527
2013-07-10,2.3313028812408447,2.3707162073640466,2.3135667907267483,2.349038971754941,47855450
2013-07-11,2.414072036743164,2.414072036743164,2.3411570752766924,2.3943651320247086,46769385
2013-07-12,2.376629590988159,2.400277882182816,2.351011194852566,2.3983070740515378,15851458
2013-07-15,2.4554553031921387,2.4731916299602994,2.38254036095228,2.38254036095228,22803621
2013-07-16,2.439692258834839,2.4692527553076755,2.416044658606036,2.4672819461575988,15933275
2013-07-17,2.4850168228149414,2.510635927498689,2.4653106125551743,2.4692519952452257,24861008
2013-07-18,2.5007810592651367,2.5244293431659837,2.4791040516811313,2.485015536664572,23844786
2013-07-19,2.4771335124969482,2.500781093531698,2.4672799435382244,2.492898332123403,16754184
2013-07-22,2.552018880844116,2.55793083541306,2.457426904550797,2.471221621476159,35347495
2013-07-23,2.6111385822296143,2.6308454857576367,2.5717254783637045,2.5835493860838064,36328795
2013-07-24,2.5342836380004883,2.59537447523726,2.494870050959373,2.581579754932389,51453882
2013-07-25,2.548076868057251,2.5599010086609506,2.5066929619360074,2.52245848274094,18609774
2013-07-26,2.5244290828704834,2.544135984089198,2.4731918428918775,2.5342824162814988,24776198
2013-07-29,2.5106351375579834,2.540195381234183,2.483045467408378,2.5362539997842393,16165754
2013-07-30,2.5244290828704834,2.5874904635803175,2.518517129703211,2.5874904635803175,34969842
2013-07-31,2.512603998184204,2.5441350282883195,2.4771322925068624,2.504721240658175,40401912
2013-08-01,2.5829968452453613,2.5849685008135617,2.5317312206920572,2.535674766353921,45437621
2013-08-02,2.5987703800201416,2.6106005450055503,2.563278477911487,2.5691939121922984,29131931
2013-08-05,2.5198988914489746,2.5790513275709883,2.5060963749234975,2.559333614338367,21681636
2013-08-06,2.462719678878784,2.5277875877010034,2.4528606987167034,2.5139850623791773,24958788
2013-08-07,2.4372308254241943,2.4690896540732648,2.42130105584164,2.435239485807035,17974199
2013-08-08,2.5387823581695557,2.554712131229913,2.467099089914142,2.485019966187678,29556480
2013-08-09,2.578608512878418,2.594538299503299,2.532810968429217,2.5567054115276058,24648484
2013-08-12,2.634361743927002,2.670203279470807,2.602502180174531,2.6044935213284917,58862770
2013-08-13,2.6283886432647705,2.64232661269095,2.5845817356196843,2.6323710894143235,21788147
2013-08-14,2.5885636806488037,2.6283881344347146,2.5805987898916216,2.602502121054444,23026122
2013-08-15,2.548739433288574,2.5666603155284053,2.5009505718748986,2.528827210333868,28881493
2013-08-16,2.4332497119903564,2.5049330037468938,2.4093550445660354,2.500950559176174,38547570
2013-08-19,2.3774960041046143,2.4173199768448628,2.3735135594628267,2.4153286361045625,29208011
2013-08-20,2.395418167114258,2.4471892697355075,2.383470825620841,2.385461930783596,31955101
2013-08-21,2.3277149200439453,2.389442202804628,2.3137769597536253,2.3814777894037293,38323323
2013-08-22,2.3277149200439453,2.369530458786139,2.3117858564034006,2.339662250661536,26969530
2013-08-23,2.490994691848755,2.502942026163703,2.37749608163144,2.389442942268747,31437512
2013-08-26,2.4312589168548584,2.4949775706070927,2.417320476148986,2.4909951251427205,16509733
2013-08-27,2.3735134601593018,2.3914341050393584,2.3416541411967517,2.3635574673907804,25816615
2013-08-28,2.4033823013305664,2.4392240776362506,2.3516109782439605,2.373514312301755,26986741
2013-08-29,2.4033823013305664,2.453162046206364,2.385461176338836,2.4033823013305664,20569380
2013-08-30,2.4247004985809326,2.4426320229566034,2.388837923782236,2.4266929955010395,25666951
2013-09-03,2.442631483078003,2.4585697960818598,2.4187229471790017,2.4446237425814514,23014149
2013-09-04,2.448606252670288,2.4685300181682255,2.422705949963216,2.428682961124548,13752415
2013-09-05,2.5263097286224365,2.530294483903355,2.45856936279927,2.464546614208763,26948826
2013-09-06,2.607997417449951,2.613974671231521,2.5641658028939225,2.5860813731956145,37034962
2013-09-09,2.7056212425231934,2.7195677645392666,2.6179578299493484,2.6179578299493484,25701872
2013-09-10,2.7155849933624268,2.7414860345600736,2.6856999057539137,2.7195697507023455,31171858
2013-09-11,2.6996445655822754,2.7036286088802357,2.6597970233177035,2.6837055486764467,22666927
2013-09-12,2.6916749477386475,2.7056209945240606,2.667766423351556,2.7036284990037247,24091234
2013-09-13,2.731522798538208,2.7335152948033676,2.6797216872639704,2.689683457661035,26622308
2013-09-16,2.7116005420684814,2.78531796873625,2.70163876608252,2.7753561927502886,18808828
2013-09-17,2.7813334465026855,2.7833259440544524,2.7414865761605145,2.7414865761605145,22148589
2013-09-18,2.9646289348602295,2.9765832032348065,2.7873093016023747,2.7893015611766647,41336816
2013-09-19,2.904858350753784,2.93075914749485,2.855049490830632,2.922789635116632,75571057
2013-09-20,2.821178436279297,2.932750376468716,2.815201186091011,2.9307578807472274,30576193
2013-09-23,2.8530571460723877,2.8650114152758563,2.82516456219318,2.857041902473544,28618084
2013-09-24,2.8351266384124756,2.8809512311070167,2.8231728398827465,2.851065668389074,18944523
2013-09-25,2.803248643875122,2.835126225229858,2.7893021131663027,2.835126225229858,22455401
2013-09-26,2.803248643875122,2.82118016847369,2.787309853197754,2.8191876715288156,21157062
2013-09-27,2.8490724563598633,2.8670039790729387,2.7972713328612024,2.799263592620266,27437980
2013-09-30,2.813208818435669,2.8430938833392325,2.809224064123137,2.827155340041446,23307491
2013-10-01,2.8544726371765137,2.856466122405319,2.804639062864384,2.8165992629556147,21461131
2013-10-02,2.86643123626709,2.8803849137935162,2.848491064697381,2.856464526971415,24485100
2013-10-03,2.86643123626709,2.8724114515194823,2.840517602423347,2.8425108494449884,22184259
2013-10-04,2.87041974067688,2.8803866932236204,2.832545890024578,2.8345393753714787,14344088
2013-10-07,2.8604516983032227,2.8783918726337445,2.834538060471631,2.838524792222166,22072260
2013-10-08,2.8345377445220947,2.8724115733837143,2.8026443682603266,2.8684248420775575,29667231
2013-10-09,2.8803861141204834,2.89234631251564,2.850485499585676,2.852478984531785,26198509
2013-10-10,2.968092203140259,2.968092203140259,2.886365271019976,2.9202518974006324,34594933
2013-10-11,2.93221378326416,2.9621136952262153,2.9162668474258617,2.944173985142884,23238895
2013-10-14,2.964106798171997,2.9700867797925645,2.8943395556191405,2.8983262890641424,34106528
2013-10-15,2.9521453380584717,2.956132069161835,2.9162647581282006,2.9481586069551082,38967628
2013-10-16,3.005967617034912,3.0378607758197798,2.9700870132100574,2.976067232394478,27308769
2013-10-17,3.0637710094451904,3.065764255399935,3.027890448417317,3.029883931465669,30595899
2013-10-18,3.0916805267333984,3.0936740117970727,3.059787373746927,3.065767354750256,36031462
2013-10-21,3.0637710094451904,3.0996508591922427,3.035863906423511,3.0956641301891454,32864313
2013-10-22,3.099653482437134,3.1096204319267358,3.0577933852123222,3.0577933852123222,35791001
2013-10-23,3.0199179649353027,3.0737382226599816,3.0159312352716885,3.0677582467113833,24522766
2013-10-24,2.999985694885254,3.00795915787569,2.968092080017265,2.992012231894818,18363077
2013-10-25,3.005967617034912,3.029887545397035,2.9979941495182776,3.013941084551546,11372750
2013-10-28,3.0458309650421143,3.0458309650421143,2.9959974394347846,3.025897554799182,14017820
2013-10-29,3.1514806747436523,3.169420852722405,3.121580773268762,3.143507683808773,36640596
2013-10-30,3.141514539718628,3.159454482549378,3.1116141608130223,3.115600893806693,20116396
2013-10-31,3.071746826171875,3.1435072920499363,3.0378594850774725,3.139520559985524,28766501
2013-11-01,3.013315200805664,3.067159951401529,2.9973610249242637,3.021292288746364,43050474
2013-11-04,3.0472161769866943,3.0811189076025802,3.0412334817023985,3.0551932621667306,14918550
2013-11-05,2.9235708713531494,2.9853926481365742,2.9215764827593764,2.967444099597848,25441456
2013-11-06,2.921577215194702,2.937531379139342,2.903628899357666,2.915594522316146,20941296
2013-11-07,2.841808319091797,2.921578461232438,2.8318370809744002,2.9136013758579336,22640736
2013-11-08,2.7700154781341553,2.809900670912616,2.7241478266609325,2.809900670912616,29915425
2013-11-11,2.754061698913574,2.772009548868852,2.726141898755166,2.7600443946324935,13617966
2013-11-12,2.742096424102783,2.787964080135038,2.7341193373139085,2.774004296855262,17186715
2013-11-13,2.8378212451934814,2.84180978994511,2.75406299141724,2.7640342346955156,24944570
2013-11-14,2.9155960083007812,2.919584551319772,2.835825859525428,2.8418085554531705,28516811
2013-11-15,2.921577215194702,2.951491153990218,2.89166375080192,2.89166375080192,17319667
2013-11-18,2.975423574447632,2.9933719002314096,2.9415215502806045,2.9475042464746974,20977715
2013-11-19,2.8996422290802,2.973429691924838,2.8876770728051153,2.9634582144256405,24635264
2013-11-20,2.8996422290802,2.949498904971628,2.8796999856863654,2.8956536855208252,28668970
2013-11-21,2.827848434448242,2.863744599689017,2.815882808833231,2.8378191961238692,25870993
2013-11-22,2.839812755584717,2.855766681206655,2.7999278229291953,2.8138875967988977,25505812
2013-11-25,2.7580511569976807,2.7859704920176047,2.7161715614638986,2.777993403611022,22939566
2013-11-26,2.7620389461517334,2.8158836851729196,2.7620389461517334,2.8039180558340484,22697858
2013-11-27,2.8178772926330566,2.8418080722751986,2.797934580928859,2.8178772926330566,18906109
2013-11-29,2.805912494659424,2.8198725155777833,2.770015840187111,2.77799292722574,14241069
2013-12-02,2.6973774433135986,2.8190785385143236,2.6973774433135986,2.7931420800386744,20989189
2013-12-03,2.669445514678955,2.7332889167271146,2.6455042982365313,2.69538220822061,20475840
2013-12-04,2.6315412521362305,2.6694479958762782,2.613585263789053,2.6355314981359106,24963029
2013-12-05,2.64350962638855,2.6494951097620243,2.6095931528860388,2.6115881558088,22977980
2013-12-06,2.7093496322631836,2.7273056182973647,2.65348667006917,2.665457406526202,32077078
2013-12-09,2.7293002605438232,2.765212224728636,2.7093490374952145,2.7352855088070647,18826039
2013-12-10,2.725308656692505,2.7412696271708934,2.7193231741118273,2.723313416731424,15484032
2013-12-11,2.621563673019409,2.685406846384136,2.613583187360352,2.6814166035546076,19247344
2013-12-12,2.655480146408081,2.6614653920069324,2.595627215814413,2.6095929470801176,22000172
2013-12-13,2.657475471496582,2.6734364447661823,2.627549239872596,2.657475471496582,21990943
2013-12-16,2.659470796585083,2.7093482463860603,2.6514903096958813,2.6654560431006775,13763889
2013-12-17,2.6634609699249268,2.6874024299623707,2.655480483245779,2.681416946301706,16052757
2013-12-18,2.7352850437164307,2.7512460194414134,2.6475003891369506,2.667451608793179,23627274
2013-12-19,2.7073535919189453,2.727304813459653,2.6654566199401204,2.681417597172687,19396011
2013-12-20,2.6195695400238037,2.677427492247188,2.6135842919013412,2.6694470032154536,35065378
2013-12-23,2.667168378829956,2.6832355790716855,2.651101417473732,2.6651598294962984,19726769
2013-12-24,2.687251091003418,2.703318522071679,2.6711836599351573,2.673192208261383,5031219
2013-12-26,2.681229591369629,2.7113559463888692,2.6792210402959658,2.6972970444160804,7814978
2013-12-27,2.715371608734131,2.7294300267179348,2.697295851494021,2.6993041627937635,18121868
2013-12-30,2.6912710666656494,2.7354560755218738,2.6691784427947054,2.7153722411897676,22200722
2013-12-31,2.7254133224487305,2.733447045882341,2.677211698503931,2.677211698503931,8818976
2014-01-02,2.638209819793701,2.6603119714992673,2.6301725433600747,2.6442378966145563,19690850
2014-01-03,2.654282808303833,2.6663382378666114,2.6321804306334946,2.650264172455487,16765659
2014-01-06,2.64021897315979,2.6763859962299663,2.6362003353771337,2.6723673584473095,24994458
2014-01-07,2.636199474334717,2.688441031472245,2.6321808378646376,2.6844223950021657,19930313
2014-01-08,2.636199474334717,2.668348088113016,2.6321808378646376,2.6542832189544896,14939254
2014-01-09,2.596013069152832,2.6241435240047317,2.563864694867007,2.6241435240047317,30659008
2014-01-10,2.6422297954559326,2.6502670759578746,2.5980249916866454,2.606062272188587,18445642
2014-01-13,2.614098072052002,2.670358286725345,2.610079434077208,2.6442377373673267,16931038
2014-01-14,2.6804027557373047,2.686430827682779,2.634189051098826,2.6361984880776768,33670505
2014-01-15,2.64021897315979,2.6763859962299663,2.6402189731597905,2.6763859962299663,19686360
2014-01-16,2.5879769325256348,2.642227940345586,2.57993965766667,2.6382093029161036,35641087
2014-01-17,2.5598459243774414,2.5879761387647457,2.5538178505864826,2.5879761387647457,30095770
2014-01-21,2.573911666870117,2.583958140346542,2.5538184809260587,2.5698930296813054,24664947
2014-01-22,2.5618560314178467,2.591995694086752,2.5417628433081654,2.5799397812209426,25172559
2014-01-23,2.5035860538482666,2.5759210435396986,2.4613909618498693,2.5739116054976012,30164616
2014-01-24,2.425222635269165,2.457371481996378,2.403120497324492,2.455362283634543,34790245
2014-01-27,2.4834933280944824,2.4935400421822758,2.429242314774888,2.441298228285491,33891759
2014-01-28,2.4895195960998535,2.525687310361491,2.4734450564280146,2.499566063899216,26418266
2014-01-29,2.401111602783203,2.439288049426513,2.3991021651759854,2.4191948683100972,36533586
2014-01-30,2.46340012550354,2.4834925917568635,2.427232395695201,2.4694274829936536,40241522
2014-01-31,2.459381103515625,2.5236785627937284,2.407138835311263,2.4151761073427034,37398646
2014-02-03,2.4203813076019287,2.496772124651233,2.4203813076019283,2.492751517578897,36362968
2014-02-04,2.60532808303833,2.641513557286347,2.5691433261156034,2.5932667365058513,72652601
2014-02-05,2.6013076305389404,2.6113592713194356,2.5530610459781644,2.5832154901027606,30351198
2014-02-06,2.71187162399292,2.715892229307321,2.6214086021895384,2.6234190244008664,40021266
2014-02-07,2.681718587875366,2.725944794888218,2.65558523528339,2.6897598033716665,43790066
2014-02-10,2.653574228286743,2.667645753271731,2.627440166471803,2.663625146770073,27801415
2014-02-11,2.667646884918213,2.6756881013327054,2.6093486636842114,2.6153796955492945,34018725
2014-02-12,2.6193995475769043,2.6616153237948876,2.591255776467702,2.6254303385925652,25989228
2014-02-13,2.6294517517089844,2.6395031528525057,2.563112312874998,2.5651227365687617,21150328
2014-02-14,2.6415112018585205,2.6636239297433786,2.5932644240995355,2.6153773910926104,20446406
2014-02-18,2.603316068649292,2.651563094626356,2.597285040959495,2.627439462083693,27418274
2014-02-19,2.6292831897735596,2.6579065983878074,2.584303026558299,2.584303026558299,28136164
2014-02-20,2.666085720062256,2.698798753523052,2.619061342420908,2.6844866797922444,24814362
2014-02-21,2.686530351638794,2.7028868621935667,2.6701738410840212,2.6783520963614076,27953324
2014-02-24,2.7069764137268066,2.7458230177654785,2.6947095130524525,2.711065542740531,21374325
2014-02-25,2.698798656463623,2.7274218301621618,2.6926648413186105,2.721288258200559,16861444
2014-02-26,2.682441234588623,2.702886872862795,2.6660847239692855,2.6967530597888794,19376804
2014-02-27,2.766268014907837,2.7724010990333863,2.696753324323356,2.70288713799896,21228652
2014-02-28,2.72333025932312,2.7601323876452906,2.7008406777508847,2.758087946552321,20722038
2014-03-03,2.63865065574646,2.6918328000833527,2.6120594619315187,2.6897871926321324,20619518
2014-03-04,2.6877403259277344,2.7143310182915177,2.6427396633808002,2.681603750297635,20912112
2014-03-05,2.704106092453003,2.71842388685263,2.6529690618417137,2.695924148091755,25646247
2014-03-06,2.7695610523223877,2.7920607921788445,2.722514991600905,2.7245603561443006,22639738
2014-03-07,2.693877935409546,2.763423960276643,2.6754686863772856,2.7613783529991873,16520957
2014-03-10,2.6468324661254883,2.689787552119133,2.603877866717886,2.689787552119133,23451917
2014-03-11,2.648876428604126,2.7041043967636944,2.642739852534801,2.6816039422333318,19428937
2014-03-12,2.63865065574646,2.63865065574646,2.5977411829449326,2.6304687125275565,18636963
2014-03-13,2.5916037559509277,2.659104157189302,2.5813764519200117,2.6529678234293343,17958235
2014-03-14,2.5241026878356934,2.5793301636699284,2.520011718645594,2.5793301636699284,29460694
2014-03-17,2.589559555053711,2.601832471376525,2.554786900371619,2.554786900371619,16202172
2014-03-18,2.6468324661254883,2.6550144104378988,2.569105211622695,2.577286669349063,29126194
2014-03-19,2.650923490524292,2.700015157366221,2.6304691159262075,2.6488781260523915,18226383
2014-03-20,2.7450144290924072,2.7511510075449355,2.6202411454807835,2.652968428527098,41197129
2014-03-21,2.7347869873046875,2.804332764450469,2.7204684671531383,2.7204684671531383,51735251
2014-03-24,2.837059497833252,2.8534228892856848,2.753195231119836,2.765468139648457,56376595
2014-03-25,2.8677425384521484,2.9045607951380528,2.8227423388169406,2.8227423388169406,46687319
2014-03-26,2.896378517150879,2.937287490413691,2.863650754637641,2.863650754637641,35055899
2014-03-27,2.9966065883636475,3.0272887505917563,2.957742970354908,2.959788577593029,71857135
2014-03-28,2.9904708862304688,3.03342597110075,2.986379914181251,3.0068347744273405,35322302
2014-03-31,3.0395612716674805,3.057970764208717,2.990470345827058,2.990470345827058,34970341
2014-04-01,3.067392110824585,3.087854992270117,3.0326051636889186,3.0714844924006393,33387640
2014-04-02,3.1635661125183105,3.167658248331808,3.0510198430016677,3.0632977107892048,35229510
2014-04-03,3.1042230129241943,3.147195425804249,3.077621576188605,3.147195425804249,35177876
2014-04-04,3.114454746246338,3.2351857688029035,3.1021768790048503,3.204491709177092,38516889
2014-04-07,3.2331395149230957,3.2351859479389056,3.1328715988837263,3.1369642215241687,38213569
2014-04-08,3.1860733032226562,3.355915715668631,3.184027114664004,3.3088507015180686,84360600
2014-04-09,3.1656131744384766,3.1860762962031846,3.10831716367113,3.1492434072005464,39425601
2014-04-10,3.1881208419799805,3.2106301408948767,3.1594729752580233,3.1799355981216304,26727323
2014-04-11,3.247464656829834,3.2474646568298344,3.1369650338785777,3.155381718834201,35202820
2014-04-14,3.202446699142456,3.2270024445357093,3.1819835779814123,3.2270024445357093,22739015
2014-04-15,3.1062724590301514,3.1819851939061716,3.0633004912474506,3.175846376135985,53726038
2014-04-16,3.153333902359009,3.1615191455380516,3.1083150648742754,3.132870794411403,22885188
2014-04-17,3.2249534130096436,3.2372307890342458,3.106268379441997,3.139009103535597,40744644
2014-04-21,3.239278793334961,3.253602851865945,3.190167805054787,3.222908788429828,16949247
2014-04-22,3.2576944828033447,3.2638335370123888,3.1758427794635815,3.194259455308474,22488826
2014-04-23,3.269972085952759,3.2842961389748453,3.2147223062339103,3.2454163578653814,27292057
2014-04-24,3.364100933074951,3.3702397429871542,3.265879244306442,3.284295917434137,31894238
2014-04-25,3.3518242835998535,3.362055230020652,3.29452830634088,3.327268551843118,55946309
2014-04-28,3.368195056915283,3.3763803027109085,3.3170378791706057,3.335454560515166,22665929
2014-04-29,3.357963800430298,3.4418612234956742,3.3436394999050134,3.3620556927795593,37911247
2014-04-30,3.34773325920105,3.3845663876308953,3.3129460776405675,3.3334091972029842,29977785
2014-05-01,3.355919361114502,3.360011986068567,3.3109007300111015,3.360011986068567,10811509
2014-05-02,3.4412832260131836,3.4781323066509255,3.351208317830511,3.3737267405073603,29472917
2014-05-05,3.4433295726776123,3.4556126781668155,3.408528049195715,3.4351408356848108,24401288
2014-05-06,3.4208123683929443,3.4412837311482027,3.3675855590548007,3.4187653051659455,25842058
2014-05-07,3.4699442386627197,3.478132978941704,3.3901048731754786,3.412623787195135,21238380
2014-05-08,3.4208123683929443,3.498604179950162,3.412623628494768,3.4760857539679053,22844030
2014-05-09,3.3941986560821533,3.4105761338066425,3.3655380700642965,3.3860099172199085,16871920
2014-05-12,3.457660675048828,3.4597077379585564,3.412623099579323,3.412623099579323,12443350
2014-05-13,3.4290006160736084,3.4678970087831034,3.41671799323525,3.4433307891260254,17410712
2014-05-14,3.457660675048828,3.471990845902087,3.4187647752986146,3.4330944591617674,19368323
2014-05-15,3.416719675064087,3.4556155999293345,3.383964699398172,3.4453797917813413,13805296
2014-05-16,3.4699442386627197,3.474038608802212,3.4290007807628995,3.4638028052010323,15814292
2014-05-19,3.451521396636963,3.461757448780373,3.424908586345942,3.4515213966369633,19095435
2014-05-20,3.3778231143951416,3.4801816783559874,3.365539999061568,3.445379639991796,34072604
2014-05-21,3.373727798461914,3.4269543731831305,3.359398109987649,3.3860109103579945,19926073
2014-05-22,3.3409712314605713,3.3614430718207284,3.300027794235235,3.357348703748697,20680631
2014-05-23,3.279560089111328,3.3471166287136067,3.2672769712312553,3.336880575399254,15142797
2014-05-27,3.2406609058380127,3.3471137728161944,3.2345192303906853,3.308217387798276,23111430
2014-05-28,3.3245937824249268,3.3368768867269307,3.2549902551985155,3.285697894206034,19809833
2014-05-29,3.283653736114502,3.357351696623378,3.271370620948758,3.340974209735719,15378768
2014-05-30,3.173105001449585,3.250897298655172,3.164916748682827,3.2447558655850166,25271836
2014-06-02,3.1458654403686523,3.1847789171727148,3.1274325741527202,3.1642985501896725,19440910
2014-06-03,3.1581549644470215,3.172491127821519,3.1315296518158835,3.149962523082801,17138822
2014-06-04,3.0987579822540283,3.1520083228177973,3.0926137777749307,3.147912105296743,25719832
2014-06-05,3.115144968032837,3.1499627242517936,3.090568129580913,3.1499627242517936,60789949
2014-06-06,3.244174003601074,3.3252784328627674,3.1991163121514137,3.2464271074181714,34819429
2014-06-09,3.4041290283203125,3.419899287770339,3.2712078872907386,3.2734609903022047,22852171
2014-06-10,3.397371768951416,3.417648001598286,3.3613252684709627,3.3883605701403483,30709327
2014-06-11,3.4694652557373047,3.4784766994154026,3.3973722446813017,3.45369498569543,22151469
2014-06-12,3.4041290283203125,3.451439806670393,3.397369962890953,3.442428369044686,8067139
2014-06-13,3.440178871154785,3.4627077324331212,3.4153969045038495,3.4289140751076745,21245546
2014-06-16,3.408635139465332,3.435669942664224,3.3928643909900207,3.4334168393934266,13847134
2014-06-17,3.347808599472046,3.3838551052782275,3.3117620936658643,3.3793491397992015,27530998
2014-06-18,3.422154426574707,3.4289127656904816,3.2892334406153543,3.3455554505005614,29054174
2014-06-19,3.3838555812835693,3.4469366708114673,3.3568210026324983,3.3816024764245105,10636832
2014-06-20,3.363576889038086,3.3883590755670547,3.356818553812116,3.3883590755670547,18141143
2014-06-23,3.370335817337036,3.383853219028746,3.311760247602916,3.38160011574257,21844204
2014-06-24,3.3658335208892822,3.41314435654507,3.345557274461563,3.3500632423373533,20209006
2014-06-25,3.3072550296783447,3.395117782116605,3.280219980582213,3.388359446151477,13555969
2014-06-26,3.286980628967285,3.3140152058651258,3.26219866957194,3.3117623447574074,16397099
2014-06-27,3.273463249206543,3.3140149901106244,3.2396696039751913,3.305003789871638,21209944
2014-06-30,3.2396697998046875,3.291486579461823,3.2171407016219615,3.2802217867652375,13454832
2014-07-01,3.2615320682525635,3.299850076885494,3.241246450772895,3.252516481985378,13507215
2014-07-02,3.191657304763794,3.2525151063585622,3.180387034594209,3.2502609060904404,20458901
2014-07-03,3.2164525985717773,3.2254686727566617,3.1713727150949382,3.175880874049276,17410508
2014-07-07,3.2074358463287354,3.2299754160038434,3.184895789206186,3.2051818893612243,20789750
2014-07-08,3.193910598754883,3.2480067714741647,3.193910598754883,3.2434986149087552,11475633
2014-07-09,3.286327600479126,3.3426777782936967,3.2006757201591736,3.202929678526982,28270023
2014-07-10,3.349438190460205,3.358454508097196,3.218706459199503,3.2570244686759064,25639784
2014-07-11,3.351689577102661,3.3764838222765654,3.3066099732861676,3.3291495314708177,15934953
2014-07-14,3.441852331161499,3.462137950120259,3.3742326264037827,3.3809942556662405,21150532
2014-07-15,3.4666457176208496,3.4869318217359453,3.4238200394306872,3.4463596135057535,16138134
2014-07-16,3.3764851093292236,3.455374811664754,3.3494368980265845,3.4305805570397454,20852790
2014-07-17,3.322389602661133,3.394516956818683,3.3021035024987695,3.3697234301671117,18717124
2014-07-18,3.5252485275268555,3.5613125639056102,3.455374655068506,3.4666444379459187,32024559
2014-07-21,3.5906167030334473,3.6131562827001438,3.5162343840665473,3.5229967454142135,21819940
2014-07-22,3.6086478233337402,3.6154094520350015,3.5500437103645415,3.5973775485111275,23430420
2014-07-23,3.5815985202789307,3.5951222610427935,3.543281011057616,3.547788437198167,17118889
2014-07-24,3.637951135635376,3.6492209272782667,3.570331167158691,3.574839327539715,20198348
2014-07-25,3.610901117324829,3.6402028008619705,3.574837075614084,3.6311864857796414,14531736
2014-07-28,3.588362455368042,3.6018864467186162,3.5635681868808597,3.590616657029659,18212347
2014-07-29,3.5973751544952393,3.6649950523641457,3.554549503522481,3.554549503522481,21602926
2014-07-30,3.579343318939209,3.6063917677987116,3.5455334890357313,3.597375455696455,23241525
2014-07-31,3.471153497695923,3.5320110722345377,3.4441057680311196,3.5184873292640066,17562214
2014-08-01,3.4772427082061768,3.4930278293307264,3.425377136057935,3.470477516961593,16505492
2014-08-04,3.540379285812378,3.540379285812378,3.4456686635804834,3.5178287544936775,17114127
2014-08-05,3.549400806427002,3.605776554434775,3.533615694518612,3.585481236385083,18551586
2014-08-06,3.540379285812378,3.592244800725801,3.50429887460427,3.540379285812378,21330129
2014-08-07,3.4772427082061768,3.5584232962989173,3.4501821870624503,3.5584232962989173,16162624
2014-08-08,3.4366509914398193,3.456946315096981,3.378020733748393,3.432140784052375,18726648
2014-08-11,3.5155794620513916,3.526854867869375,3.4546941725452123,3.484009203566083,25730717
2014-08-12,3.5178329944610596,3.5403835529594563,3.479497557066517,3.4930281847671165,22558058
2014-08-13,3.450181722640991,3.56067804330839,3.4141012764740095,3.5426376983076104,32738413
2014-08-14,3.512322187423706,3.516874944740259,3.462243826020858,3.4690728389282346,27378613
2014-08-15,3.5737855434417725,3.598824375807248,3.5441937038305387,3.5715090398188933,27283372
2014-08-18,3.6420745849609375,3.651179368992427,3.5828904120673197,3.6102064871075923,26133904
2014-08-19,3.7672698497772217,3.7786516278737228,3.6261399364498503,3.6420739827418185,29046237
2014-08-20,3.7740986347198486,3.7968619433743283,3.739954287075777,3.7536120753604174,18152027
2014-08-21,3.794584274291992,3.803689299594107,3.753610922027525,3.796860776752504,16378958
2014-08-22,3.7354023456573486,3.778652223151243,3.7035342480530073,3.769546946920668,11730063
2014-08-25,3.80141544342041,3.8082447094210337,3.7467847613075898,3.7649953168587365,15783021
2014-08-26,3.871981143951416,3.8765339061754633,3.801415667762789,3.849218563507025,27003998
2014-08-27,4.015387535095215,4.026768823692884,3.91295396863512,3.915230472489788,35739865
2014-08-28,3.9880728721618652,4.024493498612276,3.9470997289389556,4.0131122066810265,28066842
2014-08-29,4.098968982696533,4.117186556957403,4.010157784928929,4.037484761903604,28273198
2014-09-02,4.171841144561768,4.183226978996437,4.0420401696720925,4.0602579972344515,29679136
2014-09-03,4.162731170654297,4.210552152739486,4.076197132473048,4.194611497066601,36312218
2014-09-04,4.069365978240967,4.171839935864114,4.042038998581368,4.101246797888173,24029531
2014-09-05,4.108076572418213,4.112631149467386,4.0511466985197435,4.083027506697537,22389118
2014-09-08,3.980558156967163,4.1422398051640315,3.960063151026095,4.133131132508963,23556501
2014-09-09,3.843923568725586,3.937288891387051,3.8234285736404687,3.9122398086202255,29756690
2014-09-10,3.814321517944336,3.830261938589075,3.7528365106713277,3.8257073568094784,26464299
2014-09-11,3.8097660541534424,3.8553098915370905,3.786993642994653,3.821151890382613,14213132
2014-09-12,3.6116485595703125,3.72095404227972,3.563827318547409,3.711845375170652,45391634
2014-09-15,3.675410509109497,3.679964843029381,3.588876440997552,3.5911538541909453,22990270
2014-09-16,3.807488203048706,3.919071601370741,3.784716040740788,3.8052110360646054,25342496
2014-09-17,3.775606632232666,3.868972430135072,3.7687748863869315,3.86441785082678,22740830
2014-09-18,3.707291603088379,3.7596671855981394,3.679965105155691,3.74828134998741,17049726
2014-09-19,3.616201162338257,3.714121516330109,3.6025381663533644,3.714121516330109,16057179
2014-09-22,3.534224510192871,3.547887762288429,3.484126083331508,3.5091754198789524,18146585
2014-09-23,3.5023415088653564,3.5820435583647634,3.4704606890655936,3.5296682424223476,22064165
2014-09-24,3.556995153427124,3.568380986761863,3.4454122631127446,3.4841245889176964,16070105
2014-09-25,3.3884828090667725,3.5023428894876165,3.388482809066773,3.495511634313894,25281043
2014-09-26,3.5387799739837646,3.5569975659085813,3.4044248334086626,3.415810674465681,22281632
2014-09-29,3.2427401542663574,3.3361059478114803,3.233631734775072,3.2450175669309216,44636735
2014-09-30,3.160762310028076,3.1880890578198597,3.0992778046386933,3.1516536403309834,35914927
2014-10-01,3.0188205242156982,3.116789593253398,3.0097067672313127,3.082614359529336,37868275
2014-10-02,3.1190690994262695,3.1623576105172653,2.993759214235364,3.0917290519892675,58966651
2014-10-03,3.210202932357788,3.21475931871577,3.1031200926764733,3.12134686989709,45524971
2014-10-06,3.4198107719421387,3.64536824858504,3.4152538934922743,3.6294197899047753,93786080
2014-10-07,3.474491596221924,3.5291721668748917,3.4220893416198788,3.5291721668748917,75022016
2014-10-08,3.4631011486053467,3.5223383749482333,3.3469047665199123,3.5223383749482333,55244542
2014-10-09,3.508666515350342,3.551955009154954,3.4699344068816522,3.5200580945843543,37689585
2014-10-10,3.310450315475464,3.424367848886668,3.303615120583315,3.417532653994519,36138064
2014-10-13,3.5998003482818604,3.674985745682646,3.4813259706797677,3.4904392327367617,35714014
2014-10-14,3.6453678607940674,3.6932132317451143,3.5291717839431826,3.5610686979105473,37020857
2014-10-15,3.422090530395508,3.4858843874130603,3.2466569308816577,3.4767711200435754,58600200
2014-10-16,3.289945602416992,3.385636378231539,3.2512134809542856,3.2534917975654274,32108689
2014-10-17,3.4334816932678223,3.44487376879728,3.3127286982202384,3.3469041857353328,32742495
2014-10-20,3.30361270904541,3.358293242836583,3.2831073856949513,3.324117786038331,31388259
2014-10-21,3.1190690994262695,3.1395744429512473,3.062109948722321,3.087172172118283,50856426
2014-10-22,3.0848915576934814,3.169190446689719,3.062107668023865,3.125901475125363,31303222
2014-10-23,2.952747344970703,3.0393248035341984,2.8957882313288024,2.9869225667982224,66584117
2014-10-24,3.073500633239746,3.157799793201807,2.9846448418281692,2.998314736176717,48192853
2014-10-27,2.9299633502960205,2.9413551726244758,2.8319943188011,2.8411075795777743,94313080
2014-10-28,3.1190690994262695,3.125903803338294,3.0142645577603413,3.0370484643997018,42116250
2014-10-29,3.052995204925537,3.1919749122151027,3.023376611091058,3.1805825957886404,33047720
2014-10-30,3.36057448387146,3.3788015085796834,3.273996978759535,3.285388561254983,42624202
2014-10-31,3.3628506660461426,3.40386107907901,3.315005307353271,3.346902213148519,51190677
2014-11-03,3.320913076400757,3.3505434737716167,3.2479758415600233,3.311796106889067,24312533
2014-11-04,3.380173444747925,3.396128382348646,3.2981187757791157,3.3687764974153303,38617504
2014-11-05,3.3254706859588623,3.3892904415760765,3.32091220240272,3.373335502671773,23496181
2014-11-06,3.154524564743042,3.2548129272173916,3.134010896022265,3.232020016740484,23908439
2014-11-07,3.213787794113159,3.2183465272100573,3.1545267284331944,3.1818778947247277,20357083
2014-11-10,3.2160651683807373,3.2867228970956996,3.204668959279783,3.2707679578965543,18480155
2014-11-11,3.2115073204040527,3.2479754404045242,3.1568045242587472,3.2160655581390425,12641655
2014-11-12,3.2229037284851074,3.3254713543171444,3.2069487863741553,3.2434174015262274,18120280
2014-11-13,3.0975425243377686,3.2229030386132984,3.079308097435938,3.211506829871906,27208540
2014-11-14,3.1112210750579834,3.1180590535744437,3.006374617872084,3.006374617872084,31890995
2014-11-17,3.0496788024902344,3.131732767158632,3.036003100635853,3.12945352459255,15879396
2014-11-18,3.190995693206787,3.202391910990828,3.0496801281047103,3.05879734878994,26208055
2014-11-19,3.35282039642334,3.359658611741669,3.2229016991060586,3.252532322434158,39527509
2014-11-20,3.36421799659729,3.4850197719943057,3.295840009826912,3.469064834477216,34633936
2014-11-21,3.671922445297241,3.6810399086537307,3.425760300072022,3.425760300072022,62730711
2014-11-24,3.5123722553253174,3.589867719974555,3.482741861200406,3.5306066852668905,38551516
2014-11-25,3.544280767440796,3.594425060702247,3.5009741979198616,3.5898663317508217,23103426
2014-11-26,3.5784709453582764,3.6126600648092193,3.5533985465256186,3.5830296753541244,15648323
2014-11-28,3.4325978755950928,3.4827426931417005,3.396129992832039,3.469066497731851,16259226
2014-12-01,3.2834739685058594,3.3359184366790586,3.2036674371076903,3.3359184366790586,30898221
2014-12-02,3.235589027404785,3.269792027103079,3.1991058770378213,3.246989780748132,20929890
2014-12-03,3.2469875812530518,3.3085530869394297,3.2469875812530518,3.267509416481844,14077073
2014-12-04,3.203667402267456,3.2333098631152914,3.164904089406379,3.2173485570092386,26643443
2014-12-05,3.237868547439575,3.262950691111957,3.1603422129275076,3.192264806752711,14729247
2014-12-08,3.1101796627044678,3.23330955035786,3.066855804749399,3.2310291526580124,21937177
2014-12-09,3.12385892868042,3.1557815210365043,3.0828154899843083,3.117018232286398,30406823
2014-12-10,3.0440521240234375,3.1078978053994515,3.0258111699966306,3.105617655326598,17402118
2014-12-11,3.016690969467163,3.075976121688548,2.989328913938338,3.023531914822532,21140781
2014-12-12,2.8775994777679443,3.009850447929764,2.875319326885929,3.000729844401705,35021476
2014-12-15,2.774991273880005,2.891280954373626,2.73622845797569,2.891280954373626,52321550
2014-12-16,2.724827289581299,2.765870750947188,2.6495810670219067,2.711146135792669,40976760
2014-12-17,2.8889999389648438,2.9733669779730882,2.8023527496951934,2.8046331465126393,45532908
2014-12-18,2.907243013381958,3.01441160584569,2.884440760282254,2.9756482933441246,27152302
2014-12-19,2.9232044219970703,2.9847692500919014,2.9186438725945094,2.961967242747594,33014159
2014-12-22,2.9893312454223633,2.9984518555267567,2.9163648852495023,2.959688522914228,21222189
2014-12-23,2.9391651153564453,2.9688073242303163,2.8935608636254773,2.9482854725904097,17917100
2014-12-24,2.9870479106903076,2.991608457440281,2.9323230755827883,2.957405466317584,5496086
2014-12-26,2.9368855953216553,2.9984506755232716,2.9277647422503765,2.9802089693807132,8241975
2014-12-29,2.952846050262451,2.9710877511353555,2.909522195606392,2.934604595945664,13403583
2014-12-30,2.973369598388672,2.996171121097593,2.936886422385625,2.9824902074722406,16023845
2014-12-31,2.9665260314941406,2.9847674786094474,2.907241390008398,2.9574054312144966,12471582
2015-01-02,2.8675220012664795,2.9245533243923996,2.8378661079129026,2.9245533243923996,16584179
2015-01-05,2.8333017826080322,2.862957658466686,2.7717083353058425,2.787676997692714,17641808
2015-01-06,2.9245543479919434,2.949647596276168,2.831022994663272,2.8743668647433953,32825944
2015-01-07,3.006678342819214,3.065990385187754,2.995271829794914,3.036334487338472,19046159
2015-01-08,3.07511305809021,3.1116130297999263,3.006675765303095,3.0203632238605183,34177686
2015-01-09,2.9998342990875244,3.0842403195591674,2.9838656258455862,3.056865627337246,17749294
2015-01-12,2.901738405227661,2.9336757252530963,2.8766446909206382,2.899457203321524,24219106
2015-01-13,2.9359586238861084,2.983864627584826,2.890333823220204,2.9815831778821344,24165816
2015-01-14,2.9929897785186768,3.018083010583985,2.9473644868687883,2.9678958064437717,33254529
2015-01-15,2.8948967456817627,3.043177941938617,2.890334585083474,3.027209269829862,28553025
2015-01-16,3.015800952911377,3.018082155179852,2.910863675203157,2.93595764016577,47883546
2015-01-20,2.9131476879119873,2.9222727516863674,2.862960207157913,2.9108662369658824,23924312
2015-01-21,3.0477402210235596,3.061427936700277,2.9108655309559093,2.9336780615238354,31212970
2015-01-22,3.086520195007324,3.116176324932074,3.022645529529357,3.0682703258235984,24663337
2015-01-23,3.0043952465057373,3.027207764845479,2.967895266496115,3.024926562345469,18053839
2015-01-26,3.022645950317383,3.0340519659764045,2.954208623013809,2.967896088474524,17156986
2015-01-27,3.0408947467803955,3.054581959621146,2.9678947982777046,2.9747386513678613,16466942
2015-01-28,2.9336769580841064,3.0021142773767,2.9291145523545534,3.0021142773767,20019885
2015-01-29,2.8971781730651855,2.931396720646095,2.849272157117923,2.9245533564678308,24730913
2015-01-30,2.764864921569824,2.8036461059162474,2.748896256643611,2.7648649215698247,26764308
2015-02-02,2.825575590133667,2.8301400072708263,2.741127333109517,2.7479745757951335,18996498
2015-02-03,2.882636547088623,2.9123071291559977,2.8666599659175223,2.894048214502184,22063258
2015-02-04,2.9533886909484863,2.9762125083237407,2.823293771002325,2.8369877652770823,51276167
2015-02-05,2.941976308822632,2.9739294478918885,2.898611017067581,2.9191522502429788,38248785
2015-02-06,2.8506836891174316,2.8963308572297115,2.8506836891174316,2.880354274352771,83711850
2015-02-09,2.9031758308410645,2.9077407415098357,2.8598105368434523,2.8666580262425834,28966643
2015-02-10,2.798189401626587,2.8529664055772375,2.7867777314636806,2.83927240138175,52492531
2015-02-11,2.7403359413146973,2.7497044501536116,2.693492130831624,2.7379935608472685,28642370
2015-02-12,2.8504178524017334,2.866812998501224,2.7965479057478824,2.801232414103263,52070069
2015-02-13,2.9581587314605713,2.9745538830234395,2.8644723319997683,2.8668139538134185,62084206
2015-02-17,2.995633363723755,3.0026602553972888,2.92536849911365,2.9464481611029436,12279740
2015-02-18,2.9511303901672363,3.000315812250806,2.9253664891082773,2.9932891786630655,18990375
2015-02-19,2.918342113494873,2.948790800823611,2.890236314731845,2.9206844955448403,12809234
2015-02-20,2.9206836223602295,2.9277102598936655,2.8714981726573603,2.890235450650197,14062560
2015-02-23,2.9370789527893066,2.9651852513928136,2.894920138028574,2.9300528213395993,19397190
2015-02-24,3.033108949661255,3.0354513319012266,2.897263442637488,2.939422017572818,17294405
2015-02-25,2.9839231967926025,2.990949583068984,2.92771109355008,2.9487907588949596,21841709
2015-02-26,2.976896047592163,2.9956333277124227,2.9417636157094473,2.951132382398489,15827013
2015-02-27,2.993290901184082,3.079951161337309,2.9698691134235027,3.0096860513133685,35272051
2015-03-02,2.9358842372894287,2.9733737038371055,2.9124537957412255,2.9686878688843157,24323871
2015-03-03,2.9358842372894287,2.9405705789559202,2.903081112408243,2.9124537957412255,33982896
2015-03-04,2.8749656677246094,2.87496566772461,2.81170268601983,2.842162527570886,54688289
2015-03-05,2.7835845947265625,2.844505020647729,2.774212416397842,2.8281034552155715,38650839
2015-03-06,2.6570589542388916,2.755468901713176,2.652373369494928,2.7390673282531357,87790886
2015-03-09,2.5422475337982178,2.631284768542044,2.507101096910736,2.6172262444584424,65550525
2015-03-10,2.4602396488189697,2.5445905386280043,2.4485236633280776,2.5445905386280043,112614545
2015-03-11,2.5188164710998535,2.539904385147698,2.453210190410937,2.462582878162168,37936304
2015-03-12,2.5258452892303467,2.582079370528826,2.4977282485811068,2.563334507858075,32446568
2015-03-13,2.434465169906616,2.4461809009677795,2.371201945003446,2.42743628865516,43733306
2015-03-16,2.434465169906616,2.4860129171055516,2.4157203042370687,2.4578961253150866,19862510
2015-03-17,2.5047571659088135,2.5094435078505217,2.404004487836632,2.415719709298739,26796509
2015-03-18,2.6078522205352783,2.6265968234319774,2.4742964498522966,2.4766397469015846,44730843
2015-03-19,2.5188164710998535,2.565678643071158,2.488356629371688,2.5586492539362196,21843977
2015-03-20,2.598482131958008,2.631285276702452,2.584423605159388,2.589109442949589,27797900
2015-03-23,2.640655279159546,2.647684917465915,2.596136939025279,2.607852411703316,17960185
2015-03-24,2.6429989337921143,2.6875177866602833,2.607852764362022,2.685174742479191,23579177
2015-03-25,2.596137285232544,2.6898610791553557,2.5797357226387927,2.6664298773177997,32451783
2015-03-26,2.5164735317230225,2.589108683263392,2.500071964163284,2.5820798019619753,23776689
2015-03-27,2.45086669921875,2.478983997285617,2.425092952698739,2.471954609429669,27206725
2015-03-30,2.5258452892303467,2.537560511703457,2.443837465134137,2.4532093897557377,27222599
2015-03-31,2.5926544666290283,2.599687116419776,2.5199848505141005,2.529361885884759,36459615
2015-04-01,2.684077262878418,2.7262726566121347,2.6442262548322994,2.646570387045394,43247351
2015-04-02,2.7590904235839844,2.7825317406941106,2.71923942407342,2.7215835557844326,42998817
2015-04-06,2.801286458969116,2.824728292715533,2.7872214094161767,2.813007629316879,37533344
2015-04-07,2.7755002975463867,2.8012860063314715,2.7637791290925544,2.791909477127627,23262841
2015-04-08,2.8645780086517334,2.9020848749291988,2.848168833866105,2.8575453603296417,43158459
2015-04-09,2.7989418506622314,2.8434813819402227,2.775500525725466,2.834104598490982,42777949
2015-04-10,2.8200395107269287,2.8247280291234316,2.761435438778688,2.7755004870191344,23621809
2015-04-13,2.7473690509796143,2.827071043992698,2.73564839330807,2.8036292217007484,24015925
2015-04-14,2.801286458969116,2.815351255047501,2.7356497300384355,2.7778448786972536,23393911
2015-04-15,2.8575453758239746,2.871610165595542,2.7825316428623,2.813006367931794,19559327
2015-04-16,2.8762996196746826,2.8950531857638575,2.8317605972678317,2.864578957712103,17791472
2015-04-17,2.805973768234253,2.8270714621122104,2.789564591592769,2.8130066708261965,23657638
2015-04-20,2.7567460536956787,2.817694492418009,2.7497134050491674,2.817694492418009,37397739
2015-04-21,2.7848775386810303,2.8059749882575806,2.749714784754009,2.7544033040290254,16853575
2015-04-22,2.8669235706329346,2.890364896414594,2.775500625762658,2.784877156075322,37858071
2015-04-23,2.9724109172821045,2.977099436091628,2.8247282779595464,2.8341048086294878,42638035
2015-04-24,3.1130621433258057,3.1130621433258057,2.981788644625775,2.9841330315093897,71304896
2015-04-27,3.0661776065826416,3.1177492791024197,3.063833220740111,3.1013400990518303,34650717
2015-04-28,3.0849316120147705,3.1247828851213977,3.073210947541736,3.1247828851213977,23248101
2015-04-29,3.0333573818206787,3.073208368003271,3.0146038274557148,3.0567991980397013,21999764
2015-04-30,3.005230188369751,3.035704170576165,2.9583462614093903,3.035704170576165,31719788
2015-05-01,3.0228159427642822,3.0298508264142106,2.9759137600764314,3.0275057806731396,26659997
2015-05-04,2.9641895294189453,3.0064013812641734,2.954809343296335,2.9735697155415557,27584968
2015-05-05,2.9571540355682373,3.008745818206105,2.921977578086028,2.9430835032900258,27281104
2015-05-06,2.8844552040100098,2.9735679330500777,2.8586589469161665,2.9735679330500777,30337433
2015-05-07,2.921975612640381,2.921975612640381,2.8422430726509655,2.8703838647053272,20883630
2015-05-08,2.985294818878174,2.9970200490316232,2.9125971240602047,2.9759141276087813,27832822
2015-05-11,2.9172887802124023,3.0064020908503974,2.9125984324706873,3.0064020908503974,15913410
2015-05-12,2.9383928775787354,2.9618441005783276,2.90087213793141,2.903217184159368,22529485
2015-05-13,2.907907724380493,2.9735700488933148,2.8914921432522878,2.954809674544965,15645375
2015-05-14,2.9712259769439697,2.9852965146942814,2.917289126878992,2.924324015393957,20408786
2015-05-15,3.027507781982422,3.0321978765649127,2.952465254368752,2.9641904908249797,24197337
2015-05-18,2.903217315673828,2.9993654832422583,2.8961819230979162,2.9993654832422583,44192504
2015-05-19,2.8563148975372314,2.8938363966671767,2.830519389880386,2.8914913505165547,27571589
2015-05-20,2.839899778366089,2.865696050898236,2.818794106037416,2.8328648923543582,23204789
2015-05-21,2.764854907989502,2.800031086171207,2.739059162323734,2.792996205537313,30515897
2015-05-22,2.668708562850952,2.7296805326314804,2.668708562850952,2.7085753676839315,26746167
2015-05-26,2.596011161804199,2.635877717799743,2.579595580764481,2.6171170899791214,34329845
2015-05-27,2.6405680179595947,2.645257857864572,2.553799767169394,2.584285881925584,49967283
2015-05-28,2.6077370643615723,2.612427412699433,2.5561452612327997,2.6077370643615723,25355875
2015-05-29,2.5092434883117676,2.591321412444393,2.5022085999196224,2.572560780296001,54317076
2015-06-01,2.5080695152282715,2.5385696251754113,2.4986849440728163,2.5385696251754113,53406844
2015-06-02,2.592531442642212,2.604262661791812,2.5385691537517414,2.547954230548167,49843697
2015-06-03,2.533878803253174,2.587841127932469,2.5244939739244168,2.587841127932469,48322789
2015-06-04,2.498685598373413,2.545609227513744,2.491646914471776,2.5268395729040303,22517694
2015-06-05,2.454106330871582,2.5010301844863045,2.4517599352373907,2.4799146533131347,53078489
2015-06-08,2.4822614192962646,2.508069240842268,2.470530199251535,2.4869534506687674,51282063
2015-06-09,2.47287654876709,2.5127619899203677,2.4705304060385216,2.493992340708013,49667501
2015-06-10,2.5174546241760254,2.583147644445458,2.5127623380687627,2.562032103270837,60584160
2015-06-11,2.5221469402313232,2.5291858775676923,2.4705310261709053,2.526839480558247,31460370
2015-06-12,2.4869542121887207,2.519801232464901,2.4728770989931865,2.5057236118854456,21963708
2015-06-15,2.4846091270446777,2.4893009072018977,2.4400311269426833,2.4564543870290882,20912429
2015-06-16,2.613649845123291,2.6159959898228515,2.538571692584644,2.540918090976322,37024032
2015-06-17,2.5972254276275635,2.6206873716107304,2.545609506033403,2.5925328866157273,30385280
2015-06-18,2.6511876583099365,2.674649601512005,2.578455938813919,2.6183411407806374,25414607
2015-06-19,2.5808024406433105,2.6277258261770067,2.576109899136316,2.5995718455951953,22652391
2015-06-22,2.611299753189087,2.6464923778696425,2.599568793731657,2.6347616721039464,23395271
2015-06-23,2.6464943885803223,2.65353307107921,2.599570768791468,2.604263308354702,25588082
2015-06-24,2.634763240814209,2.6699558864480952,2.6277243057804163,2.646493953564248,18686511
2015-06-25,2.562032699584961,2.6230337016370773,2.5479555842947796,2.618341160745685,28160042
2015-06-26,2.587839126586914,2.6159930854158198,2.562031056160929,2.562031056160929,21549637
2015-06-29,2.5503005981445312,2.5667238497591227,2.536223742782212,2.5503005981445312,16903237
2015-06-30,2.570251703262329,2.614849419346018,2.5632097849590525,2.6007658365480175,29111092
2015-07-01,2.553821563720703,2.5866831808669986,2.542084945557373,2.5819884828399426,19565676
2015-07-02,2.6289329528808594,2.6383223472214765,2.581988011646356,2.581988011646356,18769733
2015-07-06,2.5209600925445557,2.565557822819268,2.5068759976478825,2.532696203770199,21619934
2015-07-07,2.5045289993286133,2.5068757136906585,2.434111070907919,2.485750969685963,24883752
2015-07-08,2.4294164180755615,2.469320207695392,2.4247217202216116,2.4622780340101627,26452054
2015-07-09,2.476361036300659,2.5092226444901,2.448194124858674,2.4646249289533944,24597349
2015-07-10,2.5561695098876953,2.565558400984056,2.4857518114302275,2.5209606606589614,20660948
2015-07-13,2.6101558208465576,2.617197742112945,2.5608633872164837,2.5796416747210773,17933653
2015-07-14,2.370734453201294,2.389512480030301,2.3472619831171766,2.375428896456404,19440049
2015-07-15,2.33083176612854,2.363693899598561,2.314400953202216,2.3496100555946415,29006780
2015-07-16,2.319096565246582,2.3449167868772274,2.305013223316971,2.3449167868772274,16117725
2015-07-17,2.2862348556518555,2.3190964934207465,2.2698040367674097,2.316749269838508,27072481
2015-07-20,2.2580668926239014,2.279191895263284,2.2416360812068294,2.2651083063616992,18731864
2015-07-21,2.2604141235351562,2.293276261488478,2.253372708189926,2.2604141235351562,32410966
2015-07-22,2.1946897506713867,2.2275513643541505,2.171217532053116,2.2205099525772614,34475881
2015-07-23,2.060896396636963,2.1547870624653647,2.0491602854909656,2.1383557454350726,41253639
2015-07-24,2.016298294067383,2.0327296121979845,1.9763952596902867,2.0327296121979845,43150976
2015-07-27,1.990479588508606,2.0397720415337517,1.9857848878809066,2.025688447268173,29984815
2015-07-28,2.039771318435669,2.04681323997648,1.941186447333673,2.0374239689539535,62544538
2015-07-29,2.0655910968780518,2.091410668328237,2.025687430613314,2.0444655891778036,29599315
2015-07-30,2.023340940475464,2.074980609677578,2.0045627751165807,2.0655918442590413,16288932
2015-07-31,2.0374245643615723,2.077328121264281,2.0303830214759775,2.063244654779976,20762084
2015-08-03,2.022158622741699,2.0432961892302477,2.005718335576445,2.0245073258921056,22353289
2015-08-04,1.9704896211624146,2.0127648931971773,1.9376090374362887,1.991627320668573,38708663
2015-08-05,1.9517009258270264,1.9916276271621558,1.93526063143395,1.9869302187961713,36979132
2015-08-06,1.9141203165054321,1.9446527943292766,1.9023774465036476,1.9258638213942196,31802784
2015-08-07,1.869497537612915,1.9235157737890392,1.8671488358373594,1.9000293909207013,37032195
2015-08-10,1.9399569034576416,1.9446543090720905,1.871847061598124,1.8906360491684215,37041039
2015-08-11,1.8953328132629395,1.9211679091645042,1.8648009466508588,1.904727624458961,31573979
2015-08-12,1.8577555418014526,1.883590003770329,1.841315256488299,1.883590003770329,42328955
2015-08-13,1.7887725830078125,1.8553755732721076,1.7840150336554585,1.8529969271992002,97894142
2015-08-14,1.8125615119934082,1.8268335324185896,1.7887745112101532,1.7959101999142235,71951174
2015-08-17,1.7959092855453491,1.8601341806813696,1.7887736004743398,1.8030456136330717,37147391
2015-08-18,1.8387255668640137,1.8886777949259823,1.7459565370475894,1.781636883668016,75549469
2015-08-19,1.7792580127716064,1.8078025457443025,1.7507139942121415,1.8006663481994747,43389985
2015-08-20,1.8030465841293335,1.824454808295498,1.7507154123687343,1.7697449878286848,47753837
2015-08-21,1.7768809795379639,1.8078037948462586,1.7483364268424104,1.7578515349477213,54092806
2015-08-24,1.7150336503982544,1.7721223305634723,1.6317797270426484,1.6650812963848909,60840404
2015-08-25,1.6841108798980713,1.795908823385259,1.6817321044809859,1.7863943647334644,72720812
2015-08-26,1.7935307025909424,1.7959089637807106,1.6769746847445612,1.7078974815509724,51411092
2015-08-27,1.8815419673919678,1.9196004435929295,1.8434828481744823,1.8434828481744823,56936884
2015-08-28,1.8149386644363403,1.8981931162424608,1.7959091011727504,1.8648915412853397,44261440
2015-08-31,1.7411991357803345,1.7411991357803343,1.6864892435933103,1.6983824747587013,45654453
2015-09-01,1.665992021560669,1.7088314678790337,1.6493321296532648,1.680271837000124,42955505
2015-09-02,1.673132061958313,1.6826522410096398,1.6326725555584864,1.673132061958313,48250451
2015-09-03,1.7373929023742676,1.7397729804316562,1.639813047538412,1.6469531530368444,79468183
2015-09-04,1.6302907466888428,1.7088299851421527,1.6255307265568206,1.6897906766552815,34776344
2015-09-08,1.665992021560669,1.6874120664039716,1.651712206121214,1.6755118127378736,22754889
2015-09-09,1.682652235031128,1.7469117384730999,1.6731320560136265,1.6993121301223193,51985259
2015-09-10,1.6279122829437256,1.6612320708138968,1.58983247023196,1.599352648588813,48494449
2015-09-11,1.6088721752166748,1.6207719136712397,1.5945923603975543,1.6136321992721432,20775010
2015-09-14,1.704072117805481,1.7064521944961955,1.5969725269331296,1.6279122371758177,53731797
2015-09-15,1.7278709411621094,1.7421513958779808,1.6921710911085417,1.696931242680499,50823545
2015-09-16,1.7921313047409058,1.7968909426173783,1.756431575868238,1.7611910850710721,40748181
2015-09-17,1.773091197013855,1.8230708613088435,1.7326311930458722,1.7397714208171962,41110097
2015-09-18,1.654091477394104,1.7611903627394783,1.649331326775399,1.7445304789419376,48089448
2015-09-21,1.6160120964050293,1.661231612211656,1.601731768475168,1.6517119511774707,34084486
2015-09-22,1.6041113138198853,1.6136314863986225,1.5374717785253358,1.5636518349277106,54258117
2015-09-23,1.51605224609375,1.5969721313886178,1.5112927372594755,1.582692318149513,46148800
2015-09-24,1.5755517482757568,1.5755517482757568,1.4303724250514898,1.4375125225504302,70430493
2015-09-25,1.549372673034668,1.6064925932583054,1.5398530080149337,1.596972799564889,39254485
2015-09-28,1.5041536092758179,1.5303338221723366,1.4993934535912485,1.5303338221723366,42725339
2015-09-29,1.511292815208435,1.5398524431596838,1.4874926963369448,1.499392434088603,39252217
2015-09-30,1.5755517482757568,1.5803117703838538,1.5327116779764731,1.5612719392986452,55393299
2015-10-01,1.593174695968628,1.5979375972183063,1.5598347734751354,1.5788862497224305,32851115
2015-10-02,1.6765245199203491,1.6765245199203491,1.5622163049856328,1.5669792062856471,48352948
2015-10-05,1.7384432554244995,1.7527317133683868,1.7074848225864734,1.7074848225864734,47687395
2015-10-06,1.778926968574524,1.7884525178421173,1.7384426116783918,1.7408241277467669,54436354
2015-10-07,1.814648151397705,1.8908534354313886,1.764637737688032,1.8289366019191902,61459697
2015-10-08,1.8456056118011475,1.8646570838768324,1.7955957390113328,1.8003582529639288,55084673
2015-10-09,1.8503695726394653,1.8908534079013644,1.8217921570067395,1.88609050529591,63883808
2015-10-12,1.814648151397705,1.8694205665219743,1.8098851199714472,1.838462149765875,19997889
2015-10-13,1.7074838876724243,1.7432053348520682,1.6931947937947507,1.7408238192057892,62437505
2015-10-14,1.719391107559204,1.7408241081762446,1.6931950748589601,1.6931950748589601,46685324
2015-10-15,1.6955763101577759,1.7265347260579482,1.6503294441311602,1.7241538541679333,43277057
2015-10-16,1.686050295829773,1.6979572261035216,1.6431844455844167,1.6765243653565478,39255165
2015-10-19,1.6717617511749268,1.6836686807394645,1.6265143888184752,1.6574727919404764,32922999
2015-10-20,1.6193711757659912,1.6908140766643804,1.6146081440374773,1.676525110230305,31777613
2015-10-21,1.5907942056655884,1.6146085985024148,1.5788872667501794,1.6122272107193332,42370000
2015-10-22,1.6431849002838135,1.652710833393039,1.6027004248904102,1.6360408688940884,53919558
2015-10-23,1.6455665826797485,1.7027210328418505,1.64080367964504,1.6789065176683071,36287955
2015-10-26,1.6050812005996704,1.6622354853990962,1.6026996862321041,1.6574725854153491,29315180
2015-10-27,1.6027003526687622,1.6193708314222768,1.5860303889210015,1.6003193523166657,31286442
2015-10-28,1.6193711757659912,1.6812880132073529,1.5931752737679605,1.6169896599017342,86269298
2015-10-29,1.5907942056655884,1.6360416035561596,1.5860311725964207,1.6050826611155813,54330002
2015-10-30,1.6312761306762695,1.6360391566216392,1.5931733393777165,1.6026987475119083,45248545
2015-11-02,1.6908149719238281,1.6955773624166222,1.6241345524418749,1.6550935025606874,38908443
2015-11-03,1.779929757118225,1.7846949588998164,1.6798530479096356,1.6822359064485406,69933652
2015-11-04,1.765631914138794,1.8037563448025575,1.741804628063922,1.779928929903691,45644476
2015-11-05,1.7989912033081055,1.801374061499044,1.7584845464226861,1.7584845464226861,28645091
2015-11-06,1.7846957445144653,1.7918443232779508,1.7203611121253213,1.7370404851195644,46303906
2015-11-09,1.7203607559204102,1.751336635907436,1.6941499500018644,1.7322744072722456,62426847
2015-11-10,1.7465698719024658,1.7775463774617153,1.6750868471775004,1.6917667220269552,43870726
2015-11-11,1.8061405420303345,1.81328899080351,1.7537195720117413,1.7918440309562549,65021030
2015-11-12,1.7537190914154053,1.7894606813660592,1.7394225842591988,1.7537190914154055,33823027
2015-11-13,1.7012988328933716,1.76563346351845,1.694150254325901,1.7537198100265383,36793866
2015-11-16,1.7703986167907715,1.7727814755517628,1.7060640067253359,1.7179776564099598,28616519
2015-11-17,1.7680151462554932,1.8156708879205954,1.7608672165662016,1.7870773656271208,22375739
2015-11-18,1.8252006769180298,1.8252006769180298,1.7775454799863066,1.7894591181893094,37686183
2015-11-19,1.9085983037948608,1.913364019221019,1.8013737002506118,1.8180530601221154,57748927
2015-11-20,1.934808611869812,1.9586358948166533,1.8990670433296604,1.908597827684419,29095899
2015-11-23,1.8585609197616577,1.8966853691992038,1.849030129462417,1.8776231444804308,33995141
2015-11-24,1.8776226043701172,1.8847711781284326,1.8323502362611035,1.8347325788844573,23164652
2015-11-25,1.7537190914154053,1.7966091281802452,1.7489533743232448,1.7703984571176923,47438181
2015-11-27,1.7179768085479736,1.7846942444477758,1.7155939509629785,1.7823113868627807,20046643
2015-11-30,1.6870015859603882,1.7132117410641519,1.6774702808410646,1.6941495172976604,67765559
2015-12-01,1.7022604942321777,1.7165650883688257,1.6879559000955298,1.7094131135428163,46480556
2015-12-02,1.7141790390014648,1.7189474467486623,1.6450398334996301,1.7094112757382032,73904748
2015-12-03,1.8047758340835571,1.8357692001144106,1.7928554574141595,1.814312522109495,58999758
2015-12-04,1.778552532196045,1.792857126412496,1.7404065179624209,1.7618637315294134,32452464
2015-12-07,1.7499425411224365,1.804777351066839,1.7404063606682063,1.7976252479503951,29122203
2015-12-08,1.7642465829849243,1.769014993964917,1.6903394352169059,1.7189486121281148,91514582
2015-12-09,1.8500750064849854,1.8548429011885967,1.804776526585563,1.8333862149506406,71794026
2015-12-10,1.7720390558242798,1.839270771009611,1.7648353795893807,1.8176603913900122,33461111
2015-12-11,1.7552306652069092,1.7888465139548648,1.7480269908673784,1.772038589580887,35941232
2015-12-14,1.7336196899414062,1.743223936644477,1.712009323503619,1.733619689941406,31505269
2015-12-15,1.743222951889038,1.7768387699870942,1.736019933201932,1.7720369738904687,21450994
2015-12-16,1.7504280805587769,1.7576317543423676,1.6471793175032396,1.6807951636569087,56509887
2015-12-17,1.7312175035476685,1.7792400085349696,1.728816280935652,1.7624320993351972,32472872
2015-12-18,1.6015572547912598,1.709608322146743,1.6015572547912598,1.7000040741932043,95221271
2015-12-21,1.558336853981018,1.6255685234756898,1.5559356302012575,1.613562923844612,41964092
2015-12-22,1.589550495147705,1.5991547353224465,1.5631376987697094,1.589550495147705,32810524
2015-12-23,1.6087604761123657,1.6111615698811839,1.5847488893395787,1.591952560096796,22482092
2015-12-24,1.6111606359481812,1.6279685422208001,1.6087595435711914,1.6135618581420164,9202548
2015-12-28,1.6255682706832886,1.6495797258452816,1.611161449512857,1.6255682706832884,41652064
2015-12-29,1.627969741821289,1.6519808131010463,1.6135630471266584,1.6471788844423658,23306833
2015-12-30,1.5775458812713623,1.5967550226190543,1.5583368697406026,1.5895514810238538,24877629
2015-12-31,1.5631393194198608,1.5823484687694949,1.55113384448319,1.5655405442241819,17244290
2016-01-04,1.4944247007369995,1.5328666214904363,1.484814545290657,1.5280612190252483,58531717
2016-01-05,1.506437063217163,1.5088397626256342,1.4848134180244617,1.5088397626256342,26666800
2016-01-06,1.4944247007369995,1.5352693227230303,1.4800091428254691,1.484814545290657,39711642
2016-01-07,1.4487758874893188,1.4944252801556903,1.4487758874893188,1.4824124188191263,34171564
2016-01-08,1.4487758874893188,1.4896205253116357,1.446373185325149,1.487217823147466,44986633
2016-01-11,1.4463711977005005,1.489618478255936,1.429552955147474,1.4824103816688992,29163248
2016-01-12,1.4679956436157227,1.4800084950367234,1.4391640208248229,1.4728010439776225,25192378
2016-01-13,1.43195641040802,1.4896192651132198,1.4271511400417334,1.480008464587152,21985024
2016-01-14,1.4631894826889038,1.4703975794849895,1.4007219083898057,1.4295529966073262,46145852
2016-01-15,1.4031248092651367,1.4199435805413854,1.3935146580785978,1.400722628684562,25782872
2016-01-19,1.383904218673706,1.4199434180968202,1.3670854493215607,1.4055273486373718,27072481
2016-01-20,1.3622808456420898,1.3766963970661468,1.3214362420374781,1.347865164321285,39184415
2016-01-21,1.319032907485962,1.3478645160542584,1.316630208490261,1.3382538499681405,45421567
2016-01-22,1.3815022706985474,1.3863071535121838,1.3478657528606053,1.3550733368746695,27335301
2016-01-25,1.3502670526504517,1.379098798742319,1.3406569036088962,1.3694880002171632,20683851
2016-01-26,1.383904218673706,1.3887090988721633,1.338254349576538,1.347865019250592,22357825
2016-01-27,1.3863070011138916,1.4079306600566055,1.3694887440437706,1.3839048197647579,35177944
2016-01-28,1.3983194828033447,1.419943127935213,1.383903935876612,1.4127350297300774,26703309
2016-01-29,1.5112428665161133,1.5112428665161133,1.4367623803272924,1.4487752362640711,42763889
2016-02-01,1.5458626747131348,1.5578831715945682,1.4545052086817634,1.468929934918905,47272190
2016-02-02,1.3871890306472778,1.4496969216263937,1.3847853209246361,1.4448885923250534,56388568
2016-02-03,1.4929708242416382,1.4929708242416382,1.435271798373292,1.4496965223455285,29925176
2016-02-04,1.5290322303771973,1.567498579171198,1.4857580754065092,1.4929702395992657,43988870
2016-02-05,1.5194165706634521,1.5434582106677879,1.5098003045999222,1.5314370657171161,46717298
2016-02-08,1.473738431930542,1.5146083823484064,1.4545052464821433,1.507396343990959,23081430
2016-02-09,1.4593132734298706,1.4809505596222445,1.4160389610039879,1.4593132734298706,31561507
2016-02-10,1.5001838207244873,1.517012778605521,1.454505406446595,1.4761423037750807,29283659
2016-02-11,1.4400794506072998,1.4737378697457846,1.4232505009968075,1.4641209557415744,29266879
2016-02-12,1.4617170095443726,1.4641212385097577,1.4352717907191364,1.4521007435798323,28337145
2016-02-16,1.471333622932434,1.4905668008046016,1.4496962165891372,1.4737378514035633,41532332
2016-02-17,1.514608383178711,1.5530747540965955,1.4713342033189336,1.4977794271392768,46652670
2016-02-18,1.447291612625122,1.478545274847456,1.4448875147570979,1.4713332412020628,32034537
2016-02-19,1.4828822612762451,1.490296813551317,1.4359244546178151,1.4482817299638402,29862589
2016-02-22,1.5718541145324707,1.579268796165817,1.5347821761806282,1.5397251636499902,41988582
2016-02-23,1.532310962677002,1.5594967891451252,1.527367842192763,1.5570252289030058,30331310
2016-02-24,1.5298391580581665,1.5397247293499265,1.4779384055570777,1.49029553669615,23961728
2016-02-25,1.5298391580581665,1.559496540030935,1.507595787529846,1.5520825285864868,21662112
2016-02-26,1.5174815654754639,1.5570250551211584,1.497710288320881,1.5520826032861488,18536620
2016-02-29,1.5570253133773804,1.5718540075370133,1.5372534984653263,1.55455375300117,35738278
2016-03-01,1.656936526298523,1.659409523383979,1.5604877681037574,1.5679071604734072,46786914
2016-03-02,1.7212358713150024,1.726182000967854,1.6371527368523295,1.6396258685309928,53019984
2016-03-03,1.9339163303375244,1.9363894604250964,1.7805877467880131,1.7929527287039275,78414409
2016-03-04,2.0798251628875732,2.1095013798395574,2.000687692986565,2.062513924911951,171065534
2016-03-07,2.040257692337036,2.0452039544016216,1.978431555800767,1.988323946225497,45942217
2016-03-08,2.08971905708313,2.1268146988308243,2.0254203012657617,2.0724078021690353,54401659
2016-03-09,2.064988374710083,2.1515444862255055,2.0550958503865475,2.1515444862255055,64123271
2016-03-10,2.1762752532958984,2.2059514909236593,2.0550959682221093,2.0748803494813677,59951488
2016-03-11,2.215843915939331,2.250466957626347,2.176275680471862,2.181221409070223,51085912
2016-03-14,2.1738030910491943,2.262832512139729,2.163910695453339,2.2010062095800973,57458215
2016-03-15,2.0081088542938232,2.1070301104784375,1.9710132160939986,2.0649888774350464,80417192
2016-03-16,1.9537019729614258,1.9660669629179945,1.8597264448377868,1.9289713245259066,99370604
2016-03-17,2.218316078186035,2.2628310951165194,2.0921912219502667,2.1886398459138006,107591036
2016-03-18,2.2603580951690674,2.2677773537843273,2.193586104675991,2.2133704823396894,59762140
2016-03-21,2.2554128170013428,2.275197069586713,2.2133714473880355,2.243047692561607,37652395
2016-03-22,2.210897207260132,2.2455196987812447,2.2010046848129066,2.233154714244301,49328715
2016-03-23,2.0872445106506348,2.1639088741105525,2.067460672042376,2.1639088741105525,47489884
2016-03-24,2.064988374710083,2.0699339683496363,2.025419614460369,2.0600421125483153,66008589
2016-03-28,2.149071216583252,2.1663824634340636,2.1342329667955777,2.1663824634340636,46526135
2016-03-29,2.158963441848755,2.1911128023391786,2.074879809935657,2.1218678201991645,60940861
2016-03-30,2.1762752532958984,2.223262740960229,2.1614365996642153,2.1812209809234737,34873172
2016-03-31,2.1243417263031006,2.1911141538679386,2.114449866405324,2.1812217591521685,41272234
2016-04-01,2.1698660850524902,2.1797632177552932,2.078321085486502,2.0906918325313635,26388560
2016-04-04,2.058527708053589,2.150072851131676,2.05605342461449,2.117908370324076,35575235
2016-04-05,2.0387346744537354,2.0733733145345368,1.9892509984574338,2.023889638538235,40090111
2016-04-06,1.9941980838775635,2.026362415916971,1.9669816475749409,2.0016202618994416,32188056
2016-04-07,1.9843025207519531,2.0164668781755233,1.9669831999212668,1.9843025207519531,27350721
2016-04-08,2.1698660850524902,2.1772889345795923,2.078321085486502,2.085743801246876,63565204
2016-04-11,2.246565580368042,2.288626911541468,2.2366684503428558,2.244091297861745,50583402
2016-04-12,2.348008871078491,2.352957440000017,2.2416187860364243,2.2515159238794755,52876216
2016-04-13,2.3851213455200195,2.3974926310042135,2.3430605265682334,2.3875954956034464,52415204
2016-04-14,2.3059470653533936,2.380172892411299,2.2787306166430987,2.3727501759387675,48009174
2016-04-15,2.29852557182312,2.3158448960958857,2.266361074240323,2.303474141282214,57655727
2016-04-18,2.239142656326294,2.283678268484009,2.2168749171307804,2.2242976306293056,51326735
2016-04-19,2.29852557182312,2.3084227107413073,2.2564642028557604,2.2614127723148543,48699218
2016-04-20,2.2564637660980225,2.26388648508312,2.2218249904903082,2.249041314646498,51604522
2016-04-21,2.2416186332702637,2.2787314262176945,2.2267735963513644,2.2614123725402324,42673410
2016-04-22,2.18966007232666,2.2292472725341526,2.1723407558401022,2.1921343559438484,49716029
2016-04-25,2.1748156547546387,2.211928581844907,2.159970617685322,2.2094542975276954,22199090
2016-04-26,2.2762560844421387,2.281204650436649,2.167391779331183,2.19460808970068,41806490
2016-04-27,2.355431318283081,2.3579054684098875,2.30099894535921,2.3282148642876113,55896262
2016-04-28,2.348008871078491,2.414812545017119,2.328215397993176,2.338112535836227,39693274
2016-04-29,2.3579063415527344,2.422235071271501,2.3133705526442934,2.3777000849639602,46256286
2016-05-02,2.2351338863372803,2.304440238946577,2.23265856387058,2.2945389490797763,43795440
2016-05-03,2.084144115447998,2.146024483223811,2.074242828370659,2.133648543491526,78879049
2016-05-04,2.1534512042999268,2.1608771726755993,2.081669653616684,2.0965209212533646,35662312
2016-05-05,2.1064229011535645,2.190580563367994,2.0791951427479565,2.1732539661734074,39281017
2016-05-06,2.131174087524414,2.1460253550594497,2.0866201510963744,2.094045584129494,26975199
2016-05-09,2.136124610900879,2.15097601233984,1.99008605312265,2.1138475087424373,63386287
2016-05-10,2.304439067840576,2.304439067840576,2.1881029857146257,2.1955289493408836,54631825
2016-05-11,2.3217666149139404,2.3663202740761626,2.289588630193805,2.361370432532618,68887815
2016-05-12,2.3217666149139404,2.348993687507306,2.259885566245442,2.324241803331519,36443742
2016-05-13,2.183154344558716,2.2920645562186333,2.1782042331983464,2.2846389877091933,29806578
2016-05-16,2.183154344558716,2.232659339028305,2.180679556524455,2.2029561282298125,28378416
2016-05-17,2.1460258960723877,2.1707783271243746,2.1212738664892985,2.1707783271243746,26064514
2016-05-18,2.1336491107940674,2.1905793854595546,2.0965206126109615,2.108896555633808,37541054
2016-05-19,2.1039459705352783,2.113846722715781,2.056916327094825,2.086619386573632,28561188
2016-05-20,2.111370801925659,2.1608757531912963,2.1039453737194997,2.143549174144595,30602067
2016-05-23,2.074241876602173,2.113845668510501,2.0420640465944366,2.054439980648009,42686109
2016-05-24,2.0767178535461426,2.143549390607352,2.05444062991812,2.1385987477757262,20837824
2016-05-25,2.064342975616455,2.1237485789348582,2.054441684868915,2.1088967766364757,22951720
2016-05-26,2.084144115447998,2.1163219602205716,2.0692927201235007,2.0717675066013244,11737546
2016-05-27,2.039591073989868,2.069294152850276,2.0346404270234966,2.0544423457741314,21827877
2016-05-31,1.9826602935791016,2.0593926316441156,1.9579084013169734,2.027214770234508,40643643
2016-06-01,2.02327299118042,2.0307026649950863,1.958885162580815,1.9762203986998272,26394456
2016-06-02,2.0554678440093994,2.0653740802854874,1.988603426941196,1.9985089937684362,25492841
2016-06-03,2.0926144123077393,2.1074736294319645,2.0653736076795286,2.090137853805412,18367227
2016-06-06,2.090137243270874,2.109949036053721,2.065373004378689,2.0851847971615367,20420124
2016-06-07,2.1520509719848633,2.161957077462292,2.0777568545267933,2.0777568545267933,36141919
2016-06-08,2.2387261390686035,2.2560613811851127,2.2065322136306253,2.2238674557471345,29701586
2016-06-09,2.211484909057617,2.2263435895426267,2.1842435708509567,2.216438025702169,26414638
2016-06-10,2.0777556896209717,2.1545261899892125,2.0752791311676586,2.142144067171329,40543867
2016-06-13,2.0653738975524902,2.0876621238631308,2.028226853701423,2.033179971401242,31145167
2016-06-14,2.0257508754730225,2.1049979696990517,2.0084156280038084,2.0851862965598915,30312943
2016-06-15,2.0307042598724365,2.075280329424023,1.991080640638314,2.040609829956433,34269979
2016-06-16,2.0728023052215576,2.0802319796227056,1.9786971128319213,2.0059379134056066,23367606
2016-06-17,2.0827085971832275,2.1223320556663667,2.070326341720216,2.102520393369659,29287288
2016-06-20,2.1396684646606445,2.1718624000396796,2.132238919871134,2.132238919871134,27904252
2016-06-21,2.127286195755005,2.139668861963319,2.0802335637294074,2.1347158758138858,30065316
2016-06-22,2.1099510192871094,2.1718628797184816,2.107474994739669,2.1347159509054143,30333125
2016-06-23,2.2238681316375732,2.2238681316375732,2.1297623499585048,2.154527142097035,27986114
2016-06-24,2.1124260425567627,2.1718612996409155,2.090137687260477,2.1124260425567627,41552968
2016-06-27,2.0207979679107666,2.1149038937880085,2.0207979679107666,2.1124273339689954,42677945
2016-06-28,2.1669094562530518,2.1693860158601863,2.0901387862278638,2.102521584263535,31622733
2016-06-29,2.2585387229919434,2.2684446932396503,2.2114859668194047,2.216439085833051,25950905
2016-06-30,2.337784767150879,2.3600731245446656,2.258537839507433,2.2684438058801693,45129948
2016-07-01,2.3699800968170166,2.3724565227962158,2.308068643998162,2.3204507738941573,38142660
2016-07-05,2.298161506652832,2.3254029851199194,2.278349838779839,2.3080677422586104,30148992
2016-07-06,2.2919671535491943,2.3018781925491663,2.23249984785397,2.2597554730277407,26470422
2016-07-07,2.284534454345703,2.3415240214442434,2.282056425752071,2.2894902436090208,30711821
2016-07-08,2.405947208404541,2.413380760209185,2.3613469692727374,2.3663027597838386,25487852
2016-07-11,2.413379192352295,2.4356795653547274,2.40346815361685,2.40594564537687,21137606
2016-07-12,2.4183361530303955,2.4827587398404094,2.3985137980177775,2.4555031021695495,36217204
2016-07-13,2.467890977859497,2.470368737544128,2.4009903946790923,2.423290231840772,23809343
2016-07-14,2.5422255992889404,2.586826358626971,2.5298367971660665,2.5595701901848846,32361304
2016-07-15,2.5521368980407715,2.5645262372593534,2.5075366700584083,2.5372700660720007,28203581
2016-07-18,2.5917813777923584,2.604170714645647,2.5422253699986914,2.549659186449782,18962483
2016-07-19,2.5719587802886963,2.5893033697548415,2.549659206229707,2.5645257675516326,18209172
2016-07-20,2.6264703273773193,2.638859663150021,2.5620477639959334,2.5843481397085992,30495261
2016-07-21,2.567003011703491,2.6314255615281428,2.5149687233491282,2.6091251905082467,33932327
2016-07-22,2.6016926765441895,2.60912568842963,2.547180886247116,2.5595696859292976,23135626
2016-07-25,2.5521368980407715,2.5967376618710314,2.5323150805716232,2.586826619174483,21360062
2016-07-26,2.539747714996338,2.576914655400104,2.5323147020090566,2.557092305046356,23807756
2016-07-27,2.539747714996338,2.576914655400104,2.527358913477688,2.5447035035277064,30447187
2016-07-28,2.4877147674560547,2.527359749196819,2.4852370063330063,2.512492914534532,26415318
2016-07-29,2.5893032550811768,2.601692859405775,2.517447140178598,2.519924900289185,30273032
2016-08-01,2.5409626960754395,2.5831055759564148,2.5260887542381583,2.580626630325548,21867787
2016-08-02,2.5682313442230225,2.6277265625426525,2.548399247380451,2.6128526239367345,53034270
2016-08-03,2.6847431659698486,2.687222110872044,2.545920107030895,2.5707100921568515,48453178
2016-08-04,2.746717691421509,2.7863816115677036,2.7144911416274526,2.7268858653744035,48223920
2016-08-05,2.754157543182373,2.7789470130108014,2.699619637350927,2.7715104401144988,50878196
2016-08-08,2.731846332550049,2.776467643815905,2.7219300090648173,2.731846332550049,34180634
2016-08-09,2.7690324783325195,2.8037382879044825,2.75415878970369,2.75415878970369,29134449
2016-08-10,2.7491979598999023,2.8062147832379614,2.7095340245229727,2.7863826815234534,26644123
2016-08-11,2.816131830215454,2.818611045317745,2.76407313800754,2.76407313800754,29315633
2016-08-12,2.796299934387207,2.8409220526773526,2.7839051993646424,2.791342308430409,29223340
2016-08-15,2.8572027683258057,2.8672278690837385,2.8246201068334638,2.8371522958026754,26105558
2016-08-16,2.8346452713012695,2.87975875911426,2.8321389965346837,2.8622145647409374,25980611
2016-08-17,2.8597090244293213,2.8672275782278116,2.784519421335848,2.8145949915659996,31025889
2016-08-18,2.842165231704712,2.8597102477859524,2.8020648155862533,2.8546974247637915,25375150
2016-08-19,2.832139492034912,2.842164321847943,2.7845197211239636,2.8221143912146145,21088852
2016-08-22,2.7820119857788086,2.819606910807292,2.764467795835044,2.819606910807292,18558162
2016-08-23,2.7544426918029785,2.844669924287408,2.751936146422231,2.822113454925272,27451631
2016-08-24,2.751938819885254,2.7770021299839054,2.7093318431354025,2.7318883344107965,23495728
2016-08-25,2.731886148452759,2.771987358321553,2.7218610492409776,2.756949438496658,27268405
2016-08-26,2.7494304180145264,2.844670489165493,2.7043169283175263,2.7694808879917745,42034162
2016-08-29,2.8171024322509766,2.83214035909254,2.7369002460984206,2.741912798043159,21062094
2016-08-30,2.8271281719207764,2.829634448456771,2.7795083757220618,2.802065406560833,17662670
2016-08-31,2.77699875831604,2.847175507775897,2.734391291282778,2.847175507775897,56101484
2016-09-01,2.7932991981506348,2.8284034394320616,2.7331203438798126,2.7581949568692075,38684173
2016-09-02,2.835926055908203,2.8635078060481916,2.8233890199944214,2.8334186487254467,48103508
2016-09-06,2.8986124992370605,2.8986124992370605,2.8108513527150043,2.828403473567551,27705834
2016-09-07,2.871028423309326,2.8835654510336544,2.8133570112594457,2.8785511822029077,45203646
2016-09-08,2.8610010147094727,2.9036272090423414,2.8484631650842105,2.8986126656775246,46011834
2016-09-09,2.6804637908935547,2.7732394727597223,2.6804637908935547,2.7707317947358048,34163854
2016-09-12,2.7581946849823,2.763209769763615,2.635329852608611,2.655389649474611,26701041
2016-09-13,2.6378376483917236,2.7155680768538115,2.6177778506296874,2.7005233640971054,30751731
2016-09-14,2.6328227519989014,2.672941808137773,2.6202849030225557,2.6328227519989014,19617152
2016-09-15,2.708045721054077,2.725597839873718,2.6177777201430152,2.650374550969438,22857840
2016-09-16,2.662909984588623,2.6929996616475114,2.627805768047453,2.6879845799062965,31133149
2016-09-19,2.682971477508545,2.740642926608223,2.677956392067486,2.7105537696102022,15458748
2016-09-20,2.703030824661255,2.750672094906049,2.6980157400594704,2.733119976623856,13143485
2016-09-21,2.7807624340057373,2.7882843848287533,2.6829716507128523,2.7431505108531864,27014429
2016-09-22,2.8133597373962402,2.8710312053295928,2.780763162597515,2.8284044563732125,22739696
2016-09-23,2.7807624340057373,2.820881764475855,2.7657177189706537,2.7983145563583878,15341964
2016-09-26,2.7581946849823,2.7832692954999843,2.7356274812904573,2.7531796002009843,27342557
2016-09-27,2.8133597373962402,2.8183748244750677,2.7381364136411346,2.760703356541715,31286895
2016-09-28,2.843447685241699,2.853477855099446,2.7732394786634993,2.8158662093459093,18201462
2016-09-29,2.740642547607422,2.8559854298561222,2.7306129203716245,2.8409407178727974,22913397
2016-09-30,2.743149757385254,2.7807616702068447,2.7205828265959866,2.7732391791906825,27317613
2016-10-03,2.8497655391693115,2.854782917790502,2.749422035550137,2.7594562502852336,29117668
2016-10-04,2.8171520233154297,2.8597982187172946,2.802100440894386,2.847254916904072,49491305
2016-10-05,2.914989709854126,2.9225153719862518,2.8522747737383516,2.862309532421882,28671396
2016-10-06,2.935058116912842,2.945092331147843,2.8848856894696913,2.9024458356345724,24848377
2016-10-07,2.9676694869995117,2.9877384573178936,2.9124804967580125,2.9676694869995117,28399732
2016-10-10,2.9751954078674316,3.0103162446257707,2.9601438144378887,2.9952641086889407,25739787
2016-10-11,2.980212926864624,2.9827214806787463,2.9400752520776994,2.9526185636556233,31492117
2016-10-12,2.9601430892944336,3.005298129775118,2.9325487341447376,2.95512625438508,19774979
2016-10-13,3.030385732650757,3.040419950041279,2.925024280020563,2.955127745953271,28770719
2016-10-14,3.0604875087738037,3.078047653878061,3.0404188102623118,3.062996333434651,26825988
2016-10-17,3.1056418418884277,3.1081498522124575,3.0479440417582353,3.050452052082265,39122735
2016-10-18,3.1871697902679443,3.198207907159051,3.0933483736013696,3.1540565246084484,26881257
2016-10-19,3.145778179168701,3.1899295660707807,3.134740603696664,3.1761325289173636,27223259
2016-10-20,3.1871697902679443,3.214764675615527,3.123702720358365,3.129221100670278,19850533
2016-10-21,3.173373222351074,3.184411070559619,3.145778601829712,3.145778601829712,16500400
2016-10-24,3.1595773696899414,3.2037282365946806,3.1595773696899414,3.2037282365946806,14878829
2016-10-25,3.173373222351074,3.1899299946638915,3.1071461330998047,3.1512975259339844,20183877
2016-10-26,3.1568193435668945,3.189932644445235,3.120946307090468,3.1319838932140853,21222251
2016-10-27,3.195448875427246,3.2478783780025893,3.167853986369103,3.198208337207711,34338503
2016-10-28,3.1871697902679443,3.2340806342279595,3.148537330536167,3.203726287470964,25848242
2016-10-31,3.2920315265655518,3.3389421306605893,3.2837528655445007,3.3279045488910093,49866909
2016-11-01,3.1747028827667236,3.3044516706323774,3.1305329902619303,3.2961695444205525,48925631
2016-11-02,3.1305344104766846,3.1829859102543745,3.0808435302329418,3.1609014967173987,22896390
2016-11-03,3.1112096309661865,3.2271556348910564,3.102928044910242,3.1747038712107583,28876782
2016-11-04,3.122252941131592,3.1940287803570078,3.0836045375643564,3.1084495715733733,29285371
2016-11-07,3.2906503677368164,3.3044531941411424,3.238198324837333,3.2630439008262617,29962365
2016-11-08,3.307213544845581,3.3651865507736742,3.2326770943053114,3.27132576492404,23413206
2016-11-09,3.1553802490234375,3.257522628765637,3.1498587386033394,3.1719436948145385,43123352
2016-11-10,2.871037483215332,3.0118291037122717,2.8241072144170314,2.970419803566113,52405845
2016-11-11,2.8461925983428955,2.868277565921023,2.7109229860291797,2.7909804507650153,41564450
2016-11-14,2.782697916030884,2.8103038447784376,2.7192036557666146,2.7882194274212098,49977405
2016-11-15,2.923490524291992,2.93453328148604,2.8047843443914524,2.8075452372155807,32534697
2016-11-16,2.9041647911071777,2.923489132101239,2.824107349723641,2.848952659634361,40931160
2016-11-17,2.8241066932678223,2.920727833044094,2.813063943899285,2.890361289907976,25282981
2016-11-18,2.8599965572357178,2.923490303201716,2.846192908261449,2.904165954466649,21829361
2016-11-21,2.940051317214966,2.951094335768661,2.909685051446619,2.9317700030850418,16777053
2016-11-22,2.940051317214966,2.9952636963110217,2.8958819566726053,2.9925036200907034,22085398
2016-11-23,2.887600898742676,2.8931224100660953,2.840670901850707,2.857234350351595,15486145
2016-11-25,2.818586587905884,2.8296287989810187,2.799262243631438,2.810304454706573,11107533
2016-11-28,2.8737993240356445,2.909687399407827,2.8047840658412153,2.8241084141185446,28937803
2016-11-29,2.832388401031494,2.8765583149176353,2.815824683324191,2.8544733579745647,17321699
2016-11-30,2.854473352432251,2.9345313211954394,2.854473352432251,2.8986435375999378,32200116
2016-12-01,2.676069498062134,2.783774800857918,2.6733075382374496,2.7754894643285923,39037472
2016-12-02,2.698162078857422,2.7478727336137605,2.6871155984888544,2.7147324780910846,21519724
2016-12-05,2.74234938621521,2.7451110744775424,2.695401228700262,2.7009240622802184,16069342
2016-12-06,2.7782506942749023,2.803105882916046,2.7064470874505573,2.7174935664854405,16453398
2016-12-07,2.7644407749176025,2.800342694829205,2.7313008126251925,2.7920573649159195,28149281
2016-12-08,2.7616825103759766,2.7892996775350647,2.750636023573817,2.7672061609857805,28688362
2016-12-09,2.7810118198394775,2.8113901061222495,2.7644416974276544,2.7727264871613286,35560763
2016-12-12,2.6677839756011963,2.7533963085563764,2.6650222874413516,2.7395875962848093,31330784
2016-12-13,2.723017692565918,2.750634847921119,2.6815923667416666,2.717494315789351,43521838
2016-12-14,2.6594996452331543,2.7561579332250856,2.651214307839982,2.7395880728559163,46962883
2016-12-15,2.656735897064209,2.6871141770851277,2.5932171075786363,2.656735897064209,58580842
2016-12-16,2.5711236000061035,2.6512125164588727,2.56836191323187,2.6346426672856804,29730447
2016-12-19,2.51865291595459,2.626358475425604,2.513129540008778,2.626358475425604,47945391
2016-12-20,2.5959808826446533,2.6208360811359723,2.5490319029108726,2.6097890547785423,33177264
2016-12-21,2.6097898483276367,2.6456918126205635,2.6042664692056476,2.642929851587087,15816397
2016-12-22,2.673306703567505,2.6871151410177863,2.6180732252386583,2.6291197037266048,30359615
2016-12-23,2.7660694122314453,2.7884897612714252,2.74925463255026,2.782884467397659,28254211
2016-12-27,2.7772789001464844,2.7940942274745817,2.7548591065072947,2.7828839174275255,26837347
2016-12-28,2.8557512760162354,2.866961595521527,2.788491562866134,2.794096584876177,28465515
2016-12-29,2.9005918502807617,2.914604407229469,2.8585541794346407,2.8613569663096263,18779381
2016-12-30,2.8809735774993896,2.911800641452478,2.869763811194217,2.9005908751473055,20737388
2017-01-03,2.999842643737793,3.0054492889736815,2.9493776003653127,2.9493776003653127,28910797
2017-01-04,3.039095401763916,3.0587206046230406,3.016666598496345,3.0278807245378365,21782153
2017-01-05,3.1232032775878906,3.1512392853954805,3.0531135336612474,3.0559171344420064,46707877
2017-01-06,3.111987590789795,3.1400230333655106,3.0839513214375014,3.100772917693562,35079610
2017-01-09,3.131613254547119,3.1540420529079407,3.1063805807989615,3.12600577936468,18079916
2017-01-10,3.128809928894043,3.18207805876801,3.109184726880162,3.1652567326341083,18839577
2017-01-11,3.2073111534118652,3.2073111534118652,3.075542198372464,3.0951674029346345,26845593
2017-01-12,3.226936101913452,3.2437574288967777,3.1904892963329394,3.2213286254626157,28227618
2017-01-13,3.145632028579712,3.18207856249705,3.1091852190700475,3.1736683114871638,18773403
2017-01-17,3.212918281555176,3.2325434890372247,3.134418278404057,3.1484360081560188,23921571
2017-01-18,3.1764724254608154,3.2157228488546963,3.1652582943692673,3.193294586671601,18155779
2017-01-19,3.190488338470459,3.2325417810994503,3.1596484674150727,3.2297387326963163,20691004
2017-01-20,3.2297396659851074,3.2381501915859436,3.182078183631749,3.2297396659851074,21159994
2017-01-23,3.3643131256103516,3.3643131256103516,3.2409552054943673,3.252169336383846,26627693
2017-01-24,3.336275815963745,3.347489941579275,3.288614610830537,3.2970254117363975,31019087
2017-01-25,3.4063665866851807,3.4147776657482667,3.3587056426101443,3.372723648394675,33867246
2017-01-26,3.403563976287842,3.403563976287842,3.32506367222818,3.361510497877439,37542270
2017-01-27,3.3839356899261475,3.4259896813372053,3.3727215678087297,3.389542888780955,23131194
2017-01-30,3.34188175201416,3.358703070481293,3.3138454863231877,3.344685351024042,18957082
2017-01-31,3.3110451698303223,3.344688666894681,3.2858130293188057,3.3334739841449417,19682521
2017-02-01,3.3545193672180176,3.379762470251309,3.3180571072810414,3.320862172216117,24745137
2017-02-02,3.3741509914398193,3.3909794416082204,3.340493815394017,3.36573635279212,21022698
2017-02-03,3.41902756690979,3.4667086808120384,3.399394053540454,3.40780814070403,29690042
2017-02-06,3.3965885639190674,3.455489091853684,3.3965885639190674,3.4134172861861005,16577912
2017-02-07,3.4470748901367188,3.4975613390196805,3.4470748901367188,3.483536850608957,29227236
2017-02-08,3.576096296310425,3.590120791534211,3.444271775956292,3.4526861422396338,37749451
2017-02-09,3.5620715618133545,3.629386471927582,3.553657473758102,3.590119716736642,23637703
2017-02-10,3.6153597831726074,3.6209696308865236,3.5620691248331995,3.5704837585496545,15623028
2017-02-13,3.58450984954834,3.5985335133852705,3.5452428188196654,3.587314637457531,22087666
2017-02-14,3.62377667427063,3.629386249770116,3.5536572562360647,3.5845096457742285,24794613
2017-02-15,3.792064666748047,3.8116981876178446,3.640606352890139,3.6826784590345216,35790413
2017-02-16,3.7051138877868652,3.828523943024599,3.682675595667682,3.8229140942859154,31290998
2017-02-17,3.67706561088562,3.702308688585763,3.6237749447830856,3.6546273195966044,28623425
2017-02-21,3.7708380222320557,3.7736968907514536,3.7108017833246962,3.7565439606601827,24266665
2017-02-22,3.8022847175598145,3.802284717559814,3.739390181733555,3.7508253730496457,13882716
2017-02-23,3.750826835632324,3.862322453409773,3.727955882031784,3.862322453409773,22275056
2017-02-24,3.6622021198272705,3.6993677027813514,3.6564846620941838,3.6879319442395713,16213646
2017-02-27,3.693650722503662,3.7250980111066605,3.6622028718501443,3.679356653697895,13244890
2017-02-28,3.6564841270446777,3.7136615062608618,3.64504837017628,3.687931404588418,17794606
2017-03-01,3.6836540699005127,3.7551540332656828,3.6464742351408717,3.7494337775521847,48178546
2017-03-02,3.5835540294647217,3.655053409658224,3.563534124292738,3.6493331556169335,18053942
2017-03-03,3.675072431564331,3.686512093492478,3.592132844356934,3.6207329831495993,16823024
2017-03-06,3.640753984451294,3.6836532216404563,3.6235940646676075,3.67507354288364,12106121
2017-03-07,3.5949933528900146,3.6607733162031377,3.5835536892983644,3.6579130488864964,13523397
2017-03-08,3.5149142742156982,3.569253734447807,3.4748744647873004,3.5320739114071515,16859100
2017-03-09,3.492035388946533,3.5263555166198897,3.4605758107548676,3.5006153505811013,19646033
2017-03-10,3.5463738441467285,3.58355338016604,3.51777370366233,3.58355338016604,16830033
2017-03-13,3.600714921951294,3.612154589722559,3.5492348707376276,3.554955126325889,16441441
2017-03-14,3.5463738441467285,3.620733197320311,3.543513858211784,3.5806933942310963,21204316
2017-03-15,3.640753984451294,3.6607738908655953,3.52349481373113,3.5635343454247046,39985965
2017-03-16,3.586414098739624,3.6493335259588995,3.5635344859276388,3.637893860120426,23353011
2017-03-17,3.5006139278411865,3.6293130189179896,3.4977539417920362,3.6235933279546586,25257212
2017-03-20,3.572112560272217,3.594992443940587,3.469153927169286,3.486313558785652,63100873
2017-03-21,3.486315965652466,3.5949949258366827,3.429116498127346,3.580695269806732,39950095
2017-03-22,3.489173412322998,3.554952794247616,3.45485330698313,3.480593456271756,15897619
2017-03-23,3.454854726791382,3.4805948866581926,3.4205351696173394,3.4348348211110973,19172096
2017-03-24,3.5034751892089844,3.51777484237759,3.4376952102771208,3.466295360019481,12545837
2017-03-27,3.5120532512664795,3.5149132368101146,3.431973656044696,3.4434138793541567,15342253
2017-03-28,3.492035388946533,3.523495529408367,3.4634357979663903,3.4977553633695786,26162414
2017-03-29,3.572112560272217,3.5835527832413137,3.494893234026379,3.4977532194849252,33879821
2017-03-30,3.477733850479126,3.5606734413978205,3.477733850479126,3.5292133154316367,17942621
2017-03-31,3.451991558074951,3.5006112841930808,3.431971670849839,3.4720114453000632,18650744
2017-04-03,3.5278160572052,3.5306766664588443,3.467731450314647,3.473453512576509,17472600
2017-04-04,3.5707337856292725,3.5764561302878164,3.4848991782542744,3.50778855688845,26040786
2017-04-05,3.467733383178711,3.579318862634334,3.4620110364757726,3.5764574080311835,19057889
2017-04-06,3.407646417617798,3.5020645034946636,3.3962011704627697,3.441980190322622,27336228
2017-04-07,3.444840669631958,3.5135084825019898,3.4219513049248107,3.450563292060154,21367586
2017-04-10,3.447702169418335,3.470591817562471,3.3990622647713487,3.462008023726272,26452878
2017-04-11,3.441979169845581,3.482035554252013,3.370450193228334,3.459145910482669,26055010
2017-04-12,3.441979169845581,3.4534235698531788,3.4047839557538935,3.444840340160326,17751521
2017-04-13,3.3704540729522705,3.4505669339829126,3.37045407295227,3.436260503438314,15571903
2017-04-17,3.573594331741333,3.573594331741333,3.4248139591938136,3.4248139591938136,21254204
2017-04-18,3.5306780338287354,3.590762663989015,3.5163724507564926,3.5278174234672264,15926893
2017-04-19,3.4763147830963135,3.5478443602973386,3.467731548833907,3.544983188459359,33834468
2017-04-20,3.4019246101379395,3.524954999662099,3.393341375841276,3.524954999662099,30820771
2017-04-21,3.3933422565460205,3.444843081950144,3.381897284926474,3.4133704646899155,23413412
2017-04-24,3.4934804439544678,3.5335365527243394,3.473452248943821,3.490619554490083,23206232
2017-04-25,3.4934804439544678,3.5135086389651145,3.4333958589225273,3.444840823037176,18471188
2017-04-26,3.473451614379883,3.519230337469487,3.4505628153378214,3.4734516143798824,17246248
2017-04-27,3.5020651817321777,3.547844210457957,3.4877596043979917,3.539260414055013,36167460
2017-04-28,3.5192337036132812,3.5306781140808803,3.4477046616196825,3.4677328721283494,21283065
2017-05-01,3.5507047176361084,3.605067259951105,3.5077877056153297,3.54212148398286,16626976
2017-05-02,3.6208314895629883,3.6294179003350613,3.552135420184152,3.563584999551323,39538415
2017-05-03,3.554995059967041,3.595067572712609,3.5320964812552877,3.5778936386787943,26840233
2017-05-04,3.4061572551727295,3.532098963879401,3.3889835904326007,3.5263748779073976,20507325
2017-05-05,3.4691295623779297,3.4834411889649366,3.4032960800776997,3.4319196146166315,21406961
2017-05-08,3.460542917251587,3.4920287826779584,3.4462315694977357,3.463405524440319,14754521
2017-05-09,3.471989631652832,3.503474624404475,3.463402380611464,3.471989631652832,17174921
2017-05-10,3.517789125442505,3.552136750952621,3.506340104515762,3.5292387090991353,17752345
2017-05-11,3.5979323387145996,3.615106284412707,3.5206498644379316,3.5464110643499103,20733677
2017-05-12,3.6694884300231934,3.675213357248131,3.6179668986455966,3.635140836226357,32674054
2017-05-15,3.689525842666626,3.721011686094825,3.663765490980638,3.683801757748274,18908018
2017-05-16,3.709564208984375,3.732462812536178,3.6694916527687207,3.7210137921252078,17615256
2017-05-17,3.5864827632904053,3.6866635348335723,3.5693091016369984,3.6551782539983497,27457650
2017-05-18,2.9252872467041016,3.1514099548729004,2.8680410591414938,2.976808787373975,149321189
2017-05-19,3.114201068878174,3.1657226267115814,3.0655418354446686,3.1084761387135416,79986566
2017-05-22,3.019744634628296,3.0569545703338217,2.962498146827753,3.0369182996036317,45517776
2017-05-23,3.0855796337127686,3.134238891234292,3.0626810271779497,3.071267723263539,60389184
2017-05-24,3.1199257373809814,3.1771722257405455,3.1056138339262604,3.1428243327248073,65839567
2017-05-25,3.039780378341675,3.1428237571528523,3.0226064349790156,3.122787771261195,45915439
2017-05-26,3.128511905670166,3.159997750363163,3.0884393705251663,3.0998889476456637,29142921
2017-05-30,3.1342380046844482,3.151411673362855,3.119926379648369,3.137100329691664,18874828
2017-05-31,3.122788906097412,3.18003512341171,3.1170639748646134,3.165723217377034,45953164
2017-06-01,3.08699369430542,3.155720714361958,3.072675224988498,3.14426616410355,21051147
2017-06-02,3.115628480911255,3.144264844539357,3.08985547215217,3.129946381231512,21325120
2017-06-05,3.07267427444458,3.135674281376525,3.0554924543722315,3.089855813023104,21998816
2017-06-06,3.135676145553589,3.149994055965466,3.0755397395489377,3.078403377930112,20276025
2017-06-07,3.18721866607666,3.21012803731628,3.1557192306636885,3.18435502985843,27030715
2017-06-08,3.1643104553222656,3.167173810332665,3.1156286347507445,3.1528556278116295,19479877
2017-06-09,3.1041738986968994,3.181491791071927,3.095582708995491,3.170036965301304,23638528
2017-06-12,3.078401565551758,3.1041745773027096,3.0411745700075135,3.1041745773027096,25669923
2017-06-13,3.1099021434783936,3.118493337422026,3.0640845067343174,3.092720600072841,17435906
2017-06-14,3.1557207107543945,3.207265623870483,3.1442661605090807,3.18149344880635,30626166
2017-06-15,3.1184918880462646,3.1270825150094392,3.0612194464937215,3.0955827988277385,15019217
2017-06-16,3.1270837783813477,3.144265883730751,3.1041752428950984,3.1270837783813477,23994547
2017-06-19,3.147129535675049,3.1786298305347347,3.11562980380319,3.121357078960603,16254464
2017-06-20,3.03830885887146,3.135672449053924,3.03830885887146,3.121354274027091,35509432
2017-06-21,3.0497663021087646,3.0784029635598404,3.023994123135264,3.0497663021087646,20329212
2017-06-22,3.058357000350952,3.078402463061872,3.032584262579769,3.0554933628208207,12875882
2017-06-23,3.03830885887146,3.066945490418786,3.0297179538553602,3.052627033898293,9837859
2017-06-26,3.147129535675049,3.1643116426412017,3.0669482464590914,3.0784025152800045,16632336
2017-06-27,3.1070384979248047,3.1557206165073857,3.075538767184857,3.112765772876414,16239621
2017-06-28,3.135676145553589,3.1471304175842922,3.0812672978052777,3.1242218735228855,18864315
2017-06-29,3.1442654132843018,3.1557199608074784,3.10131086007239,3.15285604243284,17981996
2017-06-30,3.1643104553222656,3.1986740933727513,3.155719545809644,3.1614468188180584,16426393
2017-07-03,3.200122356414795,3.2173116732276092,3.182932757980721,3.2029872894871403,12220740
2017-07-05,3.208716630935669,3.231636377411029,3.1456886658294287,3.1915273139163594,14035885
2017-07-06,3.157149076461792,3.1972578669511984,3.1399594741286223,3.1915279995068087,23873332
2017-07-07,3.1428236961364746,3.194392209836611,3.114174083781106,3.1829327591642267,35268443
2017-07-10,3.19152569770813,3.2029857059530222,3.174336107772471,3.1772010394284145,17640612
2017-07-11,3.2459607124328613,3.2545557932449514,3.191527265845522,3.1943921989091324,17681430
2017-07-12,3.3261795043945312,3.349099257055705,3.2201775140779727,3.2602865883976837,44686170
2017-07-13,3.3319091796875,3.3519637139938503,3.31758479394712,3.3319091796875,25456765
2017-07-14,3.3634233474731445,3.3720184299745277,3.3261792103261762,3.363423347473144,28661563
2017-07-17,3.334773302078247,3.3634223482123016,3.3175839870463064,3.357692764282475,21413764
2017-07-18,3.3634233474731445,3.3720184299745277,3.3204499063154245,3.3376395080755636,15135279
2017-07-19,3.334773302078247,3.3920719575888167,3.320448919821835,3.3806119448654726,14319340
2017-07-20,3.3490991592407227,3.3691534141935278,3.331909556462892,3.3576939606296383,11823902
2017-07-21,3.334773302078247,3.3748823609356458,3.323313289354903,3.357692764282475,15133424
2017-07-24,3.354825973510742,3.363420485456217,3.326176380001171,3.346230898323119,16553381
2017-07-25,3.3462321758270264,3.4006656075753563,3.3261776498487854,3.383476295500903,18927396
2017-07-26,3.3576951026916504,3.3691545601532766,3.3089912115886766,3.331910689754782,29944018
2017-07-27,3.3490991592407227,3.3978030337779095,3.3261794072489517,3.3748835634074688,23666564
2017-07-28,3.3748843669891357,3.3863438232815954,3.323315264755379,3.3405054348689607,29092415
2017-07-31,3.412125825881958,3.4293151375832873,3.3662866287341027,3.392071300339036,19530177
2017-08-01,3.5196070671081543,3.5540009913504353,3.4622843296036736,3.4708830219689384,32964106
2017-08-02,3.5711982250213623,3.5769302181463862,3.4909466586556146,3.4966789335202857,30879523
2017-08-03,3.559729814529419,3.576926621833421,3.5425332889647807,3.556863679978752,34218524
2017-08-04,3.542534828186035,3.582660447590476,3.528204149206061,3.568330050349988,11279462
2017-08-07,3.5941238403320312,3.59985611008918,3.522470750107072,3.52820301986422,13666465
2017-08-08,3.631385326385498,3.6686450946938227,3.5855271500060217,3.588393286029739,36437310
2017-08-09,3.579793930053711,3.594124607505495,3.5597309816212124,3.5711958053220965,17503111
2017-08-10,3.5110061168670654,3.5683285265691262,3.5081397005556276,3.565462391997055,15125590
2017-08-11,3.542534828186035,3.5654639145539937,3.4823459764701434,3.513873751965573,14015270
2017-08-14,3.5683276653289795,3.61418524393535,3.528201791004633,3.533934340504552,16167469
2017-08-15,3.613499402999878,3.6366629209195023,3.5874410145803948,3.6019179286601126,16622647
2017-08-16,3.645348310470581,3.662720943123364,3.587439819581255,3.6308708319733087,15420178
2017-08-17,3.567171335220337,3.6250798194062264,3.564275612160127,3.610602911824693,14844609
2017-08-18,3.668511152267456,3.6771971823912915,3.5990206343175726,3.6106026719291204,17123590
2017-08-21,3.5990216732025146,3.6829891220098987,3.59033564057139,3.677198243842494,13291479
2017-08-22,3.685884714126587,3.7235251362509616,3.6569300397032705,3.6627212022839117,16495659
2017-08-23,3.75247859954834,3.7698509458387206,3.6945698298473255,3.6945698298473255,26895687
2017-08-24,3.7872250080108643,3.807492512779521,3.7582703319499697,3.7698518039063433,19399066
2017-08-25,3.7698512077331543,3.7901192785365474,3.7495834215497044,3.7872244090902356,15853503
2017-08-28,3.726421594619751,3.769852334028437,3.7148392671746877,3.76116658461474,12059325
2017-08-29,3.743793487548828,3.7524795205158616,3.665616913885579,3.677198386048288,25832987
2017-08-30,3.7235255241394043,3.735106996647239,3.70325744916569,3.7293161180833203,14575377
2017-08-31,3.697467088699341,3.75827103752047,3.6887810542563586,3.7524801581451204,21159375
2017-09-01,3.7858104705810547,3.8292584841334247,3.748155031967963,3.7655344651740053,19875683
2017-09-05,3.7945001125335693,3.8582247044838085,3.7423620947602116,3.8466386997696937,32470996
2017-09-06,3.9306399822235107,3.9480194231928136,3.83505334162384,3.849536209098259,33696348
2017-09-07,3.919053077697754,3.945122517927838,3.881397915597793,3.913259932031386,26876515
2017-09-08,3.9161581993103027,3.9451242249066087,3.901675613609479,3.9393307920021052,33868277
2017-09-11,3.9740874767303467,4.032018930477595,3.965397758668259,3.9682943313556214,18441502
2017-09-12,3.942225694656372,3.9914671485174167,3.9219499693791375,3.9451225522461852,19037686
2017-09-13,3.9567079544067383,3.982777106149087,3.913259368169491,3.927741945517185,24460445
2017-09-14,3.9798812866210938,3.9885707207809644,3.92774268854177,3.945122695787282,19258060
2017-09-15,4.046502113342285,4.058088690553074,3.9538123429705556,3.9625020623300538,20198513
2017-09-18,4.049400329589844,4.089952369722328,4.023331730396394,4.046503755294666,18403159
2017-09-19,4.0233330726623535,4.043608530029755,3.9827810190008774,4.043608530029755,23035335
2017-09-20,4.005951881408691,4.049400497639465,3.950917252247963,4.037814484709511,18209378
2017-09-21,3.991466999053955,4.058088172302038,3.968294417054622,4.014639581053288,21391706
2017-09-22,4.020435333251953,4.052297367171255,3.9740898577554398,3.98857272986948,11720209
2017-09-25,3.9335386753082275,4.005952476995841,3.9248492355017506,4.000159896767027,18416352
2017-09-26,3.939330816268921,3.9914688654151016,3.9364342421646024,3.950916827954641,18148770
2017-09-27,3.9161581993103027,3.9451242249066087,3.878503020917676,3.9306407850111262,29720964
2017-09-28,3.910365581512451,3.930641604344269,3.8814004040730796,3.9045730015951565,20952814
2017-09-29,3.9682934284210205,3.9856725758593767,3.9422245648978116,3.9653968563927364,13656570
2017-10-02,3.9900240898132324,3.998717259929211,3.9320715212746675,3.9465602330796963,11321104
2017-10-03,4.117522716522217,4.117522716522217,3.972641190463223,3.992924604111482,16790865
2017-10-04,4.114621639251709,4.158086063668822,4.103031410908993,4.140700578737158,13211493
2017-10-05,4.155190467834473,4.227630925794503,4.14649729386371,4.169678331558222,20906430
2017-10-06,4.097238063812256,4.105930667911632,4.056671248783705,4.105930667911632,13189229
2017-10-09,4.010311603546143,4.071161578111015,3.9929258151460396,4.059571337346433,10373229
2017-10-10,4.09434175491333,4.129113324287632,4.065365447101412,4.074058624280412,19603360
2017-10-11,4.108829975128174,4.137806568243146,4.076956320856107,4.126215475260469,22961533
2017-10-12,4.068264007568359,4.114626110662165,4.056673766630398,4.105933216332077,13975895
2017-10-13,4.09434175491333,4.143601193358166,4.068263077882603,4.140704132247825,24081542
2017-10-16,4.053774356842041,4.09434089441755,4.027695400456828,4.085648003900934,13355592
2017-10-17,4.050877094268799,4.050877094268799,3.9987203124394624,4.047979463629901,14088040
2017-10-18,4.042184829711914,4.068262936163351,4.00451563086864,4.053775067597507,13275400
2017-10-19,4.01320743560791,4.016105065708763,3.9726406141959747,4.007411890570847,8331526
2017-10-20,3.9871277809143066,4.0421833128498905,3.981333091399138,4.033490139235902,9360624
2017-10-23,3.891507625579834,3.9842317976082673,3.879917388911665,3.943664972345828,11026929
2017-10-24,3.9059958457946777,3.9146884516051474,3.827760114817491,3.8973026703134686,21867705
2017-10-25,3.9581520557403564,3.9610496853340433,3.850939760773945,3.92627841504511,19921242
2017-10-26,3.8480429649353027,3.9726401915087974,3.836451876094462,3.9668449319237054,13585861
2017-10-27,3.8973026275634766,3.923381584050302,3.833554763526578,3.882814761481366,19683965
2017-10-30,3.804577350616455,3.868324901656269,3.758215003326629,3.836450698883501,33262198
2017-10-31,3.7118539810180664,3.7495234521535012,3.679980338984059,3.7466258224381077,27193985
2017-11-01,3.666924476623535,3.762583043988984,3.661126668206717,3.724899426379146,21851625
2017-11-02,3.6756210327148438,3.6901154145991044,3.61184882984805,3.6669253154136072,19893825
2017-11-03,3.666924476623535,3.698810285816555,3.6089492419213274,3.698810285816555,34193993
2017-11-06,3.742292642593384,3.748090167064077,3.678519873415754,3.7017099712985284,19981644
2017-11-07,3.643733024597168,3.710404809814277,3.6060494180863882,3.707505763986433,25133316
2017-11-08,3.782874584197998,3.7973683936707294,3.6756203940997874,3.704608297991863,24982621
2017-11-09,3.69881010055542,3.7567853323538403,3.6756200078360513,3.7104057168082702,25632816
2017-11-10,3.6785194873809814,3.6930135819833088,3.6437343442072763,3.661126915794129,28477677
2017-11-13,3.6785194873809814,3.7017095828301185,3.6234430106892814,3.6495321530161773,15633954
2017-11-14,3.58575701713562,3.6814158126005934,3.5683644570608197,3.672719817509621,18772166
2017-11-15,3.632138729095459,3.637935966650721,3.5364798927621153,3.545175891568283,14930161
2017-11-16,3.70460844039917,3.724899774441004,3.6466334852262667,3.666924819268101,14932016
2017-11-17,3.7799761295318604,3.7915714629991024,3.7046085990945588,3.7046085990945588,15882364
2017-11-20,3.8176612854003906,3.8292566226587046,3.7364959192192995,3.777078602309845,13588334
2017-11-21,3.8379504680633545,3.9104192246800955,3.8321529447382883,3.8437482763350115,19118703
2017-11-22,3.843747854232788,3.8611404222980177,3.820557763479148,3.8495456618677566,13818603
2017-11-24,3.8350515365600586,3.8350515365600586,3.8060644911116395,3.811861444286799,7023508
2017-11-27,3.80896258354187,3.8321521018483726,3.77127869021759,3.797367254495564,11742061
2017-11-28,3.8553450107574463,3.9104212255806132,3.82056013795477,3.8756363527779367,15771044
2017-11-29,3.756784439086914,3.820557178901656,3.7422909195300793,3.817658418000986,17847586
2017-11-30,3.637936592102051,3.722000682831019,3.6292405918008255,3.7017093505860954,31007748
2017-12-01,3.662585496902466,3.68288491442203,3.621986661863338,3.6480861980200587,12197032
2017-12-04,3.737981081008911,3.7901798407895146,3.7031823829218222,3.7263817050198735,10832736
2017-12-05,3.7118828296661377,3.8104796745701415,3.697382681610211,3.8046795583357667,11265856
2017-12-06,3.7524821758270264,3.77568093543057,3.668384890638668,3.7350823934741633,13598642
2017-12-07,3.7147839069366455,3.7292837766922786,3.569788630102157,3.5813880127983873,23405991
2017-12-08,3.7321829795837402,3.7611815710914516,3.706083449058585,3.7495821915003824,20530208
2017-12-11,3.7408835887908936,3.766983129298781,3.7118849861915972,3.7408835887908936,18098264
2017-12-12,3.83367919921875,3.83367919921875,3.6451852183094835,3.6567845979281395,29674374
2017-12-13,3.645184278488159,3.7814800182626893,3.627785071016095,3.7582806948865985,36644696
2017-12-14,3.5755879878997803,3.5929874858304984,3.546588539621823,3.555288573647275,25649927
2017-12-15,3.5974178314208984,3.6468970051870193,3.588686498625352,3.6207021484873083,23032861
2017-12-18,3.635254144668579,3.7051073739808076,3.629433638276571,3.667270363076527,18822466
2017-12-19,3.6207008361816406,3.629432738021066,3.591595164293481,3.6090589679723326,19969894
2017-12-20,3.6236119270324707,3.6585381091919804,3.611969484840237,3.6294332911807365,10517946
2017-12-21,3.7604074478149414,3.7836917629187057,3.6498069510720605,3.6498069510720605,40417229
2017-12-22,3.7371225357055664,3.7400330746285784,3.7080174325797373,3.7167487632444844,17230993
2017-12-26,3.754587411880493,3.766229859657584,3.737124455475946,3.7574982384030924,8029105
2017-12-27,3.7313015460968018,3.7807809988562986,3.7283910068817914,3.7691385558919395,7310262
2017-12-28,3.7633183002471924,3.7749601726631474,3.7487653159924443,3.7545863952526006,14422827
2017-12-29,3.7836902141571045,3.8331690773953007,3.763316446780817,3.7691372370698253,15910401
2018-01-02,3.9394631385803223,3.9394631385803223,3.8637603190606176,3.8754066644977163,12458430
2018-01-03,3.9918737411499023,3.9976973447163644,3.9219945053533807,3.933640853843228,36885891
2018-01-04,4.041372299194336,4.0850466077097405,4.029725378061536,4.044283957923945,41033616
2018-01-05,4.090869903564453,4.09669350720728,4.012255404494554,4.026813411851351,15033235
2018-01-08,4.035550594329834,4.087960189908215,4.03263893423023,4.06466690911138,22548410
2018-01-09,3.983139753341675,4.023902981990683,3.9773164349632446,4.020991322801469,13877150
2018-01-10,3.9947855472564697,4.018079103738908,3.9598459280687366,3.9744042219862794,11346048
2018-01-11,4.1170735359191895,4.1170735359191895,4.018077463896174,4.020989121491388,27542584
2018-01-12,4.111252307891846,4.114163967167926,4.070489078026722,4.079224342069381,9378765
2018-01-16,4.163661956787109,4.169485561648994,4.1258106717930305,4.149103946382878,16620585
2018-01-17,4.230630397796631,4.248100354881058,4.134545920046723,4.146192271888567,13710375
2018-01-18,4.239365577697754,4.271393545497021,4.216072302051425,4.2510119293064825,17310567
2018-01-19,4.3034210205078125,4.306332679630187,4.227718169540478,4.2480997833971,19318049
2018-01-22,4.402416229248047,4.402416229248047,4.294685436544851,4.294685436544851,48806683
2018-01-23,4.3383612632751465,4.384947523524339,4.309244671735398,4.347095954522666,33569979
2018-01-24,4.687759876251221,4.696494281979586,4.443180774063416,4.472297654135254,31302954
2018-01-25,4.810050010681152,4.88284122010362,4.646997346668879,4.676113658709183,36724682
2018-01-26,4.943985939025879,4.943985939025879,4.76928691666816,4.780933270106125,46424627
2018-01-29,4.731434345245361,4.859546774368296,4.731434345245361,4.827518810194764,45166292
2018-01-30,4.760550022125244,4.766373626173687,4.652819214623908,4.684847176496853,31175554
2018-01-31,4.7751078605651855,4.8741039680731495,4.760549567370727,4.86536927837083,22780534
2018-02-01,4.831903457641602,4.86976685725975,4.75908977818689,4.7940400580234535,14972627
2018-02-02,4.6629767417907715,4.721227694526112,4.639676360696636,4.683364575248141,16596053
2018-02-05,4.499872207641602,4.70957553716428,4.421233745372204,4.648412066053499,18528497
2018-02-06,4.671711444854736,4.706661706058562,4.526084449883896,4.543559437335037,27233154
2018-02-07,4.467835426330566,4.680450774276775,4.467835426330566,4.662975493135717,35156298
2018-02-08,4.400845050811768,4.598897583566322,4.400845050811768,4.593073064835374,28733715
2018-02-09,4.505698204040527,4.528998577181349,4.354246351228479,4.488222924184911,29175081
2018-02-12,4.552298069000244,4.593073714102544,4.505697331740474,4.546472690541183,15037358
2018-02-13,4.55812406539917,4.587249821924941,4.511523885643994,4.528999167778448,10341276
2018-02-14,4.747441291809082,4.779479034023447,4.502787542169359,4.529000760893447,29060462
2018-02-15,4.738702297210693,4.808603434639354,4.718314465460667,4.805691173548213,19254349
2018-02-16,4.757867813110352,4.815667843814846,4.709193851221186,4.7152780964573315,17800584
2018-02-20,4.827835559844971,4.873467693661496,4.733530366048846,4.742656433965521,23096149
2018-02-21,4.870425701141357,4.992110305557176,4.864341455968622,4.906930873138883,18230818
2018-02-22,4.925182819366455,4.976899194085726,4.894761897416804,4.9586464614926316,18452016
2018-02-23,4.973856449127197,4.976898870066809,4.8673824816382645,4.961688260562844,17091843
2018-02-26,4.989067077636719,5.0103619310233904,4.937351304165049,5.0103619310233904,16664907
2018-02-27,4.879550457000732,4.979940163997175,4.870423793776944,4.96777137937838,19745191
2018-02-28,4.736571788787842,4.879551217601307,4.733529666918644,4.8704245529548995,26962686
2018-03-01,4.774611949920654,4.841560150135456,4.707663749705852,4.762438951611667,23069555
2018-03-02,4.78373908996582,4.798955183317078,4.683317121562649,4.732007004958385,25976055
2018-03-05,4.893294334411621,4.896337435716401,4.741140166577923,4.756355373966727,15523458
2018-03-06,4.923721790313721,4.978497271764259,4.911549095493218,4.954152480392971,15354210
2018-03-07,4.844601631164551,4.893291221062345,4.783739643792309,4.875032923985575,12293716
2018-03-08,4.801998138427734,4.859816718869947,4.759394753476207,4.853730521019729,14761118
2018-03-09,4.87807559967041,4.9024203925048475,4.835472212210145,4.862860104148887,10536499
2018-03-12,4.932851791381836,4.941981090003147,4.868946701032657,4.884162497869763,13015033
2018-03-13,4.8811187744140625,4.948066357476452,4.8598170803538325,4.938937359156949,15170737
2018-03-14,4.80504035949707,4.902419818569299,4.762436977024463,4.899376719821256,18048376
2018-03-15,4.768525123596191,4.789826822203022,4.683318329168872,4.7624386248592945,17384162
2018-03-16,4.735048770904541,4.8232986175321635,4.7228760791314635,4.75330735986198,25658791
2018-03-19,4.631587028503418,4.741138640206216,4.625500528718265,4.716793538470598,29150755
2018-03-20,4.622454643249512,4.643756332690259,4.5585495749272695,4.637670434842006,21136287
2018-03-21,4.655928134918213,4.671143325329774,4.60723856836999,4.634626449553366,20636787
2018-03-22,4.576808929443359,4.649842996743109,4.5555072392332745,4.592024123315736,15082299
2018-03-23,4.607239723205566,4.698532683366678,4.579851536022398,4.595067627652252,20741305
2018-03-26,4.680274486541748,4.710705778856572,4.619412799316795,4.689404083630624,10233872
2018-03-27,4.57985258102417,4.692447257580682,4.555508384362837,4.674188960517231,13528551
2018-03-28,4.631587028503418,4.637673229153574,4.546380219401242,4.5737684214619385,17124002
2018-03-29,4.747221946716309,4.789825330663382,4.680273771942336,4.686360268783914,18851121
2018-04-02,4.703083038330078,4.776141128734312,4.6513343680437504,4.745700083181265,20943743
2018-04-03,4.623936176300049,4.754831350926574,4.602627659500381,4.7213468380435035,19863933
2018-04-04,4.654378414154053,4.663510338764004,4.489998684251846,4.520439131156814,22099623
2018-04-05,4.654378414154053,4.797449621761243,4.6452458910825625,4.763964202550395,23729646
2018-04-06,4.62089204788208,4.669597228563077,4.550878949114523,4.63611271607558,13434135
2018-04-09,4.465644836425781,4.614804151477577,4.459556389673362,4.599583483442557,18829475
2018-04-10,4.526527404785156,4.541747778271321,4.44129361249341,4.477822209629428,15494597
2018-04-11,4.5934953689575195,4.620891731987012,4.511305681407706,4.520437602930425,12559237
2018-04-12,4.62089204788208,4.645244638222579,4.599583531334144,4.639156789868142,10012055
2018-04-13,4.489998817443848,4.602628983025611,4.48086629410145,4.590452983440896,12275163
2018-04-16,4.441291809082031,4.523481493302964,4.407807300239818,4.5204374198417945,22437914
2018-04-17,4.529571056365967,4.547835202405937,4.441292904224248,4.477821495534919,16900124
2018-04-18,4.660467624664307,4.687864003194411,4.590453892608565,4.626982497058984,14313980
2018-04-19,4.599585056304932,4.62393765471942,4.54174793430131,4.575233056352019,15916379
2018-04-20,4.541749000549316,4.572190054944737,4.505220393582698,4.553925601845999,14652890
2018-04-23,4.483911514282227,4.514352267066028,4.435206010597311,4.486955589560607,10729661
2018-04-24,4.4534711837768555,4.550881296145587,4.4321626562394485,4.51130831643326,12190023
2018-04-25,4.413896560668945,4.426073457697852,4.356059441704743,4.380412038839469,12874852
2018-04-26,4.517396926879883,4.526529154501618,4.4169427222716955,4.450427856115615,13118932
2018-04-27,4.5326151847839355,4.572188150010378,4.51130666504662,4.569143776531457,11335328
2018-04-30,4.423028945922852,4.535659704159326,4.413896423051294,4.5265271812877685,10726363
2018-05-01,4.413896560668945,4.43520508316183,4.319530845233427,4.4199850091833985,8759698
2018-05-02,4.189789772033691,4.323765961896632,4.162386150006351,4.314631221678705,28509218
2018-05-03,4.128892421722412,4.198925440550584,4.086263627653091,4.1897903996510335,23901368
2018-05-04,4.092356204986572,4.144119771635585,4.080176841559075,4.089311289301336,22380398
2018-05-07,4.055816173553467,4.116714167786776,4.034501770812137,4.061906002908132,17631954
2018-05-08,4.046680927276611,4.092354645146173,3.997962893509075,4.061905799213131,16283531
2018-05-09,4.0345001220703125,4.043635161682526,3.982736893022602,4.0253650824581,19149213
2018-05-10,4.186744689941406,4.208059079876908,4.09235239165561,4.104532342360493,18820611
2018-05-11,4.086265563964844,4.198927430248122,4.05886192484708,4.1806582377318104,15396470
2018-05-14,3.991868734359741,4.125844838161512,3.940105539022087,4.080171166410908,21018369
2018-05-15,3.9492428302764893,3.9614227841986076,3.8365816237709125,3.867030460979847,28368006
2018-05-16,3.9766502380371094,4.001009564930716,3.9522906118300387,3.955335827005203,11960991
2018-05-17,3.7574150562286377,3.9309752030791003,3.7330563359991613,3.921840159194659,36229099
2018-05-18,3.6782472133636475,3.681292127926057,3.580810246679887,3.635618409489918,67822724
2018-05-21,3.675201416015625,3.7604587039708965,3.6386627493566595,3.7604587039708965,26726232
2018-05-22,3.8030893802642822,3.8761676476982423,3.736101242820446,3.739146457472214,33112327
2018-05-23,3.763505697250366,3.815269256861814,3.739146375080274,3.7787299742932694,22511715
2018-05-24,3.787862777709961,3.793952604648439,3.696515373632792,3.7360989494196706,22498315
2018-05-25,3.7269670963287354,3.806134602189585,3.7117428177240392,3.7909103235848893,24540431
2018-05-29,3.49859881401062,3.599080722863115,3.4833745363292024,3.556451907277576,58545797
2018-05-30,3.5046873092651367,3.5503610189438968,3.45292347231593,3.5442708916734507,27419307
2018-05-31,3.5168676376342773,3.5412269561938277,3.495553233894671,3.5320919124206354,14561565
2018-06-01,3.5515923500061035,3.6155568219908103,3.4723968302968733,3.5759595112618237,31124841
2018-06-04,3.64601731300354,3.66429313553454,3.6155573093680817,3.6368791023209144,27611438
2018-06-05,3.4845798015594482,3.6277400430328863,3.4602120499185256,3.6125101982573096,25074770
2018-06-06,3.368833303451538,3.4541201429343973,3.347511518726571,3.426707018550603,27582783
2018-06-07,3.207396984100342,3.2805005397629357,3.05205346282939,3.2713623333152477,64149555
2018-06-08,3.3657872676849365,3.411476202579854,3.195213307847455,3.341419516362871,56840117
2018-06-11,3.289639949798584,3.4175704189056093,3.274410096402849,3.4084322074510167,23166033
2018-06-12,3.2865922451019287,3.3566498395592617,3.2622250891393394,3.2987764219172644,19201369
2018-06-13,3.2378575801849365,3.3079142817104334,3.186075797893418,3.2957307028040708,24076389
2018-06-14,3.0764212608337402,3.268316413091961,3.064237085193943,3.2591788053418482,43669854
2018-06-15,3.1464784145355225,3.170846170576533,3.0307321721747935,3.0794670854227433,35790826
2018-06-18,3.0764212608337402,3.112972590085167,3.0429153018040322,3.0733749923610474,29139623
2018-06-19,3.2043509483337402,3.262224657739481,3.0825124898796488,3.0855584588264255,39218883
2018-06-20,3.2256736755371094,3.320098740537738,3.179984726790297,3.3079145617657497,38876469
2018-06-21,3.1678013801574707,3.2439500472948213,3.143433615046544,3.2195828810181895,29506981
2018-06-22,3.173892021179199,3.2073973850633526,3.1434323272690374,3.2013060451153694,21880280
2018-06-25,3.1891212463378906,3.2287185412836252,3.1221099328010125,3.2104430279178064,20947042
2018-06-26,3.149524450302124,3.222627420546101,3.12820266331766,3.222627420546101,19548524
2018-06-27,3.0276849269866943,3.1617069431632716,3.0215929899407645,3.1495233684883512,19339283
2018-06-28,3.1373398303985596,3.164752948591035,3.0764207586458117,3.103833876838287,17587219
2018-06-29,3.1617064476013184,3.222625808512191,3.1495228748360358,3.167798683109298,19962060
2018-07-02,3.150738477706909,3.150738477706909,3.1050313225074424,3.114173053079792,12951745
2018-07-03,3.2330102920532227,3.2817648789214804,3.1659731469663983,3.19035059016672,12247951
2018-07-05,3.248246192932129,3.269576194863532,3.190350772936437,3.2665287521980715,27452084
2018-07-06,3.3152830600738525,3.3274713320377267,3.2147276447621547,3.2299630596000917,16596053
2018-07-09,3.3244242668151855,3.3518479493157796,3.2848114156653727,3.3152825400944366,14355622
2018-07-10,3.3640377521514893,3.3762260255866807,3.315283460281068,3.3548960228933717,32711160
2018-07-11,3.3244242668151855,3.367083960828807,3.3152825400944366,3.3427068216596916,36984636
2018-07-12,3.3853671550750732,3.424979710669405,3.3609900134586472,3.3609900134586472,24837286
2018-07-13,3.5042059421539307,3.5163945158169803,3.3731790748085744,3.394509078718912,25529948
2018-07-16,3.476781129837036,3.5133465458083344,3.4493574422740445,3.479828272795676,24121329
2018-07-17,3.5529613494873047,3.5712439146336896,3.446311305527148,3.470688757964826,23504943
2018-07-18,3.5255353450775146,3.580383617678999,3.5194410592848633,3.5377236171304385,19338458
2018-07-19,3.549912214279175,3.5590530424266587,3.4097433641606014,3.4310733609889428,25280713
2018-07-20,3.717505693435669,3.7571185579653688,3.69617598899057,3.717505693435669,45698157
2018-07-23,3.6474204063415527,3.7022686736038555,3.632184992875388,3.693127545337097,22573972
2018-07-24,3.699221134185791,3.7235982723684597,3.6717971532626072,3.6992211341857915,19216212
2018-07-25,3.8668158054351807,3.8759572373264506,3.7693074981274526,3.7845429184137513,34076900
2018-07-26,3.7571170330047607,3.833295288186692,3.7296924537753244,3.8119652928667045,33152114
2018-07-27,3.7845406532287598,3.8302477853277312,3.7540698308940557,3.8028235060683486,21968718
2018-07-30,3.8454835414886475,3.8698606788962855,3.802823551025282,3.8272006884329195,17931077
2018-07-31,3.653517484664917,3.738836637091409,3.6413286064146253,3.702271200470754,36362890
2018-08-01,3.6882619857788086,3.7187435665587762,3.6730211953888245,3.6852135280686404,17626182
2018-08-02,3.7004570960998535,3.7248423790279364,3.6242533865819917,3.639493888779647,20733471
2018-08-03,3.8467698097229004,3.8620109163981695,3.7644694516919377,3.7675179127329903,17977460
2018-08-06,3.7888522148132324,3.8406709200841753,3.7766598779111673,3.8162856470154964,25870713
2018-08-07,3.733985662460327,3.840670932858362,3.694359593591926,3.816285659708577,36658096
2018-08-08,3.673022985458374,3.7949490683674743,3.6516858685136255,3.773611951422726,26219517
2018-08-09,3.5968189239501953,3.6516857949891217,3.5693857880630433,3.627300518971821,19817755
2018-08-10,3.4322190284729004,3.4840380459529716,3.3682082703962903,3.468797246585994,45676924
2018-08-13,3.416978120803833,3.438315237370279,3.3224854756418836,3.3255339347836874,49138171
2018-08-14,3.5023279190063477,3.511472701427259,3.429172655963577,3.47489447064097,23891885
2018-08-15,3.4444122314453125,3.480989853095604,3.392593209995836,3.4291717305432403,28521587
2018-08-16,3.4383151531219482,3.502326201620525,3.4139295780112127,3.4840375446440066,28784840
2018-08-17,3.35296630859375,3.4017368540181807,3.3255334760570494,3.3956405358401267,31691340
2018-08-20,3.3430514335632324,3.3616412033453673,3.3182656829749155,3.3244619683416956,51494665
2018-08-21,3.2408084869384766,3.3151678817011043,3.2129244372340193,3.290381518300443,60512256
2018-08-22,3.2872841358184814,3.2965793300970123,3.1664511786089227,3.175745763765941,32537377
2018-08-23,3.1292710304260254,3.2996760749995384,3.1137789428668516,3.2872831968099394,31588059
2018-08-24,3.1540565490722656,3.194334085414101,3.101385830914282,3.181941208158599,20977139
2018-08-27,3.256300687789917,3.274890156434022,3.1881381860391347,3.2098262547780196,17567429
2018-08-28,3.2067272663116455,3.240808208498788,3.17264662868512,3.228415332423856,24274704
2018-08-29,3.2624971866607666,3.2748906753216036,3.212925059381633,3.2377108184604975,19350209
2018-08-30,3.119976758956909,3.22531853884128,3.104485580511031,3.209827360395402,37032875
2018-08-31,3.22841739654541,3.256302375364558,3.1199773012126935,3.1292724971929506,37160894
2018-09-04,3.0870795249938965,3.121173556221199,3.0653831294180587,3.0684826145003212,48005381
2018-09-05,3.124271869659424,3.1614653720209245,3.062282495938608,3.068481463778437,33121191
2018-09-06,3.2141575813293457,3.2420523331377336,3.09947665210179,3.1397696468825846,33156855
2018-09-07,3.279247283935547,3.3164414163815383,3.2451532464922015,3.3164414163815383,22432348
2018-09-10,3.251352310180664,3.269949224593308,3.211059300297586,3.254452100593755,22042519
2018-09-11,3.0994765758514404,3.145968843313448,3.083979458041633,3.1242724518311777,39089421
2018-09-12,3.124271869659424,3.1769627916204963,3.1087747547373237,3.1645651606183107,34154000
2018-09-13,3.0715808868408203,3.1335702654823097,3.0529839818451245,3.102575728500313,38397996
2018-09-14,3.1366708278656006,3.164566499625659,3.0684827621303494,3.114974431245911,25890091
2018-09-17,3.2389535903930664,3.2544516261662975,3.127372729538539,3.127372729538539,28603635
2018-09-18,3.226555824279785,3.273048101665589,3.2141581883211643,3.2420529453974596,28976146
2018-09-19,3.2575511932373047,3.307142349664841,3.201760152054083,3.214158398177387,33408151
2018-09-20,3.2978432178497314,3.3505341486519344,3.257550224807464,3.313340640049651,24080924
2018-09-21,3.3691298961639404,3.4156224556501695,3.2947428978247775,3.3040410441090886,30745320
2018-09-24,3.260648727416992,3.366030881660746,3.2389523388155603,3.347434281822721,30284576
2018-09-25,3.269949197769165,3.2854463216415914,3.164566988306308,3.170765959726338,27287577
2018-09-26,3.3288395404815674,3.3970282346827307,3.2978449841587247,3.3133424146589894,30627197
2018-09-27,3.45281720161438,3.480712564572523,3.3722309021906334,3.3877280213787127,46724162
2018-09-28,3.4032275676727295,3.424923972673223,3.3536357848144585,3.3970285948154455,33731394
2018-10-01,3.3703572750091553,3.404464320600367,3.3362511437832634,3.398263094999863,23388675
2018-10-02,3.5594961643218994,3.606005380018499,3.5067860246543483,3.519188177384846,51687414
2018-10-03,3.7610344886779785,3.885058401189488,3.7238265224745173,3.885058401189488,133292047
2018-10-04,3.7641375064849854,3.788942430766525,3.6463144209363803,3.7393331917808634,64951888
2018-10-05,3.788940668106079,3.8416514124713923,3.751733603781649,3.816846194940827,37760995
2018-10-08,4.108303070068359,4.198220873504957,4.049391710536379,4.154812278742462,90993498
2018-10-09,4.130009174346924,4.195121790189176,4.06179563844785,4.1114054827380855,43204368
2018-10-10,3.9501729011535645,4.061794407398978,3.950172901153564,4.036989187983144,36690049
2018-10-11,3.8819611072540283,3.996683278697544,3.8509546454326093,3.984281120673192,41479929
2018-10-12,3.9842796325683594,3.990481166447387,3.919166727118987,3.9718768695989146,28661356
2018-10-15,3.9656786918640137,4.027691025716948,3.953275920304604,3.95947745847872,21749993
2018-10-16,4.123806953430176,4.133109102476776,4.02458758613382,4.049392808943699,26225290
2018-10-17,4.1269073486328125,4.207523023124507,4.0928008929566815,4.108303965895202,29563466
2018-10-18,3.996680736541748,4.108302830860341,3.9904801186566674,4.095900680724584,23365586
2018-10-19,4.0028862953186035,4.061797710679769,3.981181977368602,4.0400933927297675,31872957
2018-10-22,4.086601734161377,4.1207082071167465,4.067998037210029,4.074199574315915,17890259
2018-10-23,4.064894676208496,4.083498360597602,3.9749768683278166,4.002882699700041,26795911
2018-10-24,3.9222655296325684,4.080395871730474,3.922265529632569,4.077295258858645,26694279
2018-10-25,4.024588108062744,4.095902561410879,3.943972418827674,3.9780788807413545,42877003
2018-10-26,4.108303070068359,4.139309209184428,4.002882501862278,4.058692942694101,33266527
2018-10-29,3.9997825622558594,4.272636043691075,3.9594748763267327,4.254032355667498,55222463
2018-10-30,4.161015033721924,4.164115954014441,3.9408722473174085,3.9532744045439494,64930036
2018-10-31,4.083499431610107,4.154813573805819,3.987380675178444,4.1486120392610255,54203055
2018-11-01,4.193292140960693,4.193292140960693,4.087839564479978,4.143667255613961,35980277
2018-11-02,4.236715316772461,4.292543026369348,4.196395084093848,4.230511899171483,28733509
2018-11-05,4.174685001373291,4.218106798855489,4.146770988706163,4.205700266122181,27189862
2018-11-06,4.171584129333496,4.187091611813456,4.100248307471699,4.14677166955548,38456543
2018-11-07,4.221207618713379,4.224309480015998,4.090942553894854,4.180887690116091,30483923
2018-11-08,4.149872779846191,4.249122303382038,4.115755956209076,4.208802060587585,29234245
2018-11-09,4.205699443817139,4.221207530481294,4.087840912028989,4.180887602726777,36816831
2018-11-12,4.183987140655518,4.215002998660214,4.140565976044644,4.1932921114736885,17475693
2018-11-13,4.1126532554626465,4.15917659959639,4.059926493896555,4.118856672894996,25608491
2018-11-14,4.1808857917785645,4.187088292042759,4.090940696397034,4.1808857917785645,38905124
2018-11-15,4.301846981048584,4.329760678770851,4.165378828757508,4.165378828757508,24011246
2018-11-16,4.339065074920654,4.373181879801558,4.249119967366282,4.283237382009386,25222785
2018-11-19,4.339065074920654,4.370080629249748,4.301846409725742,4.323557297756107,29187243
2018-11-20,4.193292140960693,4.270830719433872,4.190190585626523,4.22120613896823,27086375
2018-11-21,4.215005397796631,4.289442157899728,4.205700421682167,4.289442157899728,24729882
2018-11-23,4.183987140655518,4.199495526979499,4.143667226475916,4.168479668974802,7511670
2018-11-26,4.022707462310791,4.159175916006897,4.004098432597,4.146769388062482,24206469
2018-11-27,4.196394920349121,4.2212073702600765,4.087840756869869,4.090942313108738,23706763
2018-11-28,4.326660633087158,4.354574031737196,4.154524095436465,4.261527946791448,17964954
2018-11-29,4.345268726348877,4.382487091292749,4.31735472398012,4.3731824238364965,20128835
2018-11-30,4.340618133544922,4.391794287793471,4.3127047268020835,4.382489310743704,16022477
2018-12-03,4.291282653808594,4.402986617520234,4.2680114522201205,4.393678258889676,19090667
2018-12-04,4.254047393798828,4.337825043640385,4.19354155058927,4.305244880370004,17195192
2018-12-06,4.281973361968994,4.305244556828121,4.086491787013241,4.100454625933513,23012589
2018-12-07,4.221466541290283,4.356441655665651,4.207503398588441,4.309898965036712,22246401
2018-12-10,4.100452423095703,4.170267190215279,4.07718124073828,4.128378695957726,18830506
2018-12-11,4.123727321624756,4.156307491894487,4.0632214654164445,4.151653312575417,18960793
2018-12-12,4.184232234954834,4.268009871702176,4.179578057363078,4.21215821554127,23991661
2018-12-13,4.268009185791016,4.2726633626348,4.184231562507564,4.198194398050833,12049704
2018-12-14,4.207502841949463,4.249391959501231,4.170268511365115,4.216811805860455,11533919
2018-12-17,4.100452423095703,4.188884197103582,4.072526455245507,4.18423032664629,19354538
2018-12-18,4.153067111968994,4.204282044277948,4.1204758468843785,4.139099208992767,21243553
2018-12-19,4.106508731842041,4.278777839279164,4.073917460503995,4.204282850972187,21611736
2018-12-20,4.1949687004089355,4.241527238089675,4.153065314729894,4.1949687004089355,41447839
2018-12-21,4.078572750091553,4.199625967818429,4.064604848153738,4.176346232960711,22089865
2018-12-24,4.018044471740723,4.092538502401221,4.004076574015525,4.045979962075284,8247623
2018-12-26,4.022700786590576,4.022700786590576,3.9249267095522904,3.9994213606732223,38138042
2018-12-27,4.1437554359436035,4.1437554359436035,3.9714866728097045,3.999422172651629,28224045
2018-12-28,4.2089385986328125,4.255497775433797,4.162380032063838,4.181003702784232,14141571
2018-12-31,4.255495071411133,4.278775102693057,4.2182480587538125,4.246183547083661,10252769
2019-01-02,4.522862434387207,4.541493947392067,4.308596829711692,4.313255242149511,31149991
2019-01-03,4.583418846130371,4.634655920312818,4.494917196521097,4.532181466698245,22167102
2019-01-04,4.643967628479004,4.69054716394371,4.522861446769612,4.550809168048436,24167438
2019-01-07,4.602046966552734,4.67657392553052,4.564783639688567,4.662599910863187,29359790
2019-01-08,4.685888767242432,4.704520579059403,4.560124190102564,4.592729708157574,26600962
2019-01-09,4.7837090492248535,4.80699867803425,4.73247168269442,4.7417872900184985,25595228
2019-01-10,4.755759239196777,4.8396021105760205,4.695205681229086,4.755759239196777,42067936
2019-01-11,4.709178924560547,4.718495136796934,4.643967575651768,4.681230898350224,23431760
2019-01-14,4.741787433624268,4.769735477441316,4.6579445231715635,4.6719185450800875,16225328
2019-01-15,4.676576137542725,4.69986607125456,4.5927329256293925,4.671918333950115,30280591
2019-01-16,4.6299943923950195,4.662600225318164,4.588073261314133,4.606705078627509,12598611
2019-01-17,4.625335693359375,4.64396720057911,4.541492537248299,4.541492537248299,14447359
2019-01-18,4.657942295074463,4.699864035497428,4.620678966725499,4.681231608199285,18570346
2019-01-22,4.55081033706665,4.629994804574108,4.508888591754791,4.59273147187951,15409526
2019-01-23,4.6299943923950195,4.639310606301181,4.541493718030693,4.602047276923901,19174638
2019-01-24,4.588072776794434,4.657941931716382,4.578756869121545,4.6113623933519365,35638138
2019-01-25,4.662600040435791,4.704521780353334,4.173516228975551,4.648626635879045,17145441
2019-01-28,4.671919822692871,4.723157204786736,4.578760668658852,4.588076584062254,19556152
2019-01-29,4.737130165100098,4.769736016404592,4.723156446862203,4.765077601575887,26752001
2019-01-30,4.811654567718506,4.839602294322508,4.662600331079972,4.7464432056425,21492032
2019-01-31,4.956050395965576,5.011945537082969,4.909470857326547,4.923444871542977,30750886
2019-02-01,4.929957389831543,4.943936664106722,4.855402685397523,4.8880204830990355,19518220
2019-02-04,5.0231523513793945,5.03247115599632,4.883360815829897,4.902000257249996,20320829
2019-02-05,4.757549285888672,4.874041820468513,4.7389104559267485,4.860062545314889,87499404
2019-02-06,4.57116174697876,4.687653980016369,4.561842026327654,4.659695734156168,47397446
2019-02-07,4.547861576080322,4.617757630724423,4.496604957924185,4.6130974662381385,39374801
2019-02-08,4.6317338943481445,4.687650651731388,4.505922640715588,4.669012139755848,40239391
2019-02-11,4.557180881500244,4.6177572124129,4.496604550587589,4.613097048348768,22748031
2019-02-12,4.701630115509033,4.748226550093179,4.617755739310733,4.645713355769885,27483969
2019-02-13,4.580481052398682,4.659695933034666,4.538543834500663,4.641057101665683,20689836
2019-02-14,4.692314624786377,4.729592294591198,4.47796863413754,4.4919476076321265,36781442
2019-02-15,4.715610504150391,4.724930222002263,4.631735791762061,4.696971679175206,25948843
2019-02-19,4.710951805114746,4.748229156462624,4.678334008173727,4.68299325721625,18135096
2019-02-20,4.64105749130249,4.776188877390286,4.636397935751248,4.701633851019524,22792147
2019-02-21,4.673675537109375,4.6923140644214945,4.580481373726743,4.622418899931131,52522182
2019-02-22,4.760359764099121,4.794642117741294,4.740769756032812,4.7554624225564135,17971963
2019-02-25,4.711384296417236,4.814231012614807,4.701588973701312,4.8093336722045095,14132363
2019-02-26,4.716283321380615,4.735873010966479,4.686897984632371,4.7113859792210935,13560779
2019-02-27,4.711384296417236,4.730973979006093,4.677101629754493,4.701588973701312,12717491
2019-02-28,4.603639125823975,4.672203819783141,4.569356457896715,4.667306479192204,23939987
2019-03-01,4.546803951263428,4.590900382918373,4.522306183409571,4.5664019728959415,21712886
2019-03-04,4.532107353210449,4.625199689301935,4.47821204369784,4.546806278313085,14186099
2019-03-05,4.541906833648682,4.566404292864221,4.492910951964252,4.551705688901118,10252494
2019-03-06,4.4635114669799805,4.556604089709228,4.414516245410357,4.5370057442139125,28281354
2019-03-07,4.483110427856445,4.483110427856445,4.399818250778956,4.463512079670932,59512294
2019-03-08,4.507608413696289,4.5321058649591635,4.453713121881796,4.458612547917502,16735067
2019-03-11,4.70849084854126,4.713390916941164,4.58600133974929,4.5958008343803805,22305360
2019-03-12,4.723189353942871,4.7427877006447305,4.688892407756792,4.708490754458652,17873149
2019-03-13,4.7966837882995605,4.840780236227302,4.68889318466376,4.718291030671859,18888640
2019-03-14,4.679094314575195,4.767286889040962,4.625199012943873,4.757487393015917,23695219
2019-03-15,4.693792819976807,4.752588193518656,4.683993965651655,4.713391812964789,27882249
2019-03-18,4.772186756134033,4.781985611553363,4.703592841691993,4.708492269401658,17210859
2019-03-19,4.674192905426025,4.772184626739022,4.654594882247739,4.76728552229984,28669053
2019-03-20,4.595801830291748,4.688893517532154,4.556605448695313,4.634998211888182,26434531
2019-03-21,4.473310947418213,4.566402606615733,4.365520368601051,4.566402606615733,44689881
2019-03-22,4.218533039093018,4.311625346224694,4.1940355874065185,4.272428974008203,57917522
2019-03-25,4.252829551696777,4.336122677013147,4.228332102507311,4.233231528128341,24790834
2019-03-26,4.30672550201416,4.321424423308936,4.238132248421839,4.30672550201416,22883952
2019-03-27,4.086244106292725,4.2136326894307965,4.07644461403101,4.184235175898496,43229794
2019-03-28,4.257730484008789,4.306725713420408,4.0764459197035485,4.091144841719856,45934336
2019-03-29,4.316525459289551,4.341023235959049,4.2528306619969305,4.311626032389412,34041854
2019-04-01,4.323390007019043,4.396917078548114,4.3086843999749815,4.382212113964877,31174729
2019-04-02,4.298877716064453,4.338091884934878,4.254760932856117,4.338091884934878,20024523
2019-04-03,4.215548992156982,4.362603407761194,4.205746006910647,4.333192524640351,45185739
2019-04-04,4.31848669052124,4.342995597857096,4.195941832611673,4.205745781022362,18712864
2019-04-05,4.377308368682861,4.401817919802445,4.289076040526317,4.298879989466274,17375504
2019-04-08,4.377308368682861,4.3920139708624895,4.323388576894939,4.357701113263562,13111236
2019-04-09,4.338094234466553,4.347898183531693,4.274371135385623,4.347898183531693,14037809
2019-04-10,4.362600803375244,4.401815290792764,4.32338599472761,4.382208047084005,24092262
2019-04-11,4.25966739654541,4.333194476858243,4.220452546819995,4.313587212610761,22869797
2019-04-12,4.161628723144531,4.293977842626192,4.112610590231003,4.230254109223471,43642917
2019-04-15,4.17633581161499,4.2253539619931315,4.1371216125428605,4.220451665109742,19956631
2019-04-16,4.146923542022705,4.2253525565403764,4.1273162883932875,4.1665304744218465,44312215
2019-04-17,4.053789138793945,4.171432657404179,3.9851640741682433,4.161628709623058,31899001
2019-04-18,4.112612724304199,4.161630882653708,4.009674752385449,4.029282658186124,23881715
2019-04-22,4.088100433349609,4.142020198201991,4.048886263330697,4.093002084140669,14359264
2019-04-23,4.156726360321045,4.181235261975502,4.093002959035284,4.122413833758762,14152565
2019-04-24,4.083199501037598,4.117512026303077,4.039083030004609,4.112609732189119,20771059
2019-04-25,4.166530132293701,4.195941331553049,4.029280331848661,4.097905071456056,21145976
2019-04-26,4.2106451988220215,4.240056388224679,4.151824104937275,4.166528735948177,12469287
2019-04-29,4.181237697601318,4.2547644453949856,4.166532091058264,4.2302558506941645,20207996
2019-04-30,4.240056991577148,4.25966391858538,4.146922401829561,4.215547449433841,30566314
2019-05-01,4.181237697601318,4.26947005193804,4.171434388213151,4.244961457237219,14765241
2019-05-02,4.217526435852051,4.2469514365084295,4.163581351204333,4.178293851532523,15378054
2019-05-03,4.212622165679932,4.246951116269828,4.1930060356898045,4.2175261178322225,53395293
2019-05-06,4.090020179748535,4.13906131240969,4.085116227172916,4.119444859345228,20762126
2019-05-07,4.040979385375977,4.040979385375977,3.928185252884305,3.9968428443575585,40099622
2019-05-08,4.104732990264893,4.17339058655173,4.104732990264893,4.13415735300678,19614561
2019-05-09,4.036073207855225,4.090018267875458,3.9821281478349904,4.026264664526989,23657012
2019-05-10,4.036073207855225,4.090018267875458,3.9625117039402067,4.075305774263949,16085559
2019-05-13,3.9232795238494873,3.952704197409781,3.903663074809292,3.9330880697505126,30003389
2019-05-14,3.92818546295166,3.9674180530819667,3.908569007195988,3.9625140998335673,17458376
2019-05-15,3.8889527320861816,3.9281853207967212,3.8104865905220247,3.8202951394259417,20103822
2019-05-16,3.8202931880950928,3.8840461523585845,3.7957721497411914,3.8448132623064097,20047612
2019-05-17,3.761443853378296,3.854622135912825,3.7222112813511496,3.8202935148712385,46235039
2019-05-20,3.869335651397705,3.8840481534376483,3.7565415164569496,3.7712540184968932,50958882
2019-05-21,4.036073207855225,4.075305774263949,3.8742380277945223,3.903662050875012,48273169
2019-05-22,4.080211639404297,4.119444866986993,4.026266554067452,4.085116234751,36096064
2019-05-23,4.075305461883545,4.104730125470261,4.006647913514541,4.026264355905685,37326226
2019-05-24,4.06059455871582,4.094923507027076,4.026265931785509,4.094923507027076,24466080
2019-05-28,4.124350070953369,4.158678713605121,4.055692464268775,4.080212877394156,26548051
2019-05-29,4.256758213043213,4.300895705658824,4.173389107689789,4.188100962466469,33854121
2019-05-30,4.310705184936523,4.364650925863202,4.295993645065088,4.295993645065088,16115244
2019-05-31,4.364649295806885,4.428402277663403,4.3254160735472,4.330320668228468,24440242
2019-06-03,4.39605188369751,4.425489806490555,4.361707479676138,4.4205836467878665,18820336
2019-06-04,4.44020938873291,4.454928512417409,4.396052339205084,4.420584104837358,23023447
2019-06-05,4.342082500457764,4.445115069022557,4.307738418111377,4.440208909341203,16327578
2019-06-06,4.371517658233643,4.415674032014797,4.3420797541874405,4.381329971390278,11519351
2019-06-07,4.44020938873291,4.484365795209395,4.386240018782979,4.396052339205084,23387644
2019-06-10,4.40095853805542,4.405865341360895,4.307738921021612,4.376427093733437,25327234
2019-06-11,4.435303211212158,4.440210015166814,4.342083581845178,4.415677924547831,30673099
2019-06-12,4.39605188369751,4.494178293007662,4.381332761538168,4.425489806490555,24688309
2019-06-13,4.342082500457764,4.410770986676171,4.288113136334689,4.361707460708815,34745236
2019-06-14,4.2782979011535645,4.297923169554905,4.2194217744241245,4.283204057491191,29098530
2019-06-17,4.2782979011535645,4.332267228494543,4.268484945427477,4.293016370166445,17293594
2019-06-18,4.40095853805542,4.42058414364895,4.337176847123397,4.342083007377524,18967252
2019-06-19,4.4843645095825195,4.51380274851184,4.356800843884129,4.396051078896872,25939910
2019-06-20,4.5726776123046875,4.607022007575247,4.543240340063416,4.548146498516035,19853557
2019-06-21,4.597208499908447,4.621739607343092,4.538332363048127,4.543239163280906,24186129
2019-06-24,4.621739387512207,4.675708721572722,4.577582367348643,4.607020595141323,20737525
2019-06-25,4.538332939147949,4.631553152690981,4.518707664878418,4.616834357751589,33065119
2019-06-26,4.631552696228027,4.646271168191327,4.548145449565482,4.597208630403886,21744084
2019-06-27,4.6119279861450195,4.646272058550472,4.503989289141858,4.577583592214023,24027944
2019-06-28,4.621739387512207,4.665896086150314,4.611926752089799,4.646270815305498,23749092
2019-07-01,4.613887310028076,4.716963620943892,4.57462008269593,4.697330007277818,19814113
2019-07-02,4.584438323974609,4.648247101384483,4.510812737348861,4.5795294368733455,20245653
2019-07-03,4.608980655670166,4.638431086317721,4.550080116037306,4.550080116037306,9090362
2019-07-05,4.770955562591553,4.795497738781418,4.687513192864786,4.712055047392534,31757720
2019-07-08,4.7807698249816895,4.800403426822082,4.756227661850225,4.79058630423994,15864979
2019-07-09,4.795499324798584,4.834766240697319,4.69733123089619,4.726781980729132,21656539
2019-07-10,4.829855918884277,4.898573228812995,4.815130551283793,4.869122815274089,29558244
2019-07-11,4.83967399597168,4.844582239340175,4.775865545532468,4.805315327405635,17349529
2019-07-12,4.785680770874023,4.874032029117703,4.775864607726759,4.849490173769967,19812877
2019-07-15,4.716964244842529,4.805315196363634,4.707147758373235,4.785681580100682,14789842
2019-07-16,4.7218708992004395,4.766046032415608,4.707145533133353,4.731687059367094,16588838
2019-07-17,4.746416091918945,4.800408391994526,4.726782791433325,4.751324336624781,14351843
2019-07-18,4.878938674926758,4.883847559372951,4.756229108591642,4.756229108591642,22011391
2019-07-19,4.751320838928223,4.869122485095639,4.741504356742979,4.849488877401069,24081130
2019-07-22,4.8347625732421875,4.874029781016631,4.775862404904481,4.829854654763351,18191856
2019-07-23,4.83967399597168,4.8642164994629224,4.761140172102598,4.810224214098512,23397539
2019-07-24,4.829855918884277,4.913297953089353,4.810222309858339,4.849489206248151,20625380
2019-07-25,4.658062934875488,4.785680775812689,4.643337564321949,4.780772533402928,23580462
2019-07-26,4.761140823364258,4.805315984709877,4.658064481904441,4.716965018694169,26415565
2019-07-29,4.761140823364258,4.780774121186011,4.702239643250061,4.780774121186011,22889312
2019-07-30,4.5942559242248535,4.716965908311702,4.574622301037974,4.618798435701896,30622661
2019-07-31,4.491175651550293,4.613885528757915,4.447000520349409,4.60406904737684,37206659
2019-08-01,4.463679313659668,4.635548098892721,4.448947501220761,4.556979290692803,47863481
2019-08-02,4.409663677215576,4.463679575115528,4.355647779315625,4.4391263384106034,39137454
2019-08-05,4.286900520324707,4.321274218650123,4.2427053975601465,4.267258315052213,33697035
2019-08-06,4.3752875328063965,4.39001933894344,4.296718758216053,4.360556048472061,23744832
2019-08-07,4.527517795562744,4.537339223010585,4.331096326271834,4.340917753719675,39299213
2019-08-08,4.5913543701171875,4.655191706961995,4.576622553228793,4.5913543701171875,25954890
2019-08-09,4.552069664001465,4.610995958224512,4.512785575120399,4.586443362448484,15965992
2019-08-12,4.35073709487915,4.3949322165275735,4.2967211926454,4.375290011751138,26484144
2019-08-13,4.419483184814453,4.483320492389512,4.296719923915449,4.326183222380216,20181746
2019-08-14,4.267257213592529,4.350736081748809,4.2525257243420835,4.30163122484826,21340168
2019-08-15,4.301629543304443,4.345823993779792,4.227970838634773,4.262344514650726,18058408
2019-08-16,4.3076558113098145,4.372922660589194,4.272511515825719,4.35786072566342,19653729
2019-08-19,4.212265491485596,4.443212384901909,4.187163026047021,4.337780121777687,23682987
2019-08-20,4.207244396209717,4.292594607629054,4.1670799972651205,4.207244396209717,22445266
2019-08-21,4.262472152709961,4.292596037729045,4.202225369714486,4.252431625403473,19581577
2019-08-22,4.152017593383789,4.267490679773007,4.136955986598178,4.212264349540319,20471180
2019-08-23,4.041566848754883,4.197204390684367,4.016463393223074,4.1168752412650225,50487625
2019-08-26,4.0164618492126465,4.061647327968404,3.9562150925617825,4.056626902003369,33758605
2019-08-27,4.046586990356445,4.121895712675852,4.006422579729855,4.066669360176849,27298572
2019-08-28,4.096792697906494,4.126916580055702,4.031525163954414,4.036546249664882,19296953
2019-08-29,4.136955738067627,4.167079278843241,4.036544593510376,4.111852951928315,14816641
2019-08-30,4.136955738067627,4.172099704465478,4.096791017033475,4.172099704465478,26089575
2019-09-03,3.978231430053711,4.088737812947687,3.9430700388995352,4.0435310154082735,25607597
2019-09-04,4.053574085235596,4.053574085235596,4.003344448869834,4.0435286846407195,21286570
2019-09-05,4.159058094024658,4.274587951855128,4.13896630263454,4.13896630263454,42074120
2019-09-06,4.309749603271484,4.354956383673151,4.2494729085472995,4.2494729085472995,32433202
2019-09-09,4.410208225250244,4.460438514739566,4.359977606587035,4.359977606587035,32426056
2019-09-10,4.324817180633545,4.41020884943803,4.294679661022291,4.354955687766604,28503446
2019-09-11,4.344909191131592,4.3901159563344105,4.299701767581019,4.329839940223442,17115206
2019-09-12,4.339887619018555,4.405187187010845,4.339887619018555,4.405187187010845,19802981
2019-09-13,4.385094165802002,4.495600496706911,4.375047776620875,4.410209151232947,35168529
2019-09-16,4.289657115936279,4.354956680994109,4.27458851728095,4.304726372939628,25131118
2019-09-17,4.339887619018555,4.3499340102549295,4.264542318137939,4.2846344422626395,16578118
2019-09-18,4.299702167510986,4.359977860054525,4.249471875101524,4.339886072264648,14968779
2019-09-19,4.174127578735352,4.349933478758642,4.1640818470744625,4.319794967080037,21247676
2019-09-20,4.18919563293457,4.229379535573621,4.154034265511302,4.18919563293457,26856862
2019-09-23,4.1439900398254395,4.159058968831082,4.108828656855548,4.1439900398254395,16346819
2019-09-24,4.113851070404053,4.164081368809222,4.093759280215932,4.164081368809222,13541401
2019-09-25,4.179148197174072,4.204263500342164,4.088734027455602,4.098780082888077,16776022
2019-09-26,4.279609680175781,4.3047246596200255,4.189195490837397,4.199241219275992,21064753
2019-09-27,4.279609680175781,4.289655408614376,4.209287276888466,4.274586815956484,12202942
2019-09-30,4.224356651306152,4.2997019210139324,4.214310264226301,4.289655533934081,10069434
2019-10-01,4.1359100341796875,4.236417769396874,4.125858865461296,4.216316090621212,15802310
2019-10-02,4.040426254272461,4.0856545229728916,3.9901720734990023,4.0856545229728916,22654852
2019-10-03,4.035402297973633,4.1208342820282455,4.005250104226628,4.060529565203622,45869192
2019-10-04,4.1359100341796875,4.1359100341796875,4.030376385272746,4.055502989746481,67315322
2019-10-07,4.01530122756958,4.145961851478744,4.000224799068882,4.095708297355524,30858634
2019-10-08,3.990175247192383,4.0806325152017795,3.9851499897832907,4.015301863568562,27160589
2019-10-09,4.055503845214844,4.090681955158005,3.9801230279011177,4.035402491529561,19442770
2019-10-10,4.055503845214844,4.090681955158005,4.010275552424986,4.015300808513649,29796552
2019-10-11,4.15098762512207,4.186165408205662,4.090682242507557,4.100733084721534,25648415
2019-10-14,4.156012535095215,4.191190647364398,4.1258600085776225,4.1359111800808055,12260664
2019-10-15,4.145962715148926,4.181140506760873,4.130886942169034,4.156013559799587,16473944
2019-10-16,4.2012410163879395,4.206266601967493,4.050478718291579,4.0655551456996,20803768
2019-10-17,4.15098762512207,4.256521303703498,4.125860025591149,4.241444875717207,24452199
2019-10-18,4.156012535095215,4.186165390943459,4.110783580653501,4.120834752156684,13034823
2019-10-21,4.2012410163879395,4.221343029375514,4.1007329274339135,4.135911038498867,18192818
2019-10-22,4.367077827453613,4.407281177143144,4.2364169409626395,4.2364169409626395,37683139
2019-10-23,4.497741222381592,4.522867837794982,4.39220752752727,4.402258700621752,36010443
2019-10-24,4.522866725921631,4.5982478709533865,4.497740116685209,4.542968408507515,26960212
2019-10-25,4.56809663772583,4.62840103516527,4.532918523668376,4.547994952358905,22808089
2019-10-28,4.658552646636963,4.708806846614013,4.628399797320151,4.633425052652566,24232719
2019-10-29,4.583171367645264,4.63845082122161,4.573120527964967,4.62337472636645,18175089
2019-10-30,4.613324165344238,4.6334255180234125,4.457536953094916,4.507790499458158,30899314
2019-10-31,4.537943363189697,4.55301979049431,4.4424608604701294,4.547994534279865,27967458
2019-11-01,4.555038928985596,4.640508806003747,4.504762433834716,4.585204826076123,25107067
2019-11-04,4.534925937652588,4.585202406270444,4.51481567968196,4.580174265193888,20203598
2019-11-05,4.620396614074707,4.670672429343758,4.605313507069787,4.645534356970957,56092963
2019-11-06,4.504761219024658,4.585203589572973,4.479623142966609,4.524871482185138,30295296
2019-11-07,4.484650135040283,4.504760725474005,4.454484249389701,4.494705759733707,20729279
2019-11-08,4.363987445831299,4.419291415600641,4.328794070428376,4.384098699150973,25477036
2019-11-11,4.379071235656738,4.429347729372033,4.369016266390357,4.394154348509666,65740753
2019-11-12,4.293601036071777,4.333822557476093,4.248352689368137,4.313712290988915,22158994
2019-11-13,4.253380298614502,4.263435596891912,4.2031038072274525,4.233269702059682,23278522
2019-11-14,4.243325710296631,4.283546577536059,4.22321511193857,4.238297566492077,17503729
2019-11-15,4.303654670715332,4.308682152639978,4.273488461261449,4.273488461261449,10046070
2019-11-18,4.228240966796875,4.318738295044607,4.21818534201761,4.308682999741907,12080489
2019-11-19,4.172940254211426,4.193050860464292,4.132719371182516,4.177967741036231,20293205
2019-11-20,4.1628828048706055,4.17293843308545,4.117634454763873,4.132717567609462,11860322
2019-11-21,4.228240966796875,4.238295932623009,4.157853899677977,4.182991973196443,25559358
2019-11-22,4.263434410095215,4.293599967053705,4.238296006661044,4.253379114616861,13504569
2019-11-25,4.1880202293396,4.248351673325474,4.147798717554726,4.218185457117675,27504034
2019-11-26,4.0774126052856445,4.112605318684473,4.0221079813573795,4.107577835267011,49051176
2019-11-27,4.102549076080322,4.117632180595512,4.022106730603299,4.077411337333496,38827955
2019-11-29,4.092494964599609,4.122660852863865,4.087467481293863,4.1025502606876945,9448100
2019-12-02,4.200137615203857,4.2252883688162095,4.1498364376175925,4.1749871912299445,32749710
2019-12-03,4.20517110824585,4.245412413830246,4.16493013230017,4.225291925857405,20449053
2019-12-04,4.330923557281494,4.371164861877851,4.265532467433378,4.27056242448373,39259769
2019-12-05,4.366133689880371,4.4114052754041575,4.340983578190711,4.39128479048603,24484221
2019-12-06,4.340982913970947,4.396314074210168,4.305772235571191,4.381223548011262,44463254
2019-12-09,4.426494598388672,4.47679580073073,4.305772042406334,4.310801997821239,28522824
2019-12-10,4.351042747497559,4.416433807941175,4.3208617002121725,4.416433807941175,19426278
2019-12-11,4.320863246917725,4.446616117308323,4.315833619967345,4.39128494663529,34842676
2019-12-12,4.366133689880371,4.39128479048603,4.325893049682782,4.340983578190711,24526688
2019-12-13,4.431089401245117,4.4613011209501945,4.340453582168339,4.340453582168339,23169950
2019-12-16,4.41094970703125,4.5217269262750355,4.41094970703125,4.466338316653142,22599466
2019-12-17,4.431089401245117,4.476406980802733,4.380735985102033,4.4008773515592665,17726508
2019-12-18,4.521727085113525,4.546903306759478,4.441161261957341,4.4461971002521254,20671557
2019-12-19,4.526762008666992,4.541867872796716,4.471373400216852,4.471373400216852,18809342
2019-12-20,4.446195602416992,4.50661937196201,4.446195602416992,4.496548358726938,19169965
2019-12-23,4.506621360778809,4.536833423874589,4.481444806522785,4.496550343099296,12443175
2019-12-24,4.496547222137451,4.531794439627692,4.496547222137451,4.531794439627692,3047849
2019-12-26,4.607326507568359,4.622432700597696,4.567044096112095,4.567044096112095,11756697
2019-12-27,4.58718204498291,4.637535437839942,4.567041017820719,4.637535437839942,12559718
2019-12-30,4.607326507568359,4.6627157720156465,4.597256152189925,4.657679934364744,15106624
2019-12-31,4.607326507568359,4.61739752290848,4.572079933762999,4.572079933762999,5151947
2020-01-02,4.7252044677734375,4.735279225819497,4.6345290043580425,4.639566053255964,14889893
2020-01-03,4.684904098510742,4.730241496738168,4.6496411274587155,4.669791302309849,21425239
2020-01-06,4.584153175354004,4.639565660415889,4.553927583274649,4.584153175354004,18242568
2020-01-07,4.473330020904541,4.523705485377103,4.468292639519917,4.508592680972703,24101745
2020-01-08,4.407841682434082,4.48844242431761,4.397766919823898,4.443104341945497,33060858
2020-01-09,4.3121256828308105,4.332275523626148,4.236562706941981,4.281900096325256,49782045
2020-01-10,4.256715297698975,4.347390788262321,4.231527734792536,4.332277986418292,38071112
2020-01-13,4.26678991317749,4.3020519003614845,4.2365643151978984,4.2365643151978984,48982322
2020-01-14,4.2617506980896,4.2617506980896,4.201300509176123,4.231525768695388,46384016
2020-01-15,4.171075344085693,4.196263558103117,4.135812702786528,4.191225519149527,42669342
2020-01-16,4.171075344085693,4.206338315509946,4.125737945379699,4.166037965382279,30109212
2020-01-17,4.211376667022705,4.236564556733332,4.186189107437242,4.216414377014896,29339450
2020-01-21,4.009872913360596,4.125736545733731,3.984685698263135,4.110623754500289,48977925
2020-01-22,4.035062313079834,4.065286914117288,4.014912138888101,4.05017510878617,24330571
2020-01-23,4.135810852050781,4.18618626716785,4.055210848113351,4.0854360971835915,47088360
2020-01-24,4.095513343811035,4.150926169117816,4.060250366695241,4.13581337031815,15686316
2020-01-27,3.9947633743286133,4.055213583114234,3.9846879543849876,4.024987983533681,27819717
2020-01-28,4.009872913360596,4.01994832759954,3.959498153040699,4.009872913360596,20994250
2020-01-29,3.9242372512817383,4.030024855737138,3.914161832607266,4.009874678638433,29246133
2020-01-30,3.934312105178833,3.934312105178833,3.838599256825028,3.878899281875267,65456679
2020-01-31,3.833561897277832,3.883936681256797,3.803336300615167,3.863786503565107,49465262
2020-02-03,3.8788979053497314,3.9343107089886558,3.878897905349732,3.878897905349732,23556686
2020-02-04,3.9040865898132324,3.9494239874727457,3.89401150251387,3.9292741429990996,17452741
2020-02-05,3.9393506050109863,4.004838535735598,3.9393506050109868,3.9897260633088494,36018689
2020-02-06,3.914161205291748,3.9796494354294194,3.873861187678269,3.9746113967745003,39995173
2020-02-07,3.9106345176696777,3.9610294200569074,3.88039757623734,3.88543690134974,51090818
2020-02-10,3.9761464595794678,4.011422717821685,3.9005542889161062,3.920712245126678,66891341
2020-02-11,4.0618205070495605,4.122294088585431,4.0215048961099145,4.0920577931967,66649871
2020-02-12,4.006383895874023,4.092055385629423,4.0013449015688725,4.081976076008686,48930648
2020-02-13,3.9761464595794678,4.011422717821685,3.9459101857687444,3.9912650918636805,25887411
2020-02-14,3.9559905529022217,3.9912671596732334,3.9307935899637276,3.9862278331360823,21206446
2020-02-18,3.870318651199341,3.880397300708504,3.7997657928668476,3.8703186511993413,29450496
2020-02-19,3.905595302581787,3.9408712398676387,3.8854370108063714,3.920713278344877,27858611
2020-02-20,3.885436773300171,3.9156737137360116,3.855200163116965,3.8955160836980856,21747520
2020-02-21,3.8400840759277344,3.8854390173980202,3.8148867761377447,3.8199261039946126,23922807
2020-02-24,3.6989758014678955,3.7241737449312255,3.6233839525935303,3.7241737449312255,23780839
2020-02-25,3.6605539321899414,3.717668933949929,3.634593000819345,3.691707662313377,21590434
2020-02-26,3.6293997764587402,3.7332455313592106,3.5982463902545154,3.6865144312551252,41369777
2020-02-27,3.6086323261260986,3.7488239911771846,3.5930552854170466,3.6034402060671322,52768461
2020-02-28,3.6709396839141846,3.702092740589734,3.5463247350837213,3.5670938932221317,66289385
2020-03-02,3.7036643028259277,3.729637281916572,3.6049694332369238,3.6673030171662697,55175186
2020-03-03,3.6101627349853516,3.7036632546222723,3.553023490717191,3.620552059845434,56324400
2020-03-04,3.6153578758239746,3.620552198041901,3.5374399788615234,3.610162872785258,42992722
2020-03-05,3.459524393081665,3.495885683396354,3.3816071478870335,3.4803020301111145,58240352
2020-03-06,3.3244662284851074,3.397189113395131,3.288104956235272,3.3608278411452956,50445845
2020-03-09,2.945269823074341,3.1011039116661405,2.9192971913003842,3.064742635675067,59919370
2020-03-10,3.1946051120758057,3.2049940978049785,3.0543543153476027,3.1686328179580845,48757070
2020-03-11,2.872546911239624,3.1270761818648043,2.742685114890333,3.1114932156445985,90706951
2020-03-12,2.477766513824463,2.6387949120177208,2.3011539590795955,2.503738632965579,76922294
2020-03-13,2.8517682552337646,3.007602286634231,2.560877132831509,3.007602286634231,102202663
2020-03-16,2.4569897651672363,2.6855468259602793,2.4362112780411076,2.5504904892586424,57482960
2020-03-17,2.545295238494873,2.768657953776023,2.405044591427094,2.519323110777805,53477615
2020-03-18,2.301154851913452,2.4673783171262245,2.1609041967398084,2.3219326574111134,68497794
2020-03-19,2.3323216438293457,2.41543302384377,2.1297367508289464,2.238820937075717,68692399
2020-03-20,2.2751822471618652,2.431016351541968,2.2336264746468237,2.399849224296567,74680213
2020-03-23,2.0881805419921875,2.1920696944126594,1.9894855408234282,2.1712918979695996,52423230
2020-03-24,2.3167381286621094,2.38426671392561,2.207653936080907,2.2699881980836185,34215432
2020-03-25,2.451794147491455,2.6128232549853405,2.249209437775966,2.295960043442205,91813698
2020-03-26,2.545295238494873,2.5816565236681948,2.4881559788195178,2.529711587413111,80662255
2020-03-27,2.3738770484924316,2.4725718996748793,2.3011543205306397,2.3634885736556255,58090825
2020-03-30,2.436211347579956,2.4985456193008293,2.301155007023292,2.373877756680116,43915309
2020-03-31,2.3323216438293457,2.41543302384377,2.275182389226381,2.4050443779254524,41320713
2020-04-01,2.120764970779419,2.2143282164145144,2.0999732708864487,2.1935365165215437,36791337
2020-04-02,2.1311604976654053,2.1779423595230987,2.099972532987274,2.115566600485842,32017880
2020-04-03,2.0272011756896973,2.063586765322705,1.9544305073806958,2.063586765322705,50916965
2020-04-06,2.1675477027893066,2.2507146989015365,2.1467559963410285,2.209131115685862,47092208
2020-04-07,2.276703357696533,2.401453682990479,2.25591166520071,2.3806619904946555,45412640
2020-04-08,2.4326412677764893,2.458631432875756,2.2819007968578218,2.302692486107892,40610048
2020-04-09,2.4118494987487793,2.5366004817176577,2.3910578101864433,2.4898186289157413,40536933
2020-04-13,2.4014534950256348,2.411849766257329,2.292297075386623,2.354672318310908,34988492
2020-04-14,2.437839984893799,2.531403047723333,2.4274443918132595,2.4586323632881752,36524168
2020-04-15,2.339078903198242,2.4274443378418464,2.2974955098863883,2.333881277092578,29293685
2020-04-16,2.2403178215026855,2.344276464682766,2.2351200255988988,2.339078668778979,33831857
2020-04-17,2.297494649887085,2.3390780276334286,2.2299209371936324,2.333880403473342,24356133
2020-04-20,2.2091293334960938,2.2455150884852473,2.193535438500742,2.2403172938057785,37179310
2020-04-21,2.1051716804504395,2.183140850553884,2.094775405046778,2.167546948405571,45512279
2020-04-22,2.141557455062866,2.2195266252730956,2.136358976715796,2.1571506759562964,82083586
2020-04-23,2.0791821479797363,2.1519535435973207,2.0583904423169357,2.1519535435973207,61184302
2020-04-24,1.9024511575698853,1.990816596779051,1.8660655588028057,1.990816596779051,83348931
2020-04-27,1.975221872329712,2.047993209846669,1.9492317074646397,2.0168052504551492,52498268
2020-04-28,2.2091293334960938,2.224723398810427,2.0947744441681455,2.131160199157299,81741378
2020-04-29,2.323483467102051,2.333879734355489,2.2247226752107654,2.240316565134144,53025598
2020-04-30,2.188337564468384,2.240317212568017,2.1779419754864078,2.209129253389262,39061591
2020-05-01,2.106672763824463,2.1742940115190343,2.0858662391830953,2.132680791795794,23544730
2020-05-04,2.096269130706787,2.1014706341739777,2.033849555135916,2.0442523916297874,53457000
2020-05-05,2.12227725982666,2.210705720443504,2.0598576813010285,2.065059014573926,46259227
2020-05-06,2.033848762512207,2.1014698151972526,2.023445077870272,2.0858654813174513,42232580
2020-05-07,1.9454216957092285,1.987034758859881,1.8830019305426884,1.9766319191736221,75021597
2020-05-08,2.0702602863311768,2.085865472346075,1.9766305337653276,1.9818320351830372,46890869
2020-05-11,2.0182430744171143,2.0858649624842642,2.0078395628033676,2.044251086469678,65070080
2020-05-12,1.9298155307769775,2.065058514721783,1.9246141987630747,2.0130426379756123,66293371
2020-05-13,1.9194116592407227,1.9558233498312856,1.8673949583970617,1.945419668781785,43966296
2020-05-14,2.0182430744171143,2.0234445745633867,1.8101769327117958,1.862193638578526,78493976
2020-05-15,1.9506222009658813,2.0598571601194933,1.9298155096146268,2.0130426159005936,41920608
2020-05-18,2.0702602863311768,2.0910669737637844,1.9818320351830372,2.0390500847418234,44819892
2020-05-19,1.9610258340835571,2.0494542776023352,1.9454208146390668,2.0494542776023352,56475027
2020-05-20,1.98183274269104,2.007840770385698,1.94021952341048,1.992236260561809,61482532
2020-05-21,2.1170742511749268,2.1274777616903324,2.0546545516055543,2.065057380359429,73019337
2020-05-22,2.12227725982666,2.184697690554879,2.0598576813010285,2.12227725982666,43967121
2020-05-26,2.1951000690460205,2.3303437287390265,2.1846970645998396,2.3251415447540613,72569931
2020-05-27,2.335545301437378,2.3407466333769507,2.262721881950098,2.319940112535344,48394659
2020-05-28,2.252317428588867,2.3303428293081128,2.247115928373374,2.325140647331008,34767088
2020-05-29,2.2107040882110596,2.2627207913448095,2.1742925664578263,2.2003012589054847,51581591
2020-06-01,2.2851405143737793,2.3111668966399095,2.2382927533974843,2.2539082757477447,49150403
2020-06-02,2.514176607131958,2.524587644978443,2.37363288359257,2.37363288359257,74478049
2020-06-03,2.6495163440704346,2.7328014221836407,2.63910547478499,2.717185374096885,63162649
2020-06-04,2.732800006866455,2.7432110413209663,2.587050470768032,2.639104107992912,73603976
2020-06-05,2.878549098968506,3.0138877583173507,2.8369068412754714,2.9774505056745864,54132346
2020-06-08,3.045118808746338,3.060735012558304,2.8993695061901543,2.920190883858403,41494153
2020-06-09,2.946218252182007,3.013887926760083,2.8993706456987707,2.9045758216007886,36084657
2020-06-10,2.7900590896606445,2.9930671299845093,2.7900590896606445,2.987861953058043,51398530
2020-06-11,2.57143497467041,2.6911581438819816,2.5193821792397557,2.6286936295511523,55454862
2020-06-12,2.680746078491211,2.7484157440603925,2.618282270374373,2.7015672910098822,52002410
2020-06-15,2.6026668548583984,2.6599255014456404,2.503765773285171,2.5558192434198133,51936030
2020-06-16,2.6130783557891846,2.7119794549915675,2.5766409201999494,2.691158233787185,45109463
2020-06-17,2.633898973464966,2.6859517587072648,2.5974615462249613,2.639104149652683,26882837
2020-06-18,2.6495163440704346,2.72759624338233,2.597462850447916,2.6026680292492266,49790840
2020-06-19,2.743210792541504,2.758826148881157,2.6651302585048153,2.727594583397664,54489259
2020-06-22,2.680746078491211,2.795263344306786,2.6495145155544386,2.7796479892404586,26603848
2020-06-23,2.722388982772827,2.7848533096547765,2.675541206653683,2.7119786311743286,42695729
2020-06-24,2.5193824768066406,2.654721023061896,2.50376643165995,2.654721023061896,72733064
2020-06-25,2.54540753364563,2.576639778009599,2.4621225151863526,2.5662287456202444,68854020
2020-06-26,2.441301107406616,2.4881493980068536,2.430890755186237,2.4725333579937256,28203705
2020-06-29,2.5297927856445312,2.5402036527772847,2.451712731916581,2.4985605253680827,24891297
2020-06-30,2.441301107406616,2.4933545741170433,2.430890755186237,2.482944221896664,34456764
2020-07-01,2.55224609375,2.562663793252871,2.453281532543654,2.453281532543654,26101256
2020-07-02,2.5678727626800537,2.6876718990120034,2.562664423657522,2.604333525218987,35408075
2020-07-06,2.6824631690979004,2.7241324379085405,2.6564201107625993,2.666837129292633,30719002
2020-07-07,2.5314114093780518,2.718923334022716,2.5314114093780518,2.6876710905768864,71998073
2020-07-08,2.614750623703003,2.635585169674348,2.5730806784100775,2.5834983780708676,28705610
2020-07-09,2.630375385284424,2.66162762386835,2.588706132069208,2.6407930825957466,31725698
2020-07-10,2.6512112617492676,2.6668367875419325,2.5730807313950845,2.588706769197901,26338191
2020-07-13,2.5939154624938965,2.666836977432713,2.5939154624938965,2.6616284684642886,18799584
2020-07-14,2.661627769470215,2.666836277070786,2.5209941388443857,2.562663394339079,28702449
2020-07-15,2.6460022926330566,2.7189238085021117,2.6147508970837205,2.6928807513175785,20206072
2020-07-16,2.614750623703003,2.656419715645694,2.609541432532514,2.6251674700135585,23714459
2020-07-17,2.614750623703003,2.656419715645694,2.609541432532514,2.6407936781646493,18207798
2020-07-20,2.6512112617492676,2.677254316747194,2.599124469073213,2.6043329776707678,24780251
2020-07-21,2.765800714492798,2.8126782964030626,2.724130956334881,2.744966176753798,36508638
2020-07-22,2.7710113525390625,2.7866373958662067,2.718924541448581,2.7710113525390625,24576163
2020-07-23,2.6460022926330566,2.734549847616909,2.6407939542682537,2.713715299467244,22504775
2020-07-24,2.6512112617492676,2.692880525220061,2.5834984312703964,2.6303760326686945,20947110
2020-07-27,2.7918450832366943,2.807471292627161,2.651211417433281,2.651211417433281,36353064
2020-07-28,2.781428337097168,2.8387236438157295,2.7658021271392936,2.7658021271392936,22203247
2020-07-29,2.83872389793396,2.8647669577381745,2.812679984779336,2.8335147056948387,24942560
2020-07-30,2.802262306213379,2.82830535830282,2.7345493126266374,2.8074708142292484,19429439
2020-07-31,2.656418800354004,2.750174822265788,2.651210293658338,2.750174822265788,23005855
2020-08-03,2.6110775470733643,2.6996772165827365,2.579807587793358,2.626712782869136,39185418
2020-08-04,2.538113594055176,2.6006548906240345,2.465150000375502,2.5641728376283806,48357278
2020-08-05,2.5172665119171143,2.585019376757163,2.4755728878769223,2.5589609898099384,45371685
2020-08-06,2.522477626800537,2.553747574504108,2.4755717660077114,2.5016301411459114,30594350
2020-08-07,2.444303274154663,2.5381143947496563,2.428668713547692,2.470362355178135,47795727
2020-08-10,2.4703609943389893,2.5016309521803515,2.4338787791606347,2.4703609943389893,27960724
2020-08-11,2.4547245502471924,2.5068421492289445,2.4547245502471924,2.496418322045816,31946415
2020-08-12,2.4026081562042236,2.475572587106569,2.3661261115235566,2.475572587106569,35402303
2020-08-13,2.376549243927002,2.4807834389544894,2.3661255853455985,2.4338782561166816,34580729
2020-08-14,2.36612606048584,2.4182435100061905,2.3557029121227737,2.36612606048584,32662166
2020-08-17,2.2723145484924316,2.3661257755620126,2.2514677419651217,2.360914202008046,38256922
2020-08-18,2.2984325885772705,2.3558933861753997,2.2723143087391633,2.3349986596070975,61403233
2020-08-19,2.27231502532959,2.3088811078907865,2.2670916415755817,2.2932099296502737,30835270
2020-08-20,2.2514193058013916,2.267090648339205,2.1573926198785625,2.1939585152567727,40351399
2020-08-21,2.225301504135132,2.2409726836762833,2.2044067692433593,2.2409726836762833,34345993
2020-08-24,2.27231502532959,2.3088811078907865,2.256643847089077,2.2775385802466794,41208018
2020-08-25,2.2775380611419678,2.293209406973692,2.230525050625049,2.282762299520656,55420779
2020-08-26,2.2044060230255127,2.2775379982984068,2.167839949807547,2.2775379982984068,33279102
2020-08-27,2.2461955547332764,2.282761618044074,2.220076595756724,2.240971317914189,37589822
2020-08-28,2.340224027633667,2.350670968055124,2.2827632022874482,2.2932103138720152,167273431
2020-08-31,2.225301504135132,2.2984335041640755,2.225301504135132,2.2984335041640755,58052482
2020-09-01,2.3366451263427734,2.352327349782751,2.2843717333443903,2.2948262064036045,90094000
2020-09-02,2.3418729305267334,2.3575544680451683,2.310508313936472,2.3261905365897477,31960433
2020-09-03,2.435964584350586,2.4934656891823574,2.3993727541875995,2.3993727541875995,82754396
2020-09-04,2.4307384490966797,2.483012530528823,2.3993745140885823,2.4568758323802107,56766659
2020-09-08,2.3523268699645996,2.3993738732555117,2.3523268699645996,2.3836914817306467,34067692
2020-09-09,2.388918876647949,2.4098283337481576,2.3627821837354603,2.3993740334072915,29478670
2020-09-10,2.3314173221588135,2.4255104686051254,2.3314173221588135,2.399373778469705,30736731
2020-09-11,2.305281639099121,2.347100738408801,2.279144252410722,2.326191103112085,16829758
2020-09-14,2.3627827167510986,2.3836921785682326,2.2791440130638936,2.3000534748810275,33441822
2020-09-15,2.3418729305267334,2.394146320902812,2.3157355502038537,2.3732368619821544,29915569
2020-09-16,2.3366451263427734,2.3889192044760317,2.320962902902796,2.3418730480072556,27635145
2020-09-17,2.357553720474243,2.357553720474243,2.294825363603184,2.3000524269293745,25494902
2020-09-18,2.2164149284362793,2.310508083695904,2.195505471599235,2.300052927068149,61377808
2020-09-21,2.179823160171509,2.216414836582658,2.138004076946812,2.1641407684471794,34922662
2020-09-22,2.205960273742676,2.2425519571549852,2.158914117270368,2.2268697337138303,30670213
2020-09-23,2.08573055267334,2.1850509654615444,2.080503315780456,2.158914267145936,28936085
2020-09-24,2.153687000274658,2.2007331593581303,2.0857305236408705,2.106639984772545,44761346
2020-09-25,2.1380040645599365,2.1432313000595133,2.09618515286121,2.1223218442101506,33172454
2020-09-28,2.0961852073669434,2.2373245090502314,2.07004783020363,2.2216421170089813,33890266
2020-09-29,2.033456563949585,2.117095269886094,2.033456563949585,2.075275488708493,30120069
2020-09-30,2.080503225326538,2.096185620458288,2.049138606346761,2.05436584301238,23814373
2020-10-01,2.0663793087005615,2.0716104903283066,2.034991019043163,2.0663793087005615,17258686
2020-10-02,2.0820727348327637,2.1553116551370164,2.055915634755369,2.0611475004444864,40435370
2020-10-05,2.139617443084717,2.150079803226496,2.055915647930523,2.066378693724058,21750818
2020-10-06,2.1291542053222656,2.2128559861911112,2.0977666160150186,2.1605424802811513,43050306
2020-10-07,2.0873026847839355,2.144847345412203,2.082071507829399,2.134384305851783,31948751
2020-10-08,2.233781099319458,2.254706329166813,2.092534640812733,2.1082286917579247,50058147
2020-10-09,2.2547061443328857,2.3174820001416783,2.207623823944075,2.2233178736027166,56202772
2020-10-12,2.270399808883667,2.2860938546953817,2.2285485058138947,2.2494744144680476,17842639
2020-10-13,2.2233173847198486,2.2547056485480867,2.1919298065430066,2.228548562042898,42743831
2020-10-14,2.2128567695617676,2.244244198567529,2.1971625408199755,2.2233189602087373,23077458
2020-10-15,2.181466579437256,2.207622975995877,2.1553101828786345,2.1657723643938773,27995494
2020-10-16,2.134385347366333,2.1657736242999244,2.129154339272062,2.155311436698462,30354805
2020-10-19,2.1553103923797607,2.239011452306875,2.1291533076273277,2.1553103923797607,39378374
2020-10-20,2.2547061443328857,2.2860944150630553,2.2233178736027166,2.2233178736027166,39807439
2020-10-21,2.270399808883667,2.327944300700931,2.2337803686563333,2.2337803686563333,60365477
2020-10-22,2.395951986312866,2.406415029263498,2.2913256707159695,2.2913256707159695,47978925
2020-10-23,2.348870038986206,2.453496340729996,2.348870038986206,2.432571114663812,38860527
2020-10-26,2.364564895629883,2.3959524883424623,2.317482563789908,2.354101850486905,41075121
2020-10-27,2.2860944271087646,2.3750266899914476,2.2651685132149884,2.3541012903363336,53295929
2020-10-28,2.12392258644104,2.212855528076711,2.1186914083459336,2.181467259615953,42181181
2020-10-29,2.1657729148864746,2.1762359561253,2.071608971994334,2.1082282450273078,57743120
2020-10-30,2.139617443084717,2.155311668949141,2.092535108317322,2.139617443084717,52081572
2020-11-02,2.146423101425171,2.1725987167703864,2.1254825062257368,2.141188081279389,15811380
2020-11-03,2.183067798614502,2.2301839736644316,2.1568922029885322,2.2092433942404717,48490175
2020-11-04,2.2877726554870605,2.3401238719574846,2.26159636109696,2.26159636109696,70273702
2020-11-05,2.4238877296447754,2.4343577698653034,2.371535813154459,2.4081821546976805,66515600
2020-11-06,2.4814746379852295,2.491944506547754,2.3872413609145977,2.4238877020404743,49533291
2020-11-09,2.6856462955474854,2.7432330498466495,2.6123536261590408,2.7170567534161623,98315649
2020-11-10,2.821760892868042,2.8269957407477997,2.7013513293125966,2.727527627176326,92661109
2020-11-11,2.7746448516845703,2.811291201863765,2.7327636517002496,2.748469230348476,67414823
2020-11-12,2.66994047164917,2.753703005241909,2.6280592906221654,2.7222923767797513,60598014
2020-11-13,2.727526903152466,2.7379969392101935,2.664704971419106,2.6751750074768332,47406654
2020-11-16,2.8322293758392334,2.8584056609086104,2.790348211729268,2.8269943589794835,65799849
2020-11-17,2.8898184299468994,2.9002881252828763,2.7955851680672756,2.800820015735264,62387802
2020-11-18,2.821760892868042,2.8950532231920216,2.8008201290390504,2.8584070580300316,64832734
2020-11-19,2.826995611190796,2.884582709081391,2.8060550198602257,2.8374663357029237,63157289
2020-11-20,2.7694082260131836,2.8217602960516834,2.748467638151976,2.8008195366517668,35283561
2020-11-23,2.80081844329834,2.81652417825595,2.7641723001927225,2.8060534595660207,59170361
2020-11-24,2.9159936904907227,2.942169471076376,2.86887680512811,2.884582547941466,61559219
2020-11-25,2.9055233001708984,2.9316997699170004,2.8427015224754744,2.8479365419626994,89690635
2020-11-27,2.8793485164642334,2.9317004386659287,2.8688777889463215,2.87411349578285,49508553
2020-11-30,2.80081844329834,2.889816807544468,2.779877863611691,2.837464757942599,64559655
2020-12-01,3.0014395713806152,3.048582894245248,2.8914397433529824,2.8966773563624524,79776363
2020-12-02,3.0223922729492188,3.0381068310996246,2.943820855277262,2.9595350701576497,51043679
2020-12-03,3.064296245574951,3.1638204763567552,3.043344083072868,3.0747721551910625,64790404
2020-12-04,3.1114399433135986,3.1271541547014676,3.0433447984528725,3.0485827544921813,52644909
2020-12-07,3.142868995666504,3.2214407463034145,3.1009643137247984,3.179535721091736,63433254
2020-12-08,3.1166789531707764,3.2162039385002457,3.1062033796663013,3.1690602533941057,47023904
2020-12-09,3.127154588699341,3.174297915945553,3.085249904759359,3.1481071023043263,52738638
2020-12-10,3.30001163482666,3.3157261884453084,3.1638210108411955,3.1900111325757985,68842476
2020-12-11,3.2743022441864014,3.279549364163343,3.2218293250644794,3.2375710288658057,54234596
2020-12-14,3.1746015548706055,3.2847948004810816,3.1746015548706055,3.263805643590546,48807233
2020-12-15,3.242816209793091,3.2480633266325065,3.1798490883686257,3.1955904388868728,41767782
2020-12-16,3.295289993286133,3.3110313480832985,3.179849952736362,3.227075392609415,51528129
2020-12-17,3.300536632537842,3.34251460418243,3.2585586608932537,3.3162786727911087,41535933
2020-12-18,3.284795045852661,3.3215259012197023,3.269053005073679,3.284795045852661,60718405
2020-12-21,3.1903443336486816,3.237570119529354,3.1693555157655444,3.211333495402224,61344274
2020-12-22,3.1798508167266846,3.237570852684555,3.1588613063496163,3.206087102924676,51789115
2020-12-23,3.232320547103882,3.242815466116499,3.195589706040589,3.2060846250532062,45613567
2020-12-24,3.2480645179748535,3.253311636738835,3.195591610982928,3.23757028044689,11750925
2020-12-28,3.2165799140930176,3.237569415150402,3.179849404821167,3.237569415150402,35874110
2020-12-29,3.232320547103882,3.2638046164012997,3.21657885632539,3.2480625817525905,49343221
2020-12-30,3.2165799140930176,3.269052807060654,3.2060856793698203,3.221827719195276,40697043
2020-12-31,3.195591926574707,3.2270760177496047,3.185097688010349,3.2270760177496047,11290937
2021-01-04,3.0921685695648193,3.2181648788554504,3.0764187728736623,3.207665473114374,44521251
2021-01-05,3.071169853210449,3.0974190623367357,2.99242222583159,3.0081713384595306,50452854
2021-01-06,3.149918794631958,3.202417573091144,3.076420504789098,3.092170310346836,63433667
2021-01-07,3.2076656818389893,3.223415479554995,3.1446675230943484,3.2076656818389893,51802446
2021-01-08,3.18666672706604,3.244415192495913,3.160417174387114,3.2286657361204396,60024231
2021-01-11,3.0974197387695312,3.1184192482725006,3.039671259656332,3.0869203280579804,59967472
2021-01-12,3.1656665802001953,3.1971651390967684,3.071168839272002,3.0869186347799067,48492786
2021-01-13,3.128918409347534,3.191916581863327,3.0921694467099994,3.186666877503623,52597357
2021-01-14,3.3074135780334473,3.3336634764665165,3.1604173807830853,3.1709174777722633,65299868
2021-01-15,3.128918409347534,3.2024166786624724,3.1131689522285533,3.186666877503623,43816907
2021-01-19,3.044921398162842,3.1236690539412066,3.0134224734674895,3.1079202796734964,51372693
2021-01-20,3.0081708431243896,3.044919798657961,2.9871713416652628,3.0344203919681996,28931412
2021-01-21,2.9294235706329346,2.98192233657398,2.9084240642565162,2.9714222393458884,38195489
2021-01-22,2.8349249362945557,2.871674059131677,2.7929262828061754,2.8611748258092797,48643825
2021-01-25,2.7555201053619385,2.8133649654481747,2.7397441874364925,2.8133649654481747,39174149
2021-01-26,2.7818140983581543,2.897504038292366,2.7765558015069094,2.8922455691339857,49567787
2021-01-27,2.766038179397583,2.8344006908907735,2.7187109230363373,2.776555806963555,50847837
2021-01-28,2.8449175357818604,2.8764695578187167,2.7870726502511887,2.813366202973566,62191273
2021-01-29,2.7450034618377686,2.8081074967147464,2.7134514443992797,2.792331401841944,66585965
2021-02-01,2.8149828910827637,2.846552354721138,2.762366256321359,2.830768053917341,58523327
2021-02-02,2.7991995811462402,2.867601419807081,2.7676294089301736,2.846554063642172,63157564
2021-02-03,2.772890329360962,2.851814948112225,2.76236665607345,2.825506282111988,44646177
2021-02-04,2.751842737197876,2.7623662364807284,2.725534764818442,2.7571047454485345,48183288
2021-02-05,2.751842737197876,2.7834127178279684,2.720273273786248,2.7623662364807284,56448777
2021-02-08,2.699227809906006,2.7781524464193663,2.688704134250126,2.7307971128114468,60470476
2021-02-09,2.7202744483947754,2.7781525988021145,2.6466111284502336,2.6623962979874363,49179264
2021-02-10,2.715012550354004,2.730797549141309,2.667658071210832,2.715012550354004,36334373
2021-02-11,2.7202744483947754,2.7623674292649123,2.6834427884225045,2.7518439254380342,29130415
2021-02-12,2.7202744483947754,2.7623674292649123,2.6887042817266,2.693965775030695,35962342
2021-02-16,2.7255358695983887,2.7571058630251923,2.6939657037653606,2.7360593731468814,20298702
2021-02-17,2.751842737197876,2.7571047454485345,2.693964611782195,2.725534764818442,43289989
2021-02-18,2.7097506523132324,2.7728909828569765,2.6939656558804073,2.7413208175851045,48263548
2021-02-19,2.699227809906006,2.772890953403866,2.662396151953966,2.7255357922021664,58694980
2021-02-22,2.4466683864593506,2.53611653881297,2.4466683864593506,2.525593034082036,143717294
2021-02-23,2.630824327468872,2.6360858171653754,2.5150681060235773,2.5571612304383815,106206221
2021-02-24,2.604518175125122,2.6097796684848618,2.56242433177866,2.5782095014828044,53182684
2021-02-25,2.4729762077331543,2.59399379803361,2.462452534231638,2.5834709865630163,66190983
2021-02-26,2.396786689758301,2.534350433892364,2.396786689758301,2.518477460808326,68001112
2021-03-01,2.3454318046569824,2.446025685238543,2.3401375359781196,2.408965457526107,60815020
2021-03-02,2.4089646339416504,2.4672033043002997,2.2924865993037975,2.3242534148778207,101140719
2021-03-03,2.4036693572998047,2.4566137538324915,2.281897765714973,2.3507249607671183,132924689
2021-03-04,2.4724974632263184,2.5730914855630727,2.4513198747491898,2.541324669147022,109160204
2021-03-05,2.562502384185791,2.5783850082166295,2.49367449958357,2.5783850082166295,91580887
2021-03-08,2.4354372024536133,2.583681228709075,2.4195537032717267,2.5519144038254913,101520446
2021-03-09,2.4883804321289062,2.5148522820190404,2.403669228727689,2.4407301308380682,81078402
2021-03-10,2.5307366847991943,2.56250350811493,2.456614675329747,2.525442416640116,104971799
2021-03-11,2.604857921600342,2.615446280592365,2.5360300318097746,2.599563655364271,71650230
2021-03-12,2.573091983795166,2.6101529009164155,2.5625034477265403,2.5836810403043216,49886356
2021-03-15,2.567797899246216,2.5942697617498913,2.5307368059965407,2.557208668500216,53841950
2021-03-16,2.5201470851898193,2.583680722509354,2.5095587239037482,2.5783857612056194,41730401
2021-03-17,2.6260364055633545,2.647213998194549,2.504264770863499,2.5148533069588304,66828534
2021-03-18,2.6525075435638428,2.7266295312788555,2.6419190103533676,2.6895684506812843,62765056
2021-03-19,2.6842739582061768,2.7319233914450995,2.6366236575667337,2.6789796923885882,61952278
2021-03-22,2.6948635578155518,2.710746358495335,2.6101523383610044,2.636624193267728,60374823
2021-03-23,2.636624336242676,2.7478074166330178,2.636624336242676,2.673685420866173,71369455
2021-03-24,2.5519139766693115,2.65250800898159,2.5413249211604567,2.626036150870174,73274000
2021-03-25,2.567797899246216,2.5730921676588374,2.509559211905487,2.5201475752505407,66028675
2021-03-26,2.583712100982666,2.6049343080782323,2.5359642210799382,2.5784070707243485,39218952
2021-03-29,2.5571863651275635,2.583712915489757,2.5147436759417583,2.551881333196852,47117083
2021-03-30,2.6102402210235596,2.631461564689465,2.557186253423794,2.5677973598531767,39267053
2021-03-31,2.631460666656494,2.6526820030802396,2.5784068910008497,2.604934126505697,58178370
2021-04-01,2.5321903228759766,2.6171272126959755,2.5109561439069052,2.6012014480113863,53226663
2021-04-05,2.564042806625366,2.5905861109357096,2.5268826676335667,2.553426145887725,47561816
2021-04-06,2.558734655380249,2.5958947982365173,2.5428088798704196,2.5693521869411344,39765110
2021-04-07,2.537498950958252,2.595893252444729,2.5109563554683443,2.574659071686565,48670350
2021-04-08,2.516265392303467,2.5693512921827764,2.516265392303467,2.5321911622672597,49532466
2021-04-09,2.5003397464752197,2.5268823516916203,2.479105557935823,2.4950315037420085,32916142
2021-04-12,2.505647659301758,2.526881843571259,2.484413475032257,2.505647659301758,27528909
2021-04-13,2.5321903228759766,2.558732916129529,2.4737962002532448,2.479104440594012,34213920
2021-04-14,2.5852766036987305,2.617128320494062,2.50033967792598,2.50033967792598,49662203
2021-04-15,2.590585947036743,2.6383627437434822,2.5693517571858133,2.6224369708974318,44502147
2021-04-16,2.6330535411834717,2.6542877232965507,2.564041710055068,2.5693508209004943,43078068
2021-04-19,2.6330535411834717,2.6542877232965507,2.5958934180840374,2.606510943999928,43588356
2021-04-20,2.601201295852661,2.643669651306593,2.5905844679047347,2.643669651306593,49095705
2021-04-21,2.579967975616455,2.5958937446626247,2.5587336168882295,2.585276217410987,15128614
2021-04-22,2.6489810943603516,2.664907046085133,2.611821120148721,2.6436719799351374,48335838
2021-04-23,2.6330535411834717,2.6967560875227083,2.622436015267581,2.664905249212441,36361310
2021-04-26,2.659597396850586,2.686140702369005,2.6436714483282993,2.664906510208209,40588333
2021-04-27,2.6171278953552246,2.691448149935886,2.6118196536298406,2.6595964383146997,40147036
2021-04-28,2.771953582763672,2.793235255310554,2.665544348365424,2.676185446138016,58595067
2021-04-29,2.6921465396881104,2.7719531030087667,2.6761849829581474,2.7559917206115405,49017093
2021-04-30,2.6602227687835693,2.7027860932023353,2.649581501847172,2.6815044309929523,46474035
2021-05-03,2.6990866661071777,2.762970011887608,2.693763184786877,2.7097341520600526,75485570
2021-05-04,2.6085851192474365,2.6671451716373067,2.5766437006540115,2.65649820654363,65937144
2021-05-05,2.7044107913970947,2.720381937940873,2.6085853076342422,2.6245562797405433,46333303
2021-05-06,2.7310287952423096,2.746999064883627,2.7044099929449983,2.7150576534138633,56853792
2021-05-07,2.8002355098724365,2.8055596887669054,2.7416754729055124,2.7523231329447757,28459605
2021-05-10,2.837501287460327,2.853472255268014,2.794912214410592,2.8002356959090573,42007053
2021-05-11,2.8321776390075684,2.8481486058737815,2.784264563971509,2.78958856846842,35676207
2021-05-12,2.7363522052764893,2.805559907682908,2.7310288981537396,2.784264760380154,32537926
2021-05-13,2.821530342102051,2.8534724543837813,2.7469993282361553,2.752323507855864,56375800
2021-05-14,2.9120326042175293,2.9280037481523884,2.8375015876670626,2.901385814531602,56671693
2021-05-17,2.906708002090454,2.9226791398710255,2.8321770142596185,2.848147977602808,47518662
2021-05-18,2.906708002090454,2.9492968887975297,2.896060518757613,2.9173549621111508,29312651
2021-05-19,2.8960607051849365,2.9333262887179323,2.84814816094587,2.8587951216519407,48949476
2021-05-20,2.9386508464813232,2.970592081600987,2.9067085647371673,2.9226797056092453,61528984
2021-05-21,2.906708002090454,2.9280026198813736,2.864119115383379,2.9226791398710255,62904413
2021-05-24,2.9120326042175293,2.9280037481523884,2.8960616347201187,2.9120326042175293,24620554
2021-05-25,2.86350679397583,2.9221633369019777,2.858174539823352,2.9168310827494994,29109113
2021-05-26,2.9434943199157715,2.9488262256484545,2.884836892034126,2.890169846116344,24756750
2021-05-27,2.964824914932251,2.9754894297030603,2.89550329749706,2.9488274438760587,37855480
2021-05-28,3.0394771099090576,3.044809364040932,2.9488256446192156,2.9541578987510895,40150335
2021-06-01,3.131777286529541,3.142448114878753,3.0837606567618256,3.099766549651687,48814929
2021-06-02,3.275827646255493,3.3238442572941773,3.1424468891573647,3.147781951617056,71170589
2021-06-03,3.2704918384552,3.334515034506314,3.249150889649434,3.2704918384552,39681001
2021-06-04,3.3825316429138184,3.4092080037225174,3.291833134992449,3.2971681973738995,59005441
2021-06-07,3.467895984649658,3.4999070632511398,3.329180494897542,3.377197112799764,106990001
2021-06-08,3.4839019775390625,3.505242930332748,3.382532276952117,3.4198787695241264,107120562
2021-06-09,3.4839019775390625,3.5852709788582473,3.4412197223178116,3.4678960881268583,85628256
2021-06-10,3.4625604152679443,3.553259641810039,3.435884748034911,3.531918688462945,71465245
2021-06-11,3.3985378742218018,3.4518906067424373,3.3505212540745575,3.4518906067424373,53359011
2021-06-14,3.3985378742218018,3.4678961467915186,3.3825323341727205,3.430549653587738,46595113
2021-06-15,3.441218614578247,3.441218614578247,3.3665253038443703,3.4252134295859253,40248737
2021-06-16,3.4892373085021973,3.5746004269554805,3.4198790317868513,3.425214794845281,102789364
2021-06-17,3.4785659313201904,3.606611637644129,3.4678958054270472,3.5852706865901394,71498504
2021-06-18,3.387869119644165,3.494573218361787,3.355857330614491,3.467897193682381,51650445
2021-06-21,3.425215005874634,3.4465559616197363,3.3771976806311894,3.4358851341132564,35252226
2021-06-22,3.425215005874634,3.4465559616197363,3.361191789005398,3.398538286742363,53958905
2021-06-23,3.387869119644165,3.505244047794339,3.382533355293897,3.4412208193689837,48008885
2021-06-24,3.451889991760254,3.4678955289578193,3.3878674933361688,3.4252139798863706,51749534
2021-06-25,3.313173770904541,3.441218752305515,3.27049152771458,3.4252135666726207,70258585
2021-06-28,3.2864975929260254,3.313174305150906,3.2171403787979007,3.297168417669513,49642000
2021-06-29,3.238481044769287,3.2651570582650877,3.1904637309894617,3.259821995419466,40039839
2021-06-30,3.206469774246216,3.2224756628267506,3.1531173950342026,3.169123283614738,39479937
2021-07-01,3.122663736343384,3.202732064183598,3.085298609966838,3.202732064183598,41912087
2021-07-02,3.1600303649902344,3.1707058194411584,3.0959751896255034,3.1707058194411584,41623478
2021-07-06,2.973203420639038,3.0746230178095204,2.9678656943914934,3.063947565314431,46914644
2021-07-07,2.989217519760132,3.0372581089611344,2.930500777658794,2.9785413668597966,60042647
2021-07-08,2.967867612838745,2.994556960945405,2.8984748530102267,2.9358401852255827,65247781
2021-07-09,2.9625282287597656,3.0105695296010633,2.9571905007821244,2.9998937238372756,35128124
2021-07-12,3.037257671356201,3.0639473501447823,2.9625270604798875,2.9678654859693174,53440233
2021-07-13,3.0479345321655273,3.07462351754959,2.9838793581249146,3.010569043125874,67041693
2021-07-14,3.106651782989502,3.1920575295244262,3.095975627412005,3.186719801544183,84000225
2021-07-15,3.0586092472076416,3.133339507609647,3.031919918465263,3.1013128028505026,55034180
2021-07-16,3.0105690956115723,3.09597517960163,3.0052317182118466,3.079961298360182,45565328
2021-07-19,2.9091498851776123,2.9785419185102153,2.8931360026696247,2.9625280360022277,54998997
2021-07-20,2.9625282287597656,2.9892182678819927,2.86644632669418,2.8824600353398617,58416816
2021-07-21,3.0105690956115723,3.0159068228197516,2.951852347279322,2.9625278016956815,29670939
2021-07-22,2.9625282287597656,2.9998937238372756,2.941176967040695,2.9998937238372756,31986545
2021-07-23,2.9465157985687256,3.010569942315528,2.9198257557876013,2.9838802493429566,33517136
2021-07-26,3.037257671356201,3.0479338227183272,2.9678654859693174,2.9732032118420135,33743350
2021-07-27,3.0639488697052,3.0853004834020163,2.9998940286147526,3.021245292503028,50687590
2021-07-28,3.1920573711395264,3.2294225145727453,3.1173267344646014,3.1173267344646014,69711464
2021-07-29,3.218747854232788,3.240099117856589,3.1653688206519446,3.2134094261618995,38883066
2021-07-30,3.0799615383148193,3.240098614163042,3.058610278010205,3.186719588880301,52721597
2021-08-02,3.1403110027313232,3.252464367131092,3.129629296609934,3.215079795667712,70786739
2021-08-03,3.1509928703308105,3.1776957429731745,3.033498270757796,3.1189484431866674,58336968
2021-08-04,3.054861545562744,3.1456529390482917,3.017476607075379,3.1082683505514574,56069325
2021-08-05,3.065542697906494,3.1723559506232224,3.0174764016929854,3.1189487992790985,82447508
2021-08-06,3.118948221206665,3.150992646070161,3.044179763140864,3.0708826338827464,50495734
2021-08-09,3.1456525325775146,3.1937181258706846,3.1189486085479547,3.1509930373910384,40267565
2021-08-10,3.1349706649780273,3.17769575130448,3.097586083195956,3.1082677922656536,42675664
2021-08-11,3.172356128692627,3.1830374895629125,3.0762238808600597,3.1082683134614415,35568597
2021-08-12,3.0869052410125732,3.161674758609885,3.0815640361984644,3.134970834482258,38319591
2021-08-13,3.118948221206665,3.1242894253378366,3.038838559009692,3.0975858546150707,42710572
2021-08-16,3.0492820739746094,3.151103883210302,3.043923216221808,3.1350266075654045,41380496
2021-08-17,3.0546417236328125,3.097513640491362,2.9903329703618455,3.01712866468411,53350077
2021-08-18,2.9956910610198975,3.108230560235817,2.9956910610198975,3.033204110360815,54381786
2021-08-19,2.936742067337036,3.0171280811775643,2.909947256179977,3.001050808170821,64378243
2021-08-20,2.952819585800171,2.952819585800171,2.86171672862268,2.8724342676639023,43397462
2021-08-23,2.990333080291748,2.995691938398596,2.942102303750303,2.9688969454778147,33533628
2021-08-24,3.129667043685913,3.145744319311597,3.01712857265885,3.0224870792120004,36454901
2021-08-25,3.1725382804870605,3.1725382804870605,3.0867934426255124,3.1135891214989986,27974742
2021-08-26,3.0707180500030518,3.140385304378617,3.0600003350467144,3.118949523272714,39170850
2021-08-27,3.1618213653564453,3.1671802227137342,3.0546414086649034,3.0707179807367697,34867414
2021-08-30,3.129667043685913,3.161821594937281,3.1028724037606814,3.135026603818803,26478097
2021-08-31,3.177898406982422,3.2475656546822513,3.1511034197727015,3.172539550017756,53178286
2021-09-01,3.1848692893981934,3.265294958577291,3.179507718668004,3.2224013386226473,36935916
2021-09-02,3.082996129989624,3.168783717007126,3.0561879262997462,3.136613591482453,52395469
2021-09-03,3.040102481842041,3.099081513210338,3.0132935756775274,3.0883576696477157,38122375
2021-09-07,3.07763409614563,3.1258896285381286,3.0293782123821598,3.0401020544371278,22066914
2021-09-08,2.8685269355773926,3.040102457922009,2.8631655408947974,3.013293551968432,59753763
2021-09-09,2.916780710220337,2.991844938405702,2.841716306349558,2.8792485082849475,97190898
2021-09-10,2.900696277618408,2.9864843722030807,2.8899733148124254,2.9650373924782807,47504644
2021-09-13,2.970400094985962,3.007932499509133,2.938229613125135,2.970400094985962,49976787
2021-09-14,2.9435911178588867,2.991846300982146,2.9221443112422736,2.975760888570073,40438256
2021-09-15,2.9060590267181396,2.9435912473985195,2.889973789283691,2.9167821669701026,35412198
2021-09-16,2.8792498111724854,2.9006966177264615,2.8363560223790407,2.8846120837888316,30240460
2021-09-17,2.809547185897827,2.847079398671138,2.79882352084856,2.841717126932844,37952920
2021-09-20,2.707674026489258,2.766653045903844,2.6701418114255824,2.761291476580223,57984452
2021-09-21,2.7344837188720703,2.7720159423902078,2.707674636416658,2.723759875067288,43686071
2021-09-22,2.777376890182495,2.8256327710000426,2.761291479452996,2.7827382838262196,41254058
2021-09-23,2.8899736404418945,2.9114204468977536,2.8149092029471654,2.8149092029471654,40350712
2021-09-24,2.8309948444366455,2.863165495938708,2.8149094308428615,2.8309948444366455,33034609
2021-09-27,2.8953347206115723,2.900696289879964,2.793462093544563,2.8149088976745484,52281399
2021-09-28,2.7720158100128174,2.927505915820282,2.7720158100128174,2.9060591076624798,54949247
2021-09-29,2.836355686187744,2.847079527407375,2.7773768433909125,2.8202704514147143,42858312
2021-09-30,2.8256330490112305,2.8738882318346564,2.7988239699291886,2.852441425351303,36704754
2021-10-01,2.955996513366699,2.9667261107247556,2.859430312929722,2.8701600860733114,40637122
2021-10-04,2.8958308696746826,2.9543982205673145,2.8242481808141915,2.9023382749802855,50199718
2021-10-05,2.9478914737701416,2.9999512552008825,2.869801362160055,2.902338923313057,44080385
2021-10-06,2.9674131870269775,2.9739204168887894,2.8372638435806183,2.9088458330583897,48274977
2021-10-07,2.882817029953003,2.9609062667289785,2.8632941055094117,2.9478916283137817,37692304
2021-10-08,2.8893239498138428,2.9674133492068546,2.8828165438108173,2.934876319191728,28584004
2021-10-11,2.8242483139038086,2.908845817362071,2.817740908291551,2.889323776310857,25930744
2021-10-12,2.8112337589263916,2.8567863055065965,2.804726352720977,2.8567863055065965,12562704
2021-10-13,2.843771457672119,2.8567862699208293,2.7656811778952766,2.8307566454234094,26458043
2021-10-14,2.8112337589263916,2.8567863055065965,2.791711540310147,2.8437714930957667,22709172
2021-10-15,2.9348762035369873,2.9478910150301627,2.824248372203806,2.8307564810926444,33487854
2021-10-18,2.9153542518615723,2.934877178730616,2.837264829598474,2.8763091012659703,35190527
2021-10-19,2.7852039337158203,2.87630814139362,2.778696527978598,2.856786099967515,47517227
2021-10-20,2.8958308696746826,2.9283678962026984,2.8177407755085886,2.830756289261998,36725515
2021-10-21,2.7982184886932373,2.8828161618070314,2.7396513150700743,2.8567858381019464,66707754
2021-10-22,2.687591552734375,2.720128580640542,2.583471832935732,2.7071137694780756,102154679
2021-10-25,2.7917110919952393,2.8112333074764533,2.7396513233553614,2.765680768211433,46827570
2021-10-26,2.7396514415740967,2.772188292994571,2.713621116667056,2.726636630691685,36514551
2021-10-27,2.752666473388672,2.8437715689801686,2.7461592427951906,2.791711614805359,47245194
2021-10-28,2.7396514415740967,2.7591734821121596,2.674576684019821,2.733144036132891,48244046
2021-10-29,2.6485466957092285,2.765681239036118,2.6355318831728005,2.746159196017053,52414733
2021-11-01,2.754697322845459,2.767721737611553,2.689574721269179,2.689574721269179,34504382
2021-11-02,2.715623378753662,2.7416729102965682,2.689574550871792,2.72213558572413,20568142
2021-11-03,2.8002827167510986,2.8654054765348427,2.722135017997117,2.735160132882577,68087295
2021-11-04,2.6439874172210693,2.800282261578373,2.6309630081135547,2.800282261578373,63863018
2021-11-05,2.670037269592285,2.715623422785744,2.6244519959751353,2.689574594481509,79485502
2021-11-08,2.6374759674072266,2.69608652882381,2.630963760989937,2.6505003802418057,25519012
2021-11-09,2.6374759674072266,2.69608652882381,2.624451730487891,2.69608652882381,37774673
2021-11-10,2.7091104984283447,2.767720874340603,2.6765494716691154,2.6765494716691154,64712541
2021-11-11,2.754697322845459,2.787259063421774,2.715623550801367,2.7351608766115882,37362261
2021-11-12,2.728647470474243,2.7546961126474248,2.7025979487250975,2.7546961126474248,37790082
2021-11-15,2.728647470474243,2.748184084040524,2.7156223577692846,2.7351596749963365,15270574
2021-11-16,2.663525104522705,2.7025990512563407,2.6439884829864164,2.696086844077578,32858813
2021-11-17,2.670037269592285,2.7025990086336265,2.6505006483641087,2.670037269592285,43060232
2021-11-18,2.5918900966644287,2.643988277797197,2.572353476644298,2.63747607112382,53151863
2021-11-19,2.559328079223633,2.617938460608128,2.5397914613440324,2.5918898126838927,39816679
2021-11-22,2.570533514022827,2.6364445338968663,2.550760421714062,2.5968976371011814,37422084
2021-11-23,2.5837159156799316,2.6166717860443076,2.5243959187666527,2.5639428207682546,74059338
2021-11-24,2.682582139968872,2.69576420080315,2.5903064678172245,2.616671301663896,64338765
2021-11-26,2.6562187671661377,2.6628096209551217,2.623262895820112,2.64962684510975,26866149
2021-11-29,2.6430346965789795,2.6825815830497715,2.6166707584282554,2.6759905540009674,47187864
2021-11-30,2.5837159156799316,2.643035734548649,2.5441690136783297,2.636444880955985,69627042
2021-12-01,2.532925605773926,2.6516562958751,2.532925605773926,2.645060215717622,47343765
2021-12-02,2.6780407428741455,2.6780407428741455,2.6054833424854493,2.6186754999119946,76428101
2021-12-03,2.6252710819244385,2.724213491169936,2.612078926993847,2.724213491169936,64454444
2021-12-06,2.664848804473877,2.730810309751634,2.638463952909494,2.6516559332394003,59250575
2021-12-07,2.664848804473877,2.6846370422401074,2.631867873654084,2.664848804473877,48745965
2021-12-08,2.6582531929016113,2.7044255745370616,2.6384642402565706,2.664849094694447,105598433
2021-12-09,2.5593101978302,2.638463858795363,2.5593101978302,2.6318677797752352,37573906
2021-12-10,2.5593101978302,2.585694513910711,2.5395212480461864,2.565906276850328,29551586
2021-12-13,2.466963768005371,2.5856944339629595,2.4603676891891895,2.5790983551467774,41027743
2021-12-14,2.473560094833374,2.559310375307816,2.473560094833374,2.5131372844222857,74810177
2021-12-15,2.473560094833374,2.4999451254672085,2.433982905244463,2.473560094833374,83874517
2021-12-16,2.5263288021087646,2.539520958645659,2.4669635631500784,2.4801557196869726,77116739
2021-12-17,2.4405791759490967,2.493348528627731,2.4339830959547344,2.4867524486333688,68400003
2021-12-20,2.381213426589966,2.427386693133489,2.37461752565375,2.4207906140163633,43052301
2021-12-21,2.3878090381622314,2.420790140013639,2.38121296033665,2.3944051159878126,37550792
2021-12-22,2.453770875930786,2.453770875930786,2.3746167065620543,2.3746167065620543,36132050
2021-12-23,2.466963768005371,2.473559846821553,2.427386582384672,2.4339826612008535,26463708
2021-12-27,2.4999442100524902,2.5065402871147167,2.447174168107842,2.4669631120179396,18362758
2021-12-28,2.4867520332336426,2.5131370615273383,2.4735598754486032,2.4735598754486032,29571413
2021-12-29,2.453770875930786,2.493347336982181,2.4405780095235925,2.4735591064564835,22865753
2021-12-30,2.466963768005371,2.486752004453917,2.447174818833217,2.4537716103730074,30299592
2021-12-31,2.473560094833374,2.49334833326599,2.460367935878297,2.480156174310913,14770808
2022-01-03,2.4953439235687256,2.5151487131213264,2.455735771051763,2.4689384885574173,38177341
2022-01-04,2.521749973297119,2.574561558283941,2.4953440024801723,2.5151487926590694,48076476
2022-01-05,2.4689390659332275,2.5679607186471345,2.45573634534004,2.5349532038698794,42291378
2022-01-06,2.5415546894073486,2.5613594845673426,2.4953446300833724,2.508548064621475,32095397
2022-01-07,2.627373456954956,2.627373456954956,2.5349529938703297,2.5349529938703297,41405032
2022-01-10,2.633975028991699,2.640576389273467,2.581163433443273,2.6207723084281636,48111146
2022-01-11,2.7197935581207275,2.7263949174248396,2.6339746389024525,2.6339746389024525,45664319
2022-01-12,2.739598512649536,2.7528012354823668,2.6999896308566362,2.71979442840029,48911950
2022-01-13,2.792409896850586,2.8452215006800774,2.752801193978467,2.752801193978467,58367175
2022-01-14,2.805612087249756,2.818815520673188,2.766004105185809,2.7858081853795653,55393390
2022-01-18,2.7726073265075684,2.838621506439577,2.752802519724542,2.7990126061682647,64635611
2022-01-19,2.805612087249756,2.8452209609315293,2.7792068253149798,2.8320182408023586,46859860
2022-01-20,2.7858080863952637,2.8452208598361954,2.7858080863952637,2.8188154205160822,37417438
2022-01-21,2.7858080863952637,2.838619500006167,2.772605366735207,2.838619500006167,47497853
2022-01-24,2.7726073265075684,2.7792086910036637,2.6999908904610392,2.7594038842206374,74649518
2022-01-25,2.8980329036712646,2.9046342645306664,2.7594023640643672,2.77920715993692,52317975
2022-01-26,2.937641143798828,2.9574452232759514,2.858423577625423,2.8848297302224895,86268546
2022-01-27,2.9442427158355713,3.016858214122912,2.9046340190557878,2.990452951240438,63540113
2022-01-28,3.0102577209472656,3.0102577209472656,2.944243389532572,2.9772509118871437,56736901
2022-01-31,3.1158809661865234,3.135685586781941,2.997055025850162,3.016858933151122,57915561
2022-02-01,3.1641006469726562,3.183917140307041,3.1376784179442163,3.1376784179442163,43329659
2022-02-02,3.1178619861602783,3.131072747085642,3.0716221816776375,3.104650868360937,44364088
2022-02-03,3.131072521209717,3.150890088664033,3.0584108432441925,3.078227696950604,57537252
2022-02-04,3.1376795768737793,3.157496077527563,3.1046512430780897,3.1244677437318735,39908339
2022-02-07,3.144285202026367,3.1574963224449766,3.117862604315099,3.1310733678596594,36551373
2022-02-08,3.177311897277832,3.1971291052069377,3.098044493057029,3.1508896671201674,49754449
2022-02-09,3.058410882949829,3.1112560647689538,3.0518055028779063,3.0914395676792283,56632665
2022-02-10,3.1046504974365234,3.190524001931533,3.098044760889076,3.1046504974365234,56635384
2022-02-11,3.3028199672698975,3.415115711972465,3.2697912822486126,3.2962142302656403,154819691
2022-02-14,3.3424527645111084,3.3622699722382823,3.2962136837694054,3.3094247987136205,54094632
2022-02-15,3.395299196243286,3.4019056490427144,3.3490604503805628,3.375482692837568,46536955
2022-02-16,3.3754820823669434,3.4151161526325984,3.349059844688515,3.3886932012061575,47418429
2022-02-17,3.3094255924224854,3.3622707786211574,3.2896083799424933,3.3358478286478346,75807670
2022-02-18,3.3424527645111084,3.3820868230915555,3.3226359136578356,3.3556645932031257,66875098
2022-02-22,3.3312182426452637,3.3510472159814713,3.2915606530586285,3.33782754333822,42653371
2022-02-23,3.317997455596924,3.403921888109464,3.317997455596924,3.403921888109464,35657549
2022-02-24,3.218855619430542,3.23207457697245,3.086664615668441,3.1461504602356603,73149313
2022-02-25,3.218855619430542,3.2452942486858674,3.179198032633308,3.179198032633308,52884588
2022-02-28,3.195040464401245,3.201655194560563,3.1288899463959745,3.161965026709049,28191079
2022-03-01,3.135504961013794,3.2281151228163347,3.0958158616989797,3.1751951324660697,39905960
2022-03-02,3.2148849964141846,3.2413446316792958,3.128889930975654,3.142120463366449,56041692
2022-03-03,3.2611911296844482,3.3471855035195897,3.2479613084896304,3.3405704142325727,60045374
2022-03-04,3.201655864715576,3.214885685182535,3.128890601320117,3.1751955090232666,65456469
2022-03-07,3.0892014503479004,3.1685810958847718,3.082586003380851,3.161966006296955,62539561
2022-03-08,3.1090452671051025,3.1685799802968826,3.0627400136726877,3.1090452671051025,62340266
2022-03-09,3.274420738220215,3.314110918317295,3.2347309155023662,3.24134564770252,49085186
2022-03-10,3.2876501083374023,3.2876501083374023,3.181810476503805,3.1950410112241765,44537097
2022-03-11,3.2082717418670654,3.307496670574648,3.201656651318751,3.28765104155042,56610118
2022-03-14,3.2082717418670654,3.314111403743678,3.2082717418670654,3.261191751495014,54190597
2022-03-15,3.201655864715576,3.234730594572571,3.148735868089349,3.1950411331716952,54343325
2022-03-16,3.2876501083374023,3.294265197007997,3.214885562477594,3.2215006511481885,47697714
2022-03-17,3.4001054763793945,3.413336370998725,3.267806179425862,3.3141110941802614,60444757
2022-03-18,3.4530255794525146,3.459641384329937,3.3934908405201925,3.400105573259832,59344387
2022-03-21,3.5853254795074463,3.5985553006213364,3.486100570326024,3.5059451233072525,59887774
2022-03-22,3.651474714279175,3.671319978836413,3.6183999881087576,3.638244895286839,56440622
2022-03-23,3.6911652088165283,3.7374704772703935,3.6382455657163812,3.6514753871466126,48257982
2022-03-24,3.7308542728424072,3.816848622507008,3.697779193082993,3.71762374060788,56110126
2022-03-25,3.783776044845581,3.7970058685712407,3.7176254967001463,3.7176254967001463,69976233
2022-03-28,3.7573156356811523,3.770545459241481,3.697780893590754,3.763930726150957,41378066
2022-03-29,3.8366968631744385,3.8433115977418257,3.7837768423591815,3.7903919343059282,43898991
2022-03-30,3.823465585708618,3.8499259484007693,3.770545575082897,3.81685049503558,58897192
2022-03-31,3.777160882949829,3.883000532879743,3.777160882949829,3.84992544125082,57101274
2022-04-01,3.8724818229675293,3.88572163154199,3.832764543022258,3.8658624551248266,48958176
2022-04-04,3.8791024684906006,3.898961649617991,3.83938517912513,3.8857225531628337,40291519
2022-04-05,3.7467093467712402,3.852623528390242,3.74670934677124,3.826144625355791,51060571
2022-04-06,3.713611602783203,3.766568701110366,3.6871334112493734,3.713611602783203,58911581
2022-04-07,3.6937530040740967,3.7069921006429953,3.6341765330693936,3.6937530040740967,48192495
2022-04-08,3.6937530040740967,3.726851639570776,3.6407962601687296,3.6805142651349714,45668171
2022-04-11,3.7268497943878174,3.7268497943878174,3.6805124428938796,3.7069902652925943,49669474
2022-04-12,3.6474151611328125,3.773187814086229,3.6407957925134986,3.773187814086229,50536105
2022-04-13,3.680513620376587,3.693752356996529,3.6275565281185567,3.6474149906781803,41509721
2022-04-14,3.667273759841919,3.6871329373846473,3.627556477645579,3.6540346657764724,36493364
2022-04-18,3.713611602783203,3.7467098786451176,3.6871334112493734,3.693752780317955,38361794
2022-04-19,3.6606552600860596,3.7400912816036853,3.6143178788922987,3.7136123693445935,51953942
2022-04-20,3.7069904804229736,3.7268500106707187,3.647414035457439,3.654033759663482,39131214
2022-04-21,3.5878379344940186,3.7202299279013094,3.5812182096532763,3.7069908358494756,30719935
2022-04-22,3.48854398727417,3.6076969055322436,3.4686851675644905,3.601077537382152,49668907
2022-04-25,3.428966760635376,3.4554449453300884,3.336292041314905,3.4355864856238836,61940204
2022-04-26,3.250236749649048,3.342910735035228,3.243616310735324,3.336291369010265,54238636
2022-04-27,3.2303788661956787,3.27009687072064,3.197281303956044,3.2369985932214673,47715729
2022-04-28,3.2303788661956787,3.2436179626174866,3.1377037607239484,3.197281303956044,55579768
2022-04-29,3.1708009243011475,3.3362915197341736,3.1575618340235305,3.329671795780564,47194549
2022-05-02,3.0740740299224854,3.146951146727741,3.0276975852477173,3.1270753741834607,65342149
2022-05-03,3.1535770893096924,3.18007741227619,3.107200987225315,3.1337013101918125,53715417
2022-05-04,3.1668248176574707,3.1734500722731136,3.0541972788335197,3.0740726847520525,92120944
2022-05-05,3.047574043273926,3.0740743603241154,2.9813218189340853,3.0674491020972723,70733757
2022-05-06,3.0806987285614014,3.1535758406130414,3.0011972542484764,3.047573516933945,92168757
2022-05-09,2.9614460468292236,3.040948236385726,2.9283199406360625,3.021072465291271,96323921
2022-05-10,2.987947463989258,3.014447600744228,2.9481962745532257,2.9813216692022966,73539065
2022-05-11,3.0608232021331787,3.1005743805828985,3.0144467676204263,3.0276969218180168,70488915
2022-05-12,3.1337008476257324,3.1668267833371364,3.047574273804766,3.087324752386938,80168927
2022-05-13,3.213202476501465,3.2330775321272918,3.127075207194524,3.1403250056593857,56497385
2022-05-16,3.2662041187286377,3.2860791761848303,3.199952614803251,3.213202772416902,51098753
2022-05-17,3.3390817642211914,3.3854578700079827,3.3192063414452377,3.3324565039863066,48677872
2022-05-18,3.279454469680786,3.345705984742866,3.266204667768448,3.3125807641047667,62751205
2022-05-19,3.3192052841186523,3.3589564749365923,3.2794540933007124,3.3192052841186523,55007490
2022-05-20,3.372205972671509,3.385456128396177,3.339080046467066,3.358955816946841,53644151
2022-05-23,3.51133394241333,3.5510851263713477,3.471583474312361,3.471583474312361,47761615
2022-05-24,3.5709609985351562,3.5908364121132808,3.4715835727159994,3.5444603277881455,67988951
2022-05-25,3.5047106742858887,3.537836616678049,3.46496018768694,3.498085414221719,46335621
2022-05-26,3.584211826324463,3.6107121441068717,3.511334699672734,3.524585574421141,39610586
2022-05-27,3.6173367500305176,3.6637128346774315,3.5775862805269956,3.5775862805269956,45906554
2022-05-31,3.6305885314941406,3.6703390109512486,3.5974622371249847,3.6239632726203093,46249740
2022-06-01,3.539771795272827,3.6259462135188785,3.519885859378822,3.612688087299098,48344883
2022-06-02,3.5596587657928467,3.5596587657928467,3.4867424525732194,3.5530302379430676,45668624
2022-06-03,3.53314471244812,3.5662880718502232,3.506629165427345,3.5132576940579168,53444743
2022-06-06,3.500000476837158,3.5729175190235045,3.500000476837158,3.5662882737683503,41137417
2022-06-07,3.466857433319092,3.466857433319092,3.4005689140628306,3.4270844650152053,40801709
2022-06-08,3.3806824684143066,3.466856921923927,3.3541669213732335,3.4469699035184997,56711862
2022-06-09,3.281249761581421,3.3674245606147015,3.2746212339150356,3.3342801316599244,51816169
2022-06-10,3.1619324684143066,3.1950758282607175,3.142045449757505,3.188447299541286,64072963
2022-06-13,3.0293567180633545,3.0956452405026575,2.996213352155434,3.0956452405026575,67680322
2022-06-14,3.009469747543335,3.0691286454051094,2.989583627318362,3.055871231921794,60328738
2022-06-15,3.075758457183838,3.115531425856806,3.016099183236725,3.06912956938423,70209517
2022-06-16,2.936553716659546,3.0227274497181416,2.9166668782861,3.009470034968651,46225607
2022-06-17,2.9763262271881104,3.0094704852703624,2.923296023068426,2.9763262271881104,69729919
2022-06-21,3.082385778427124,3.1221587315073345,3.075757251350871,3.115530204431081,73466099
2022-06-22,3.0293567180633545,3.0956452405026575,3.0293567180633545,3.0492437403572454,51413501
2022-06-23,2.9299237728118896,3.0094696845448974,2.9299237728118896,3.002840977942001,47983570
2022-06-24,2.910038471221924,2.9829547970558585,2.910038471221924,2.923295887339555,34306900
2022-06-27,2.9630684852600098,2.9829546081772813,2.9232957022385375,2.9431825414050476,43099773
2022-06-28,2.896780252456665,3.0028408054464193,2.863636005097,2.9829539705309864,59837809
2022-06-29,2.903409719467163,2.9630686282856074,2.890152303549054,2.956439920326553,69881287
2022-06-30,2.8371214866638184,2.8901518584179744,2.8238633565384075,2.8503789005400666,68521687
2022-07-01,2.8192105293273926,2.8391113141102613,2.746243075648769,2.7794105724525457,60038916
2022-07-05,2.7794103622436523,2.7860437177524204,2.699808662635527,2.7396095124395896,56724891
2022-07-06,2.7396106719970703,2.7794115386471008,2.686543088714282,2.7595107469462072,59969350
2022-07-07,2.8125782012939453,2.83247899335041,2.7860449467422934,2.7860449467422934,38871757
2022-07-08,2.845745325088501,2.8656453977000007,2.8125778206509957,2.845745325088501,41061959
2022-07-11,2.746243715286255,2.792677934926101,2.732977000175349,2.7661437879526143,53721762
2022-07-12,2.7064425945281982,2.759510166651457,2.673275989108816,2.6998092376067415,39023239
2022-07-13,2.7197089195251465,2.7794105567857237,2.693175495632893,2.7197089195251465,62513275
2022-07-14,2.6533751487731934,2.6799091134945234,2.58704086412751,2.6268417216155564,75841547
2022-07-15,2.7396106719970703,2.7727774635789655,2.666642297013389,2.679909730397903,49045191
2022-07-18,2.7794103622436523,2.8192103161083986,2.7595095789658943,2.766142934474663,64254583
2022-07-19,2.859011650085449,2.878911719981826,2.792677546200511,2.792677546200511,64701211
2022-07-20,2.8258450031280518,2.8590125130515567,2.7926783891442852,2.832479078514185,50992138
2022-07-21,2.8258450031280518,2.8258450031280518,2.7396108033177518,2.7727775964894663,49302382
2022-07-22,2.7794103622436523,2.8656445214212294,2.7528762234571262,2.832477743877388,55751644
2022-07-25,2.885545492172241,2.905445559991449,2.7926772547008136,2.832477927902854,62817939
2022-07-26,2.8789124488830566,2.93861410719098,2.8523790156366515,2.8722790905714555,50757607
2022-07-27,2.9452476501464844,2.958514188413456,2.8921800635749975,2.9187134984848404,69207379
2022-07-28,3.024847984313965,3.024847984313965,2.9319795442263192,2.9916811962481487,42419520
2022-07-29,2.985046625137329,3.044748088036231,2.971779912118736,2.9784132686280325,49869222
2022-08-01,2.9804012775421143,3.020228520018204,2.9405747522959973,2.973763493449846,59187240
2022-08-02,2.9472124576568604,3.0003152668989057,2.9405746737419127,2.9604878461792667,37268562
2022-08-03,2.9737627506256104,2.987038315494008,2.9405740177620654,2.9604871857572133,30688438
2022-08-04,3.0866057872772217,3.093243747900827,3.026865217509287,3.046779099380102,37203188
2022-08-05,3.1795363426208496,3.192811906015041,3.0401409546001252,3.053417235224031,50906483
2022-08-08,3.245915651321411,3.2525532552948606,3.1728991386939263,3.2060889516358864,47426700
2022-08-09,3.3189313411712646,3.325568942782022,3.232638934083271,3.272466336821889,63281562
2022-08-10,3.4118616580963135,3.451689072805305,3.3786729228378194,3.385310885058472,70659318
2022-08-11,3.365396738052368,3.4583263989753945,3.3521204574378953,3.411861030591596,54999559
2022-08-12,3.458325147628784,3.4782390234226503,3.3919466374934117,3.411859796057824,38391932
2022-08-15,3.4848792552948,3.5047924268490735,3.3985868130748353,3.411862021701044,35182143
2022-08-16,3.4848792552948,3.5047924268490735,3.451689440654474,3.458327403582539,38062342
2022-08-17,3.4848792552948,3.5047924268490735,3.4317762691002005,3.4384138734133045,42879405
2022-08-18,3.458325147628784,3.518065699166202,3.431774030466417,3.5114280991829734,35545836
2022-08-19,3.425415277481079,3.432131514059906,3.3783994442495704,3.425415277481079,32105594
2022-08-22,3.398550033569336,3.4052669981552426,3.3515349101020893,3.3716843524061693,23970541
2022-08-23,3.4388484954833984,3.4791473708858365,3.4186990577821796,3.425415657970362,22862354
2022-08-24,3.4522809982299805,3.485863999444211,3.438848523470949,3.4522809982299805,18963927
2022-08-25,3.499295473098755,3.512729031211597,3.43884718306488,3.4589969759393604,20414961
2022-08-26,3.4858646392822266,3.55974580406126,3.4791480378065334,3.5127310451849976,30445296
2022-08-29,3.526165008544922,3.553030697279057,3.4791491461014052,3.485865749716695,27929017
2022-08-30,3.4455649852752686,3.54631254402677,3.4455649852752686,3.5328797055294685,35864095
2022-08-31,3.317950487136841,3.4388474390678825,3.2978014184887523,3.385115379795594,49329800
2022-09-01,3.3401291370391846,3.3468498188893356,3.2594827702565645,3.3401291370391846,51220098
2022-09-02,3.4073359966278076,3.4543793228236903,3.373732946474969,3.400614950896582,43689726
2022-09-06,3.4006154537200928,3.4476595130397905,3.373733445323638,3.4342185088415635,49119176
2022-09-07,3.4476590156555176,3.461100744082414,3.326688542987809,3.367012275932967,24885552
2022-09-08,3.393895149230957,3.4678223144577522,3.3938951492309566,3.4140575654905976,41105240
2022-09-09,3.4745419025421143,3.494703225295236,3.434218167784173,3.447659170647554,37363847
2022-09-12,3.5417470932006836,3.5686298209219283,3.508143683549127,3.514865091647124,26317551
2022-09-13,3.4409379959106445,3.5215850823071215,3.4274969963864694,3.4611000398226204,40347716
2022-09-14,3.4476590156555176,3.461100744082414,3.4073360088781253,3.4342180133963867,25906385
2022-09-15,3.4140572547912598,3.4745423195618295,3.3938948403665177,3.4342185799641736,26767578
2022-09-16,3.393895149230957,3.407336881098709,3.340130400263802,3.3602928165234425,41875907
2022-09-19,3.5686304569244385,3.5887917801408444,3.3535715014973406,3.3670125046695807,37998894
2022-09-20,3.6828815937042236,3.723204617881588,3.575352076895094,3.588793084954215,56241554
2022-09-21,3.6291160583496094,3.7299248680052064,3.6291160583496094,3.6761601211110264,55708250
2022-09-22,3.7635254859924316,3.790408210284554,3.6425554051806612,3.689599446524282,52508432
2022-09-23,3.608952045440674,3.6627167685370305,3.561908003502312,3.649275769304842,63966234
2022-09-26,3.454378366470337,3.5283054920403294,3.4006140094280264,3.4947020881067963,62305030
2022-09-27,3.4409379959106445,3.4947023570911537,3.4006142711705016,3.454378632351011,63764674
2022-09-28,3.434218168258667,3.5014239087526553,3.400615116469723,3.420777165393429,70828929
2022-09-29,3.494703531265259,3.501424214827311,3.3737334056518966,3.427498147980456,68703307
2022-09-30,3.4745419025421143,3.508144228158617,3.4274978478944322,3.454379490537295,46037756
2022-10-03,3.8531293869018555,3.859853606610502,3.631221417446166,3.6715678255818402,69190497
2022-10-04,3.8531293869018555,3.8867512120342846,3.7993334494650948,3.8665781896137466,55391124
2022-10-05,3.859856367111206,3.873305179441449,3.792611578870276,3.7993361666828265,42645327
2022-10-06,3.7522640228271484,3.859855963395097,3.738815575198384,3.8329576149582905,46414931
2022-10-07,3.738814353942871,3.7522627971788025,3.678293816318272,3.7455385755608366,45566767
2022-10-10,3.718642234802246,3.7926119820133417,3.711918009569789,3.74554058891166,38089194
2022-10-11,3.6581194400787354,3.7522621596827515,3.6446706358330068,3.718639604126472,46465010
2022-10-12,3.5841503143310547,3.671568083029925,3.563976200612127,3.671568083029925,25835006
2022-10-13,3.6244986057281494,3.705192188023485,3.5774272282909454,3.5774272282909454,55900407
2022-10-14,3.5908753871917725,3.691742710086512,3.5774265803433383,3.6581201480233623,42723164
2022-10-17,3.6446709632873535,3.698466911692826,3.6446709632873535,3.6513951843670336,35015478
2022-10-18,3.7522640228271484,3.75898860993635,3.678295017805208,3.7186414505759595,45110622
2022-10-19,3.7522640228271484,3.7724374208599336,3.7186414505759595,3.725366037685161,32801030
2022-10-20,3.846405506134033,3.8733031164684926,3.8262317534411925,3.8329559743774753,63454911
2022-10-21,4.027966022491455,4.061588577417283,3.826231419525751,3.826231419525751,71579428
2022-10-24,3.738814353942871,3.8733035091332995,3.711916014292204,3.859854702602667,78484383
2022-10-25,3.6984670162200928,3.772435993249813,3.6917424316556886,3.7051912374898155,41362204
2022-10-26,3.5841503143310547,3.691741833454229,3.5841503143310547,3.6513946959002435,57853133
2022-10-27,3.6984670162200928,3.772435993249813,3.6446710662942223,3.6513952875639446,61549545
2022-10-28,3.7119154930114746,3.7320892449163856,3.6379461592440845,3.644670743212388,54950160
2022-10-31,3.9136486053466797,3.9270974048328355,3.7051894886024384,3.7119140699927717,87421374
2022-11-01,3.989677667617798,4.036773329197268,3.875302541422257,3.9425820060383283,73112037
2022-11-02,3.848388910293579,3.9694920247764824,3.848388910293579,3.949308232942998,25257403
2022-11-03,3.962764263153076,3.9762200041999454,3.8349327240566904,3.8349327240566904,37772860
2022-11-04,4.0165886878967285,4.0838681323830786,3.996404527416942,4.063684335385382,57078387
2022-11-07,3.8349335193634033,3.9964046263046176,3.8080220316886333,3.969493138629848,54498320
2022-11-08,3.848388910293579,3.8685727021270635,3.7878375347931263,3.8080209631446134,60405895
2022-11-09,3.6129097938537598,3.7609251067271137,3.59272636668818,3.7474693674560684,81247543
2022-11-10,3.397615909576416,3.4514396013621154,3.3572486859601836,3.4245281189512937,78752451
2022-11-11,3.343792200088501,3.4716241034963375,3.3303364589543256,3.377432461629005,75787050
2022-11-14,3.330335855484009,3.377431849624704,3.303424741574087,3.3707037985357533,65545296
2022-11-15,3.3639750480651855,3.3908865169542635,3.3236071177678768,3.384158467991071,27696978
2022-11-16,3.2563302516937256,3.357249610719799,3.229418034905836,3.3370654481288815,64311686
2022-11-17,3.2563302516937256,3.2697859966055423,3.1688666375794687,3.1755946917764413,79059267
2022-11-18,3.3236091136932373,3.363977068232694,3.2832411591537807,3.34379254573987,83755779
2022-11-21,3.357250452041626,3.3976176968930454,3.276514871892129,3.384161948609239,70464329
2022-11-22,3.269786834716797,3.377434275532018,3.24960339391672,3.3572504712497198,106646231
2022-11-23,3.249602794647217,3.2697862317252024,3.2092348300447817,3.2294182671227674,54865865
2022-11-25,3.269786834716797,3.3101548067636157,3.236146918591485,3.296698331438381,25035448
2022-11-28,3.1890501976013184,3.2563303787133107,3.168866761187363,3.2159624154389723,36286704
2022-11-29,3.2361464500427246,3.2966978541226237,3.222690703630137,3.236146450042725,36356157
2022-11-30,3.3505215644836426,3.3572499829086646,3.2361464478659867,3.2563306126945455,51898651
2022-12-01,3.3458070755004883,3.3727355012754936,3.3121476343848832,3.3525391819442394,56797063
2022-12-02,3.3929331302642822,3.43332542514679,3.3323448697911346,3.3862010205003257,60324319
2022-12-05,3.2313640117645264,3.3323441825948126,3.2179001587143605,3.3054168401956354,65718532
2022-12-06,3.325612783432007,3.3323445288059013,3.258292783784714,3.265024892859801,47942215
2022-12-07,3.325612783432007,3.379468928630318,3.3121489289830253,3.3323445288059013,52549673
2022-12-08,3.184239625930786,3.3188803236453834,3.184239625930786,3.298683637066411,49658144
2022-12-09,3.145097494125366,3.2000337694192336,3.145097494125366,3.2000337694192336,23933719
2022-12-12,3.117630958557129,3.117630958557129,3.0420940139446064,3.0764285503190507,66618587
2022-12-13,2.9734230041503906,3.13136476087985,2.9734230041503906,3.1176308725099955,65942753
2022-12-14,2.9940247535705566,3.042094107663988,2.891019286295525,2.9528223440631347,70301517
2022-12-15,2.9940247535705566,3.069561700510185,2.9802901224071725,3.0214925319145944,37731506
2022-12-16,3.0420937538146973,3.0832952310404527,3.014625236674368,3.0352258825383363,44119360
2022-12-19,3.145097494125366,3.1519649922815054,3.06269345218009,3.0901612188314993,27678624
2022-12-20,3.241237163543701,3.2893063265394313,3.213769388399546,3.261838551395276,32009629
2022-12-21,3.2687056064605713,3.2893066251869447,3.2206364391004754,3.2343703279195,40585306
2022-12-22,3.2755727767944336,3.3167751857513665,3.220636478848975,3.282439535790858,25118044
2022-12-23,3.344242811203003,3.392311976964004,3.323641793161954,3.371711329918616,20034273
2022-12-27,3.151965379714966,3.1863002777473683,3.1313639957008403,3.1588325077196746,22700448
2022-12-28,3.261837959289551,3.2824386014103117,3.2069016769822802,3.2069016769822802,18419181
2022-12-29,3.241237163543701,3.323641601963084,3.2275032759716233,3.3167748436748647,20013652
2022-12-30,3.236427068710327,3.270784181104909,3.2158133209978033,3.2158133209978033,11966293
2023-01-03,2.982184886932373,3.112741825353981,2.9684422662325742,3.078384531141386,35651998
2023-01-04,3.0027999877929688,3.0371563588161683,2.9753140000185656,3.023413921776369,53745328
2023-01-05,3.160842180252075,3.174584802864832,3.044028588733042,3.0508999000394206,35145320
2023-01-06,3.2845263481140137,3.2982689684282724,3.2020695125338454,3.2295554956254398,35398772
2023-01-09,3.31201171875,3.325755082066808,3.21581300154253,3.236426747207307,25074876
2023-01-10,3.4150822162628174,3.4150822162628174,3.332626130972154,3.3463687499820143,31752552
2023-01-11,3.4837968349456787,3.4906683301427077,3.408211130241375,3.4425682349950124,30890792
2023-01-12,3.476923942565918,3.5318947742271427,3.3807248943509243,3.442567219181577,48550863
2023-01-13,3.4563119411468506,3.470054564631374,3.4082122021035843,3.4288266941778045,21375745
2023-01-17,3.5044124126434326,3.5112835394781325,3.4082125534093555,3.4288270476084404,22530951
2023-01-18,3.5112831592559814,3.579997018783876,3.476926043876223,3.5593828980486695,36152331
2023-01-19,3.5044124126434326,3.518155037544494,3.4082125534093555,3.4494411705758634,32588932
2023-01-20,3.4082117080688477,3.4700540616323257,3.4082117080688477,3.4150828331992984,33716947
2023-01-23,3.339498519897461,3.4288268766103056,3.318884769189723,3.3532411441131678,50966985
2023-01-24,3.3738555908203125,3.415083087131675,3.3532407289698383,3.4013404646173546,30496621
2023-01-25,3.449439764022827,3.4700535073530716,3.3394973247181197,3.3601114392798745,28625245
2023-01-26,3.4288270473480225,3.44944117031388,3.3944699282504858,3.44256967224804,24237363
2023-01-27,3.332625389099121,3.387596595364472,3.3188827731484936,3.36698174335998,26274270
2023-01-30,3.318885087966919,3.325756215118919,3.277656468896525,3.3120128471198815,23550085
2023-01-31,3.421954870223999,3.442569362567114,3.4013407491125123,3.4082122465602174,16902774
2023-02-01,3.3758890628814697,3.4171414076072484,3.3208846983959504,3.403390502213541,40236229
2023-02-02,3.4240176677703857,3.4927736930451307,3.4102667598797662,3.485898053372115,47348523
2023-02-03,3.348386526107788,3.403390519415981,3.334635620644576,3.3758890799449035,37509665
2023-02-06,3.348386526107788,3.3621374315709995,3.245253435039989,3.28650652288497,39227293
2023-02-07,3.2108757495880127,3.3002571857105094,3.190248835726684,3.286506281258276,33385091
2023-02-08,3.4996485710144043,3.5065242099207126,3.3965154732412626,3.4033907406922004,53223921
2023-02-09,3.348386526107788,3.451519617175587,3.348386526107788,3.4308930732530962,47259583
2023-02-10,3.3827643394470215,3.410266150312455,3.3140083264620555,3.348386518682211,50702090
2023-02-13,3.540902614593506,3.5546535232093515,3.437769499880652,3.458395677076705,30815901
2023-02-14,3.4721457958221436,3.5684036200573206,3.4583948903344592,3.5477774475534676,53625457
2023-02-15,3.5271506309509277,3.5684040958249095,3.479021898144113,3.5202753630180945,52103724
2023-02-16,3.5271506309509277,3.547777920571013,3.4583953514348202,3.479021898144113,25078502
2023-02-17,3.540902614593506,3.575279700405405,3.52027569448659,3.5271509630667968,26621195
2023-02-21,3.444643974304199,3.5546527036903712,3.4308930688586003,3.5271501498884823,33860838
2023-02-22,3.4721457958221436,3.4996483497082056,3.4308930793590906,3.4515196233182905,42643174
2023-02-23,3.5202748775482178,3.6165323298872893,3.499648333683466,3.5959061574778826,26403999
2023-02-24,3.36213755607605,3.4308932003042725,3.3483866501036217,3.417141551421124,33357899
2023-02-27,3.320884943008423,3.3896402179520826,3.314008561166702,3.3827645790211047,23901768
2023-02-28,3.307133197784424,3.348386658718569,3.286506653045032,3.3415110199869846,31634946
2023-03-01,3.3573551177978516,3.3573551177978516,3.2128792290312043,3.2679179106384666,51206162
2023-03-02,3.1509621143341064,3.2747994071587425,3.1509621143341064,3.2747994071587425,65561498
2023-03-03,3.1647212505340576,3.233519433547115,3.1647212505340576,3.192240226389532,67750454
2023-03-06,3.281677484512329,3.316076011000658,3.164720561679067,3.1716001183018903,36475236
2023-03-07,3.2679190635681152,3.274798622430827,3.1853606403433186,3.240399341368366,29627270
2023-03-08,3.343596935272217,3.3917560791975814,3.316077212065015,3.3229578862412943,23662705
2023-03-09,3.274799108505249,3.343597309154578,3.2541593137918974,3.316077582870109,34941607
2023-03-10,3.1372017860412598,3.2335196961050627,3.1234422969962687,3.1853605552295536,36702402
2023-03-13,3.082162380218506,3.1578408535297164,3.0408831791681066,3.089042123164529,51061704
2023-03-14,3.082162380218506,3.123441581268905,3.061523151380437,3.082162380218506,47717995
2023-03-15,3.0340044498443604,3.0615239866674058,2.9583265134163534,3.027124705021311,74566242
2023-03-16,3.1234419345855713,3.144080979914717,3.027124221541051,3.06152349769303,42503702
2023-03-17,3.0340044498443604,3.1028031989801663,3.006485470552163,3.1028031989801663,46282370
2023-03-20,3.0271241664886475,3.095922160010661,3.0064849356912684,3.082162672812408,34152359
2023-03-21,3.102802276611328,3.1509604760567043,3.082162304903352,3.089042047681263,33686923
2023-03-22,3.082162380218506,3.164720782319305,3.082162380218506,3.102802352430836,38651955
2023-03-23,2.9789652824401855,3.1509609204229174,2.9445665636995306,3.1372014329266555,56678098
2023-03-24,3.0444529056549072,3.0862534129580905,2.9538852652917074,2.9817525210812215,31938364
2023-03-27,3.148953676223755,3.1559203021285573,3.086253478508886,3.1141197939375482,37394665
2023-03-28,3.1768205165863037,3.2186210292081716,3.1698537017524693,3.1698537017524693,29071647
2023-03-29,3.2325546741485596,3.246487929123234,3.1628876465128237,3.176820901487498,25654519
2023-03-30,3.344021797180176,3.385822314292693,3.2534550765163894,3.344021797180176,32125422
2023-03-31,3.392789125442505,3.4276228269272315,3.3440217928114166,3.392789125442505,80508148
2023-04-03,3.284018039703369,3.332825070673635,3.2491557132858344,3.3049349081872306,28145986
2023-04-04,3.3607141971588135,3.367687490574936,3.3119079236738687,3.3328247903987194,23889872
2023-04-05,3.3607141971588135,3.409521600715077,3.3119079236738687,3.37465965391974,33129373
2023-04-06,3.346770763397217,3.3746609341185008,3.311909180067359,3.367688768128762,21720856
2023-04-10,3.367687940597534,3.3886048101174966,3.3328252357626305,3.346769941006102,19245138
2023-04-11,3.5350260734558105,3.55594331840286,3.4583288808325183,3.46530104468789,50439687
2023-04-12,3.6256675720214844,3.6744749839297204,3.5698883722658645,3.6047507017173177,40413317
2023-04-13,3.5977776050567627,3.6675014925143943,3.590805065634837,3.6117219305198014,35683155
2023-04-14,3.667501449584961,3.681446151575178,3.5629148662419245,3.5698874055822345,30547833
2023-04-17,3.632638931274414,3.695390651840488,3.6047495288164133,3.674473788342178,24804656
2023-04-18,3.5977776050567627,3.6396113348266916,3.5629149079471345,3.5977776050567627,23278958
2023-04-19,3.486217975616455,3.5629143913761427,3.4792454372054467,3.5489696912444773,22328144
2023-04-20,3.5001635551452637,3.5280529624156567,3.4653008543311556,3.4653008543311556,17663243
2023-04-21,3.507136821746826,3.507136821746826,3.458329778636279,3.5001646560814375,6341288
2023-04-24,3.486217975616455,3.5280520760114515,3.43043842170909,3.4792454372054467,18537580
2023-04-25,3.5001635551452637,3.5210804222528354,3.4583286908587807,3.486218851510067,23945389
2023-04-26,3.4792468547821045,3.5280535134737865,3.4653013955878285,3.5001641018472553,14191278
2023-04-27,3.583832025527954,3.590805318822379,3.52108029637722,3.5419982928083305,19528275
2023-04-28,3.5908052921295166,3.6047499951625417,3.528052810064398,3.548970429649581,19740939
2023-05-01,3.583832025527954,3.611722185182191,3.5629151591681425,3.5629151591681425,6988344
2023-05-02,3.426133632659912,3.593602298286786,3.419154907670808,3.5726683852225603,25942074
2023-05-03,3.4400887489318848,3.4819558156307484,3.412176868487577,3.433110778820808,22225948
2023-05-04,3.4540445804595947,3.4959120319637957,3.3842663742482872,3.4819564661183082,40415470
2023-05-05,3.6424448490142822,3.663379129070723,3.488932575683292,3.509865724788729,41261707
2023-05-08,3.6215128898620605,3.712225368699291,3.614534919878322,3.6354684528457466,39583281
2023-05-09,3.691291570663452,3.740136608062962,3.6145350294665364,3.6215129996618387,31618631
2023-05-10,3.7889821529388428,3.795960124068738,3.6773364997797895,3.7052483842993698,25645455
2023-05-11,3.80293607711792,3.851781476964873,3.740135495001022,3.7471130861359945,33606140
2023-05-12,3.7820045948028564,3.8238720449970107,3.761071058197708,3.775026623606521,16146156
2023-05-15,3.8308496475219727,3.8378276187334497,3.7610710663587805,3.8029377626760663,20039598
2023-05-16,3.7750256061553955,3.872716045622829,3.775025606155395,3.8378265760284775,28086617
2023-05-17,3.8308496475219727,3.8378276187334497,3.775026631797876,3.830849647521973,21034938
2023-05-18,3.7889821529388428,3.795960124068738,3.733159514851243,3.7750265876629063,16213003
2023-05-19,3.7261807918548584,3.74013635431485,3.6912913202292126,3.7122252293948668,24319732
2023-05-22,3.6703591346740723,3.7680496156710155,3.6703591346740723,3.7680496156710155,22845585
2023-05-23,3.6773369312286377,3.775027030573386,3.6773369312286377,3.7122264139877186,30336302
2023-05-24,3.6982696056365967,3.7401370548257122,3.6773364465178116,3.7122259246780995,23756744
2023-05-25,3.768048048019409,3.7820036097935463,3.698268731213687,3.761070078640461,27469358
2023-05-26,3.7540934085845947,3.851783892560102,3.705249109056659,3.8029384620803848,32900847
2023-05-30,3.6494247913360596,3.6703579474432413,3.5796454680706224,3.663380354402112,45232419
2023-05-31,3.586622714996338,3.635468123473338,3.5447564068221475,3.614534592402485,22434873
2023-06-01,3.6941657066345215,3.7220993203346935,3.617349400791046,3.6313158303638,22531405
2023-06-02,3.777965784072876,3.8058986459404927,3.750032167650521,3.7919322150066845,20313217
2023-06-05,3.8128809928894043,3.840814601566907,3.7779647365970557,3.7779647365970557,22836521
2023-06-06,3.847799062728882,3.8827160866092547,3.7989159838511704,3.7989159838511704,19260660
2023-06-07,3.847799062728882,3.910648573881337,3.833832630454138,3.8827160866092547,17233383
2023-06-08,3.8896989822387695,3.903665414040021,3.8408159050182995,3.854782336819551,9468708
2023-06-09,3.959533214569092,3.959533214569092,3.868750057153679,3.8827172481616543,17661431
2023-06-12,3.9246137142181396,3.9944473617130423,3.903664261341047,3.9734971542813873,20079366
2023-06-13,3.9665136337280273,3.9874642178133017,3.9246135973892886,3.945564181474563,25466441
2023-06-14,4.05031681060791,4.0572998409518375,3.9665166737051885,3.9804831116706025,37344020
2023-06-15,4.120147228240967,4.127130254302437,4.064280756085239,4.064280756085239,29713152
2023-06-16,4.120147228240967,4.155063867657629,4.043330923346174,4.050314326684972,20730388
2023-06-20,4.2145891189575195,4.22163703127189,4.137063606549105,4.193446143539239,24132447
2023-06-21,4.270970821380615,4.285066262492628,4.2075407652330465,4.2075407652330465,19208089
2023-06-22,4.221635818481445,4.2498274596400405,4.193444938847462,4.242778787825779,20356158
2023-06-23,4.186397075653076,4.235731691198096,4.158206193137932,4.179349164643118,19050829
2023-06-26,4.200494289398193,4.256876448760721,4.172302638573274,4.221637265992009,10214335
2023-06-27,4.130012512207031,4.186395010954585,4.0806783017556185,4.158204142342965,23521986
2023-06-28,4.045441627502441,4.094776248992267,4.038394096405603,4.080680806036199,20180543
2023-06-29,4.101823329925537,4.115918770026225,4.066583777768034,4.073631688199534,14740897
2023-06-30,4.158206462860107,4.186397347203854,4.130014816991622,4.158206462860107,18446826
2023-07-03,4.203343391418457,4.21744801567495,4.175132618822674,4.189237624099865,8147630
2023-07-05,4.189236640930176,4.231552027851477,4.139868943535731,4.153973945502629,19878372
2023-07-06,4.08344841003418,4.153974185992906,4.0481853315445,4.132816110286719,17317225
2023-07-07,4.231553077697754,4.245658083164097,4.146922663878997,4.146922663878997,21249528
2023-07-10,4.1469221115112305,4.210395199186246,4.139869419207122,4.196290195598683,14098712
2023-07-11,4.11165714263916,4.118709832357722,3.998816012244745,4.05523676795221,22118879
2023-07-12,4.104605197906494,4.182183267607653,4.104605197906494,4.1398682686056505,16383633
2023-07-13,4.182182788848877,4.217445855511265,4.139867794690919,4.16102548228015,16912518
2023-07-14,4.118711471557617,4.203343019821713,4.111658779032164,4.189237253750143,21411887
2023-07-17,4.189236640930176,4.189236640930176,4.090500865120677,4.111658177560717,14139500
2023-07-18,4.11165714263916,4.2174459643355275,4.11165714263916,4.1962886572208715,19127533
2023-07-19,4.08344841003418,4.153974185992906,4.0693426452094235,4.132816110286719,27232222
2023-07-20,4.153975009918213,4.16102770321915,4.069343452348378,4.097554225552129,38658187
2023-07-21,4.252710342407227,4.2668153439066465,4.203342265628361,4.238604578866612,29372912
2023-07-24,4.217447280883789,4.337341519444316,4.203342659084695,4.245657286523243,30987210
2023-07-25,4.231553077697754,4.259763850671848,4.189237680278024,4.238605770941278,26794770
2023-07-26,4.266815185546875,4.273867495524545,4.189236346607258,4.2386044215538625,25468594
2023-07-27,4.161027431488037,4.23860552864937,4.146922426827981,4.217447831148944,17623135
2023-07-28,4.231553077697754,4.231553077697754,4.168079981568158,4.203343447785775,15335268
2023-07-31,4.238602638244629,4.2809183854100405,4.224497643203107,4.245654945255178,13769576
2023-08-01,4.192026615142822,4.213198780611834,4.149683428027894,4.184969226653152,15898483
2023-08-02,4.177913188934326,4.206142749443757,4.121454830464371,4.1920275879145885,19060799
2023-08-03,4.0579376220703125,4.1990834542078606,4.0579376220703125,4.149682508278289,15710518
2023-08-04,4.0085368156433105,4.128510502591132,4.0014798090753185,4.072052162401217,27945105
2023-08-07,3.966193675994873,4.036767187487867,3.95913666799254,4.029710179485535,25463495
2023-08-08,3.9309072494506836,4.0014799871923,3.8815062949041175,3.902677696824821,31582602
2023-08-09,3.916792631149292,3.9379640318631957,3.839162128401913,3.9097348621207826,28521349
2023-08-10,3.959136486053467,4.050881398611801,3.9591364860534664,3.9732516452327027,28612669
2023-08-11,3.93796443939209,3.994422784719631,3.9309074321819204,3.966193230781496,16133127
2023-08-14,3.8462185859680176,3.9026769173953824,3.8391615804952997,3.9026769173953824,12220878
2023-08-15,3.8179900646209717,3.8391618450465836,3.7756465037697473,3.8109330586619654,24081575
2023-08-16,3.8109331130981445,3.888562848676169,3.7968179571556178,3.8391618998859887,26547210
2023-08-17,3.7685887813568115,3.846218508921541,3.761531776025458,3.8250471116532174,21993683
2023-08-18,3.8179900646209717,3.84621885100559,3.7403595676032326,3.7403595676032326,15625316
2023-08-21,3.782702922821045,3.8109324673742835,3.7544741408162814,3.782702922821045,17278590
2023-08-22,3.867391347885132,3.8885627467841095,3.8109330132402177,3.8321044121391954,17698366
2023-08-23,4.0014801025390625,4.01559449798451,3.874449018432613,3.8885634138780594,28251355
2023-08-24,3.916792631149292,3.9661928203312833,3.902677474366598,3.9379640318631957,15334702
2023-08-25,3.874447822570801,3.909733990930397,3.8321038867553487,3.9026766047487818,19503689
2023-08-28,4.0014801025390625,4.01559449798451,3.8250480624620136,3.83916245790746,29395572
2023-08-29,4.100282192230225,4.121453976953384,4.036766838060745,4.0508812341180604,25984109
2023-08-30,3.9803082942962646,4.064995428997715,3.9732512872540475,4.057938421955498,21624551
2023-08-31,3.8815054893493652,3.923849428225892,3.84621855589037,3.9097342735680267,31037969
2023-09-01,3.9401135444641113,3.9895418428722493,3.9259918274602565,3.9824806028878807,29987791
2023-09-05,3.805953025817871,3.883625536548848,3.7988914029554883,3.841258469752168,21225509
2023-09-06,3.7635841369628906,3.848317076498413,3.749462043954019,3.7988891787439227,13322494
2023-09-07,3.742401361465454,3.7706463203930003,3.7212184052346493,3.7706463203930003,11861037
2023-09-08,3.770646095275879,3.827135246793571,3.7424011380346283,3.763585237447971,13557251
2023-09-11,3.8977468013763428,3.9189305209699516,3.827135547178285,3.8483185038070244,15581809
2023-09-12,3.8977468013763428,3.933052619216589,3.8765634632651693,3.8836247031297053,13737965
2023-09-13,3.9612972736358643,4.010725195436616,3.947175173756712,3.9542360329550488,17034315
2023-09-14,3.982480049133301,4.017785481181122,3.961296332125742,3.982480049133301,16499539
2023-09-15,3.9754185676574707,4.010723612681655,3.9542344724924408,4.00366275626975,24617484
2023-09-18,3.9683573246002197,4.024846475576662,3.9542352275973096,3.9966022815708415,12793156
2023-09-19,3.9426910877227783,4.006857647760957,3.935561726729744,3.9854691795983754,16057103
2023-09-20,4.0068583488464355,4.071026075662563,3.9925992391819527,3.999728986605967,15509864
2023-09-21,3.8785252571105957,3.9284327193652175,3.8713955095932064,3.91417360951399,12995170
2023-09-22,3.885653495788574,3.9213022230665966,3.8713943900608045,3.885653495788574,19889249
2023-09-25,3.8500053882598877,3.8999128291366776,3.8428756437965217,3.8713938512832144,11020125
2023-09-26,3.7787082195281982,3.850005276916538,3.7715788604544014,3.814356940814055,10916795
2023-09-27,3.721672296524048,3.807228486224825,3.6931540802017953,3.807228486224825,20465492
2023-09-28,3.8143575191497803,3.850005860657291,3.721671600120193,3.7288021158252467,17266014
2023-09-29,3.828615188598633,3.871393263702803,3.814356472202787,3.850004803925708,17386452
2023-10-02,3.781525135040283,3.8243351051969636,3.7458509950958363,3.8100653721250812,11503576
2023-10-03,3.6673662662506104,3.760121279433854,3.653096916557236,3.731581809105958,19408743
2023-10-04,3.7672548294067383,3.7672548294067383,3.667365171203104,3.6887707312339217,17459643
2023-10-05,3.8172011375427246,3.8314704877837857,3.731581952331651,3.7743911594665995,40319618
2023-10-06,3.8457412719726562,3.9099560509857447,3.7173117139464784,3.7387168972645854,30760950
2023-10-09,3.8100647926330566,3.824334523534583,3.7672548289875603,3.8171998508190494,18897080
2023-10-10,3.860011100769043,3.9170908200373535,3.852876424963473,3.860011100769043,24444475
2023-10-11,3.93135929107666,3.9384943500551035,3.8671449166821725,3.902819826103889,17222053
2023-10-12,3.860011100769043,3.9456302942008836,3.831470855664262,3.9099561442317836,10177173
2023-10-13,3.860011100769043,3.9384956183953137,3.845741363687278,3.8956856362087677,15639252
2023-10-16,3.8956847190856934,3.924224957471524,3.867145251640932,3.8956847190856934,14443144
2023-10-17,3.8671462535858154,3.9170909127601887,3.8386060078054487,3.8528765161662664,16923168
2023-10-18,3.7601208686828613,3.845740426725295,3.7458511350777215,3.810065514506648,26118709
2023-10-19,3.8100647926330566,3.8742791598956137,3.7458504253704996,3.7529850980860338,15283943
2023-10-20,3.8100647926330566,3.824334523534583,3.760120156272026,3.8100647926330566,18294778
2023-10-23,3.8243348598480225,3.8814145594146554,3.781524892437801,3.795795395535198,13429222
2023-10-24,3.8457412719726562,3.8956855433030575,3.8172014130191294,3.852876333078692,11187015
2023-10-25,3.8386054039001465,3.895685115539595,3.838605403900147,3.867145645190445,12296449
2023-10-26,3.95989990234375,3.9670349619985155,3.84574048974965,3.84574048974965,16357461
2023-10-27,3.874281644821167,4.002710847189947,3.860011904767172,3.9955757844275968,11305641
2023-10-30,3.8528761863708496,3.92422563830255,3.802931531471599,3.9099559021044503,26402752
2023-10-31,3.788661003112793,3.8386048766282133,3.7601207657427906,3.8100654101992526,16751972
2023-11-01,3.8772003650665283,3.9129025551537375,3.8200780182103036,3.8200780182103036,15642198
2023-11-02,4.012866973876953,4.020008184486209,3.905762702139909,3.92718363363955,12943732
2023-11-03,4.0699896812438965,4.105691876382016,4.01286694054522,4.020008151095159,15573312
2023-11-06,4.084270477294922,4.105691406163329,4.0557087244555605,4.077130424846195,11864323
2023-11-07,4.234218120574951,4.27706037561967,4.191376637052667,4.191376637052667,25800223
2023-11-08,4.212796211242676,4.255638452452213,4.1842344599289225,4.255638452452213,14854990
2023-11-09,4.227076530456543,4.2770588217152286,4.198515551818217,4.20565560359726,22108909
2023-11-10,4.312759876251221,4.3413208499399145,4.255637543112822,4.262777593654491,21470690
2023-11-13,4.248498439788818,4.277059422438604,4.227077124159782,4.248498439788818,13993230
2023-11-14,4.362742900848389,4.391303876869227,4.334181153305467,4.369882951973078,16090073
2023-11-15,4.391304969787598,4.427006777340758,4.377024478223016,4.405585075591041,11562718
2023-11-16,4.427006721496582,4.469848195649906,4.377024423009337,4.384164475820992,18006429
2023-11-17,4.434146881103516,4.455567811576662,4.3913050201572235,4.405585126124464,12822274
2023-11-20,4.519830226898193,4.534111488960509,4.4484270026754995,4.455567440826101,16429973
2023-11-21,4.455568313598633,4.51983111225875,4.441287820261224,4.49841056513323,15644237
2023-11-22,4.498410224914551,4.534112034199691,4.469848468877513,4.519830770420016,19531674
2023-11-24,4.434146881103516,4.491269619539334,4.412725564869227,4.469848303305045,12125479
2023-11-27,4.441286563873291,4.491268855056594,4.4127248137558865,4.462707104939191,13998328
2023-11-28,4.555533409118652,4.562673463062108,4.455568410537141,4.469848904185246,24800690
2023-11-29,4.548392295837402,4.576953278903984,4.519830541248547,4.519830541248547,17903893
2023-11-30,4.5698137283325195,4.59123543419829,4.5055509253024795,4.534112685441891,15456386
2023-12-01,4.594103813171387,4.608393229233118,4.508365772792132,4.529800089885837,12947697
2023-12-04,4.544090747833252,4.608393705763609,4.522655656518619,4.57266919690965,9211290
2023-12-05,4.615540504455566,4.6369748343674635,4.5369480901127615,4.5369480901127615,13195145
2023-12-06,4.572670936584473,4.636974304981334,4.544092476635386,4.62982940049226,20056366
2023-12-07,4.651148796081543,4.651148796081543,4.564749635240468,4.6007493828360175,25613731
2023-12-08,4.6871490478515625,4.701548713855433,4.600749495906677,4.600749495906677,20177597
2023-12-11,4.622349739074707,4.658349883845909,4.615150099100962,4.629550545989937,10434477
2023-12-12,4.579150676727295,4.607949622806971,4.543150535450987,4.600749983532166,11383251
2023-12-13,4.766346454620361,4.773546091108417,4.607947839217924,4.636747941091373,24214816
2023-12-14,4.79514741897583,4.859947281379124,4.751948418327993,4.809547863819321,26945119
2023-12-15,4.737549304962158,4.795148766641686,4.72314963403255,4.787948736686609,15905734
2023-12-18,4.838346004486084,4.852745667817852,4.751947246534792,4.780746573198328,13172485
2023-12-19,4.867147922515869,4.917547346425425,4.859947893677222,4.903146899767642,11775836
2023-12-20,4.773547649383545,4.845546760629612,4.773547649383545,4.838347121791308,14055205
2023-12-21,4.838346004486084,4.8599460829542505,4.802346651666494,4.838346004486084,11894007
2023-12-22,4.910345077514648,4.967944513111965,4.874346110981978,4.881546137676736,17530229
2023-12-26,5.032746315002441,5.0471455948992405,4.93194707693942,4.939146716887819,18694953
2023-12-27,5.068744659423828,5.075944298472716,5.018345241179395,5.032745686218503,16431786
2023-12-28,5.032746315002441,5.054345623828134,5.00394619928687,5.025545508112562,13089889
2023-12-29,5.00681209564209,5.028423774980568,4.963587569355314,5.014015859020492,7108555
2024-01-02,4.905952453613281,4.970788623906112,4.877136637396286,4.949176956344896,11228936
2024-01-03,4.862730026245117,4.941974125781942,4.855525486464727,4.913157523473039,19508221
2024-01-04,4.833913803100586,4.869934558812124,4.776281372368514,4.790689285449934,18648614
2024-01-05,4.96358585357666,4.977994542962585,4.88434175938389,4.898749281160399,21800846
2024-01-08,4.941973686218262,4.956381596888037,4.905953325739127,4.934769925484939,12273449
2024-01-09,4.869933605194092,4.905953186242782,4.848320766796144,4.898749036511172,28913594
2024-01-10,4.905952453613281,4.913156213066,4.869932877943568,4.898748304957502,9251965
2024-01-11,4.9203619956970215,4.949177816924609,4.869933724744051,4.941973667016148,13506380
2024-01-12,4.934770107269287,4.96358592967034,4.913157267460636,4.9275659570674515,12607118
2024-01-16,4.819504261016846,4.927564934813952,4.812300501512619,4.920361175309725,21085810
2024-01-17,4.805097579956055,4.826709642394263,4.783485128314682,4.797893040205768,14755739
2024-01-18,4.7978925704956055,4.805097109540573,4.754668839053922,4.776280510173201,16596637
2024-01-19,4.7978925704956055,4.8195050200211345,4.7690767495344835,4.7690767495344835,25662223
2024-01-22,4.653811454772949,4.805096640674088,4.610586949142729,4.761872135043868,28381423
2024-01-23,4.704243183135986,4.7186511016243164,4.639406576930147,4.682630332395139,17184778
2024-01-24,4.704243183135986,4.826711852498487,4.704243183135986,4.819507698652652,23450268
2024-01-25,4.7114458084106445,4.754670331829341,4.7042420455102345,4.733057875518369,16914784
2024-01-26,4.783483982086182,4.805096428548734,4.761871924826699,4.776279833265331,10838618
2024-01-29,4.740260601043701,4.776280964475919,4.69703686549073,4.761873052624929,12572448
2024-01-30,4.68983268737793,4.733056419089575,4.68983268737793,4.704240597948478,14337322
2024-01-31,4.75466775894165,4.8555238878004605,4.747463999939402,4.790687332358967,22062909
2024-02-01,4.779175758361816,4.800800919313124,4.714300275507894,4.779175758361816,20609610
2024-02-02,4.72871732711792,4.757551396789583,4.65663332125601,4.678258484070675,14832103
2024-02-05,4.771968364715576,4.815219082707231,4.69988435398163,4.735926164629048,16950813
2024-02-06,5.081929683685303,5.081929683685303,4.8080106705359675,4.822427317224152,72132445
2024-02-07,5.0098466873168945,5.017054816842848,4.937762665983192,4.952179314474266,48634705
2024-02-08,4.887302875518799,5.0314705011192205,4.872886229790484,5.009845727246295,28086277
2024-02-09,4.981012344360352,4.988220472372654,4.872886140345888,4.908927559285569,16765001
2024-02-12,5.024263381958008,5.045888939052008,4.952179359962182,4.96659600858568,9004744
2024-02-13,4.9089274406433105,4.966594799982492,4.858468598581296,4.923344864636719,23909699
2024-02-14,4.944970607757568,5.009846497102097,4.872886978599917,4.916136532991866,22133948
2024-02-15,4.9954304695129395,5.009847119246963,4.94497122184586,4.952179741432471,23047373
2024-02-16,5.0098466873168945,5.038680763177375,4.96659596296534,4.981013390334747,22690818
2024-02-20,5.211682319641113,5.240515615668225,5.125180873803166,5.139597521816722,34712174
2024-02-21,5.168431282043457,5.2116820023291215,5.168431282043457,5.204472705163397,21043889
2024-02-22,5.142385482788086,5.20936278548238,5.127500967651578,5.164710848296852,18606693
2024-02-23,5.097733020782471,5.142384953371009,5.060522741912059,5.067964797686141,26246738
2024-02-26,5.142385482788086,5.149827137272341,5.105175200086813,5.1200589111113235,11940007
2024-02-27,5.23913049697876,5.261456667832983,5.157269478737363,5.172153190584156,13939639
2024-02-28,5.216802597045898,5.2391283567237235,5.179592729545618,5.201919293335157,14830517
2024-02-29,5.075406074523926,5.120058003796781,5.045639059805853,5.097732642244245,28909288
2024-03-01,5.13494348526001,5.157270060689609,5.082850688946031,5.13494348526001,19162429
2024-03-04,5.105175018310547,5.157269010181457,5.097733364091261,5.105175018310547,15037629
2024-03-05,5.060521125793457,5.120056748861017,5.053079474451883,5.097731392780468,12904417
2024-03-06,5.13494348526001,5.172153774215898,5.090292344681143,5.127501829524898,18217734
2024-03-07,5.097733020782471,5.157268662863216,5.060522741912059,5.157268662863216,15549632
2024-03-08,5.092522144317627,5.137192844302966,5.070186190976678,5.070186190976678,11512640
2024-03-11,5.099966049194336,5.14463754126818,5.085075819991105,5.107410962679913,13398178
2024-03-12,5.159529685974121,5.181864836954972,5.099967942584433,5.129748412047053,12824880
2024-03-13,5.23397970199585,5.241425018258711,5.129746883244199,5.1446379180020285,22298346
2024-03-14,5.174417972564697,5.241424606976286,5.152082427760834,5.226534377851069,18805307
2024-03-15,5.1223015785217285,5.189308620574243,5.1223015785217285,5.166973073967441,12706595
2024-03-18,5.137192249298096,5.211645016245734,5.099966871404627,5.204200101559897,14515090
2024-03-19,5.1297478675842285,5.166974053809715,5.122302549892694,5.1297478675842285,9721027
2024-03-20,5.211643695831299,5.233978836462153,5.129746034947295,5.15952729507387,18587432
2024-03-21,5.114856243133545,5.2041992266652635,5.114856243133545,5.2041992266652635,11108612
2024-03-22,5.092975616455078,5.145790807180148,5.070339835918801,5.130700694454191,11201858
2024-03-25,5.08543062210083,5.115611666812696,5.077885360922863,5.077885360922863,8597431
2024-03-26,5.191063404083252,5.198608666360097,5.115612411841493,5.123157266486665,10634905
2024-03-27,5.236334323883057,5.251424440095487,5.168428189479639,5.191063159982457,9558555
2024-03-28,5.231050968170166,5.268792371325469,5.200856866906822,5.215954325346452,9949893
2024-04-01,5.004598140716553,5.223502523604115,4.9819533800348985,5.215954405979551,14509198
2024-04-02,4.997049331665039,5.034791545797437,4.9517585931445804,4.981952690696826,14977920
2024-04-03,4.966856002807617,5.012146748337492,4.921566072893686,4.9744053439798686,21855004
2024-04-04,4.89892053604126,5.049889009354568,4.883823892613916,5.034792365927225,30974974
2024-04-05,4.891371250152588,4.936661989010981,4.853629851354403,4.929113872374508,23793113
2024-04-08,4.9819512367248535,5.042338598589601,4.936660511422398,4.936660511422398,13822034
2024-04-09,5.087630271911621,5.087630271911621,5.019694364311742,5.049888463518737,22057244
2024-04-10,4.876275539398193,5.004598440395412,4.861178895437105,4.989501796434324,24511322
2024-04-11,4.8687262535095215,4.898919534189543,4.838532157213717,4.861177729435571,14075146
2024-04-12,4.793242931365967,4.815888099064196,4.76304883069106,4.80833957389547,18551176
2024-04-15,4.634725570678711,4.770596973794432,4.627177453922445,4.725306234217246,36919825
2024-04-16,4.529047966003418,4.581887236162491,4.491306562307998,4.559242067698868,42076561
2024-04-17,4.566789627075195,4.574337743094383,4.483756680593222,4.544143647786118,26436176
2024-04-18,4.551693916320801,4.619629421207759,4.491306528993753,4.589435319736274,20631703
2024-04-19,4.566789627075195,4.627177002075969,4.5516929872289404,4.5516929872289404,16556529
2024-04-22,4.604533672332764,4.634727785015358,4.536598142221264,4.55924372673321,13126372
2024-04-23,4.717756271362305,4.763046997131818,4.604530068650212,4.619627520983775,32994093
2024-04-24,4.687564849853516,4.710210017780855,4.63472598875374,4.67246861497923,20616635
2024-04-25,4.612082481384277,4.680018003619178,4.596985018985301,4.619630600871667,16023792
2024-04-26,4.7555012702941895,4.778146032836621,4.680017233190091,4.680017233190091,21707374
2024-04-29,4.70266056060791,4.747951295295263,4.680015804976045,4.747951295295263,13929215
2024-04-30,4.566789627075195,4.710209132942185,4.5516929872289404,4.687563969268864,28030647
2024-05-01,4.604533672332764,4.680018546231138,4.5441462625838,4.55924372673321,13298927
2024-05-02,4.720077991485596,4.742735110705018,4.652109081878243,4.697422096291631,23368125
2024-05-03,4.788049697875977,4.848466400555119,4.772945624208363,4.810706420390431,18930051
2024-05-06,4.8182573318481445,4.871122187112157,4.788048376830336,4.8182573318481445,15670636
2024-05-07,4.931539535522461,4.961747676081393,4.818257580396373,4.840913481811273,24023339
2024-05-08,4.939092636108398,4.954196710269929,4.8635714492833415,4.871123690368458,14223455
2024-05-09,4.750288963317871,4.795601997033923,4.7125281698892705,4.78049710845036,21465591
2024-05-10,4.788049697875977,4.840914567725657,4.788049697875977,4.818258661228581,23027885
2024-05-13,4.848465442657471,4.893778470725322,4.795601399269369,4.825809540636458,23897009
2024-05-14,4.916436672210693,4.939092579187538,4.8484665032279715,4.86357139323283,21915959
2024-05-15,4.893779277801514,4.931540480759429,4.863571131452533,4.916436407584938,23782463
2024-05-16,4.886227130889893,4.954196067815703,4.878674890784142,4.946644235718601,19570309
2024-05-17,4.931539535522461,4.9390913666578955,4.878674269522835,4.893778339802301,13098386
2024-05-20,4.9088826179504395,4.954195646724832,4.886226715576165,4.893778547031385,11504709
2024-05-21,4.871121406555176,4.931538490892301,4.840912456378102,4.908881370250985,15586001
2024-05-22,4.742735862731934,4.8182570213845315,4.742735862731934,4.788048068313232,14702035
2024-05-23,4.712528705596924,4.757841744464041,4.697424631313688,4.735185429034836,12398759
2024-05-24,4.659662246704102,4.7351842310482795,4.644558584250751,4.712527513342445,13642793
2024-05-28,4.644558906555176,4.704975600604147,4.621902595285732,4.689871529094062,22434986
2024-05-29,4.569037914276123,4.584141986385502,4.516172641871679,4.531276713981058,18397767
2024-05-30,4.584142208099365,4.621903002212099,4.546381005977964,4.584142208099365,12019317
2024-05-31,4.523724555969238,4.54638045849649,4.4633074558678425,4.516172316454409,32031043
2024-06-03,4.576589107513428,4.591693177514538,4.4708593934798815,4.501068349499284,22109362
2024-06-04,4.533520698547363,4.5486322505143715,4.48062965434678,4.495742022735192,17531022
2024-06-05,4.518409252166748,4.541076784752308,4.473074186995628,4.541076784752308,16202806
2024-06-06,4.6090803146362305,4.616637112851342,4.5486332767096265,4.556190074924738,16715262
2024-06-07,4.488185882568359,4.571300851719437,4.457962776963435,4.525965376890602,17097763
2024-06-10,4.397516250610352,4.420183378292537,4.359736343770808,4.405071823767489,35924258
2024-06-11,4.442852020263672,4.488186686794456,4.412628092821555,4.442852020263672,12673965
2024-06-12,4.435294151306152,4.473073228113235,4.352179202625074,4.442850129951818,47318272
2024-06-13,4.397516250610352,4.450407303764171,4.359736343770808,4.427739359660445,22012377
2024-06-14,4.382404327392578,4.4277389871537025,4.352180404463689,4.367291957717397,19061819
2024-06-17,4.480630397796631,4.480630397796631,4.397516235871289,4.397516235871289,25407072
2024-06-18,4.442852020263672,4.525966187886305,4.435296038403143,4.435296038403143,20037785
2024-06-20,4.450407028198242,4.533521185255788,4.42018310459805,4.503298486287833,27134670
2024-06-21,4.503297805786133,4.518408948881265,4.427738416414318,4.427738416414318,31755271
2024-06-24,4.590075969696045,4.6661965172851865,4.574851202183348,4.597687736582205,25704824
2024-06-25,4.536790370941162,4.597686546501833,4.529178194778571,4.559626076935563,14416859
2024-06-26,4.475895881652832,4.475895881652832,4.407387086577915,4.430223214520594,15520287
2024-06-27,4.491120338439941,4.529180830152296,4.453059435480662,4.498732107784872,17919641
2024-06-28,4.445446014404297,4.460669958684538,4.384549414789789,4.43783383664079,27205143
2024-07-01,4.3617143630981445,4.475895401817726,4.35410218418435,4.445446686162547,16401195
2024-07-02,4.409694194793701,4.409694194793701,4.333533373403434,4.341149126372739,25473012
2024-07-03,4.569631576538086,4.577247742317762,4.485855398810557,4.485855398810557,18256596
2024-07-05,4.592480659484863,4.615328334765817,4.5087036556560856,4.569631749817189,23189678
2024-07-08,4.554399490356445,4.600096071905862,4.523935239810903,4.569631409898111,23790734
2024-07-09,4.653409481048584,4.668641402757461,4.562016304946244,4.569632060069549,16496027
2024-07-10,4.72195291519165,4.744800588004208,4.668640581396495,4.729568668975104,16402101
2024-07-11,4.714338302612305,4.752417903671928,4.683873634255097,4.729569813866317,15763656
2024-07-12,4.714338302612305,4.721954058239311,4.661025544449486,4.706721312598411,12591709
2024-07-15,4.691487789154053,4.714336694088245,4.661023954115647,4.699103542182576,16647396
2024-07-16,4.744800090789795,4.767648172670264,4.699103515566703,4.737184337804407,22202041
2024-07-17,4.75241756439209,4.775266064028819,4.683873299868702,4.691489054952012,13873698
2024-07-18,4.6229448318481445,4.706721018751017,4.6229448318481445,4.699104852137203,13293716
2024-07-19,4.67625617980957,4.760032348879437,4.668640426279153,4.737184676826003,16294126
2024-07-22,4.691487789154053,4.752416282155174,4.683872036125528,4.714336694088245,12477842
2024-07-23,4.66864013671875,4.721952465436023,4.653408219140453,4.661023972198524,12711807
2024-07-24,4.607712745666504,4.661025087136324,4.607712745666504,4.615328500546296,14640853
2024-07-25,4.592480659484863,4.645792176115249,4.569631749817189,4.592480659484863,15718222
2024-07-26,4.61532735824585,4.622943522702885,4.569630782965792,4.6000954407939325,11091617
2024-07-29,4.653409481048584,4.683873324466339,4.607712892997414,4.645792491538474,17310541
2024-07-30,4.66864013671875,4.6914878073551165,4.607711643481251,4.653408219140453,16549278
2024-07-31,4.584863185882568,4.653408673253773,4.569631266817831,4.622944012199905,17595263
2024-08-01,4.43254280090332,4.584863227313731,4.42492663557103,4.577247473443641,14312736
2024-08-02,4.389108180999756,4.450068096894767,4.373868407863183,4.4424480044893,22363154
2024-08-05,4.3738694190979,4.4119694782595715,4.282429112440106,4.282429112440106,34409210
2024-08-06,4.533888816833496,4.5948487398119084,4.465308388889772,4.480548987145987,33013581
2024-08-07,4.587228298187256,4.6100889921016375,4.51102900408529,4.564368839296227,27692673
2024-08-08,4.602468013763428,4.648187334436023,4.587227416857154,4.610088106379379,21443611
2024-08-09,4.777729034423828,4.800588907107049,4.671049354119137,4.701528498239283,22695916
2024-08-12,4.792967796325684,4.838687943675028,4.7853481148294605,4.815827664163155,16572504
2024-08-13,4.991087913513184,4.991087913513184,4.8310679968197325,4.8310679968197325,31062668
2024-08-14,5.113007068634033,5.128246844192777,5.021568003607144,5.036807367491463,34090610
2024-08-15,5.15872859954834,5.1892081588246,5.097768657646747,5.10538875330308,23855088
2024-08-16,5.135867595672607,5.234927590353719,5.113007723569114,5.227307495761061,27348921
2024-08-19,5.234926223754883,5.2806463677009186,5.158726532743984,5.173966306276415,20962426
2024-08-20,5.204447269439697,5.212066951236555,5.143487345018326,5.181586577351452,21467291
2024-08-21,5.181586265563965,5.22730641196612,5.135866530836203,5.219686730627755,21066209
2024-08-22,5.013947486877441,5.052047546327256,4.968228156551688,4.99870771010219,32396436
2024-08-23,5.1053876876831055,5.135867240597534,5.059667534962563,5.082527817160059,24775084
2024-08-26,5.090147495269775,5.105387270481628,5.052047028054106,5.052047028054106,14418105
2024-08-27,5.082527160644531,5.097766935133207,5.044427106911247,5.0672865628070625,15265249
2024-08-28,5.135867595672607,5.15872787945058,5.013947728888002,5.021568646829616,21802432
2024-08-29,5.021567344665527,5.059666572725706,5.013946428700126,5.052046480109047,17840558
2024-08-30,4.968226432800293,5.006326067356788,4.899646843594012,4.914886615081747,22043421
2024-09-03,4.993386268615723,5.008633062834985,4.932398268010629,4.9857626655740805,18196660
2024-09-04,5.054372787475586,5.138231167590914,5.0467495979115995,5.0619963889035064,18676259
2024-09-05,5.1382317543029785,5.1458557684653865,5.061996966910657,5.077243759643529,16384086
2024-09-06,5.039126873016357,5.1534796787345085,5.023880491236347,5.145856075980498,17588126
2024-09-09,5.107738018035889,5.115361208245266,5.039126423103707,5.039126423103707,15991049
2024-09-10,5.054372787475586,5.077243179895414,5.008632002635928,5.0619963889035064,19348014
2024-09-11,5.046749591827393,5.09249078847584,5.016255186152471,5.061996382800919,18408871
2024-09-12,5.046749591827393,5.069619572355715,4.947644008975701,5.008631996597675,19050035
2024-09-13,5.084867000579834,5.1229841825477465,5.02387942705839,5.092490601718984,15954906
2024-09-16,5.130608081817627,5.153479300264009,5.092491306438877,5.130608081817627,12507527
2024-09-17,5.122984886169434,5.138231678677902,5.084867698966277,5.092491301152498,11928224
2024-09-18,5.130608081817627,5.199219265972919,5.092491306438877,5.1611024905941685,17011655
2024-09-19,5.122984886169434,5.183972468067281,5.107738093660966,5.176349277745034,16044753
2024-09-20,4.962892532348633,5.107738514641209,4.955268105806055,5.092491720876099,20835530
2024-09-23,4.983624458312988,5.0066615845220825,4.929871578684208,4.960587746963001,23502839
2024-09-24,5.029698848724365,5.129525162025785,5.006662134842238,5.0834513194023785,20910308
2024-09-25,5.068091869354248,5.075770494713386,5.029697083122532,5.060413243995111,24250052
2024-09-26,5.183277130126953,5.221671096395569,5.144882334140113,5.144882334140113,50935148
2024-09-27,5.206313133239746,5.221670385769909,5.160239301353979,5.18327642472639,28069962
2024-09-30,5.106487274169922,5.23702892060757,5.106487274169922,5.183277283271545,39908905
2024-10-01,5.006660461425781,5.114164951990564,4.983623340384384,5.106485911643432,34185782
2024-10-02,5.0473785400390625,5.139568221812177,5.0320138006019235,5.131886059618655,25591071
2024-10-03,4.901411056518555,4.939823519800992,4.847633441903139,4.924457953418004,27349940
2024-10-04,4.947505950927734,4.962870688050788,4.88604658738549,4.893728748422001,19395261
2024-10-07,4.947505950927734,4.993600162296894,4.909093485545054,4.909093485545054,19905224
2024-10-08,4.9321417808532715,4.962872093904547,4.893730134689625,4.893730134689625,21607556
2024-10-09,4.7861738204956055,4.8553161736161785,4.763126922855444,4.824586700062615,19186902
2024-10-10,4.8169050216674805,4.832269761307124,4.763127810353578,4.793857289632865,38396124
2024-10-11,4.755446434020996,4.778493339764517,4.7170335409479005,4.770810761149898,20189947
2024-10-14,4.8169050216674805,4.839952338651996,4.747762240613735,4.7554456480588065,16100383
2024-10-15,4.778491497039795,4.80922096954776,4.740078618779817,4.763126760785812,21105524
2024-10-16,4.763128280639648,4.80153992600627,4.724715805172745,4.770810443692916,31320539
2024-10-17,4.770809650421143,4.809221704450898,4.701667704137542,4.701667704137542,16940276
2024-10-18,4.747762203216553,4.80922199139122,4.740079625932196,4.801539414106863,13472390
2024-10-21,4.732398509979248,4.7708109898435165,4.717033767063654,4.740080673911951,12019431
2024-10-22,4.763128280639648,4.770810443692916,4.701668485912659,4.732397968226013,17145349
2024-10-23,4.7861738204956055,4.793856396409008,4.717031882425054,4.724714458338457,18042232
2024-10-24,4.839951515197754,4.862998413211042,4.763126999970019,4.786173897983308,20854565
2024-10-25,4.755446434020996,4.8245883964020635,4.74776302530604,4.816905817787444,14463651
2024-10-28,4.832269668579102,4.8553169851213545,4.8015393597893095,4.824587506431746,22832443
2024-10-29,4.717032432556152,4.839952001306177,4.709350270796829,4.832269424496783,24097550
2024-10-30,4.717032432556152,4.7323971711248705,4.6863021253185755,4.693985532228111,12316050
2024-10-31,4.647890090942383,4.724714607349272,4.640207514786683,4.693985132826545,15685705
2024-11-01,4.563383102416992,4.6786200976606125,4.555700525387396,4.655572781621905,26954863
2024-11-04,4.670938491821289,4.740080454313538,4.647891586040708,4.709351384956153,31949694
2024-11-05,4.832269668579102,4.909094195403308,4.755445556804987,4.786174620444505,67373845
2024-11-06,4.886046886444092,4.932140685584467,4.717032277445498,4.786174221306232,38389666
2024-11-07,4.801538467407227,4.916775443751401,4.7861737309180095,4.9090932830318,25991360
2024-11-08,4.693986892700195,4.717033799707989,4.632527090512108,4.693986892700195,22378676
2024-11-11,4.670938491821289,4.7170335485329575,4.640209007413736,4.6555737496175125,21759605
2024-11-12,4.63481330871582,4.680930285941193,4.619440152463981,4.665557960199402,18895608
2024-11-13,4.557950019836426,4.596381457080604,4.527205368347112,4.588695501835788,24951493
2024-11-14,4.542577743530273,4.596381507104673,4.527205417618314,4.581009596447743,35871007
2024-11-15,4.5810089111328125,4.634812666658218,4.557949387576986,4.557949387576986,15491962
2024-11-18,4.5810089111328125,4.6117531431023915,4.565635757010606,4.573322541699192,20789757
2024-11-19,4.596380233764648,4.619438923872129,4.573321958912082,4.588694280565431,16643883
2024-11-20,4.5810089111328125,4.588694865311465,4.557949387576986,4.5810089111328125,7484485
2024-11-21,4.504146099090576,4.5502639052193254,4.49645972885995,4.5195192548068395,28257360
2024-11-22,4.4964599609375,4.527205443446885,4.481087634937839,4.488774005565185,15322579
2024-11-25,4.4964599609375,4.542577769446546,4.488774005565185,4.527205443446885,20562251
2024-11-26,4.604067325592041,4.650185128307766,4.542577198807727,4.550263568469512,24127802
2024-11-27,4.411911964416504,4.588696014118902,4.381166478984709,4.581010058016024,38829270
2024-11-29,4.119833469390869,4.189009556847656,4.058343337037047,4.096775188826957,31744734
2024-12-02,4.083689212799072,4.122141347155547,4.037545571303446,4.083689212799072,35879504
2024-12-03,4.114449501037598,4.122139758750512,4.052924946409423,4.091377896923902,30408360
2024-12-04,4.137521266937256,4.183664897090157,4.114450075092107,4.137521266937256,47008850
2024-12-05,4.252880096435547,4.283642796258668,4.22980890254335,4.260570771391327,42793070
2024-12-06,4.129831314086914,4.237499526260105,4.122141053957663,4.222118590513997,32774744
2024-12-09,4.129831314086914,4.214428330384746,4.129831314086914,4.1759749523004555,19067144
2024-12-10,4.229808807373047,4.252880000746144,4.168284240086246,4.168284240086246,29722669
2024-12-11,4.318350315093994,4.364950223094257,4.17854681462753,4.240681423985539,67287850
2024-12-12,4.178546905517578,4.287282684062917,4.131946576896387,4.279515752822399,45163986
2024-12-13,4.093112468719482,4.170780105132207,4.085345537235282,4.163013593255326,37485872
2024-12-16,4.046511650085449,4.116412780678806,4.015444760671084,4.0775793787145265,34031581
2024-12-17,4.062046051025391,4.116412899263034,3.9843771468225935,3.9999114311919945,48851448
2024-12-18,3.8523406982421875,3.9999107083852863,3.8057395319845533,3.9999107083852863,58504155
2024-12-19,3.898942232131958,3.976610290408298,3.8834087883196227,3.945543402783627,99944309
2024-12-20,3.9377763271331787,4.015444382570457,3.9222420446740167,3.9921431686853723,52890933
2024-12-23,3.860107183456421,3.8911749071558583,3.8368072298964218,3.883408395838288,20095568
2024-12-24,3.875642776489258,3.8911762239884395,3.86787542332852,3.86787542332852,7322466
2024-12-26,3.883409261703491,3.9067092204585707,3.836808085371183,3.836808085371183,24407086
2024-12-27,3.8678743839263916,3.906708621649686,3.8368074972765385,3.8368074972765385,18254103
2024-12-30,3.883409261703491,3.9067092204585707,3.8523415310770304,3.875642329046876,22152756
2024-12-31,3.8523406982421875,3.875641491174651,3.829040744524309,3.875641491174651,8225127
2025-01-02,3.8469009399414062,3.9013019469236236,3.7769575078693314,3.7847291402755463,29507625
2025-01-03,3.784728527069092,3.854671947808846,3.7769568959220465,3.839129105375973,26377146
2025-01-06,3.940159320831299,3.9712450078282004,3.8702150555739063,3.877987107115002,25869562
2025-01-07,4.017873764038086,4.087817178884293,3.994558452700318,4.025644974669098,27144414
2025-01-08,3.9634742736816406,3.9634742736816406,3.9090732652276166,3.9401597956935146,30327011
2025-01-10,3.9168450832366943,3.9479316151739843,3.893530604145045,3.9246162963596998,36432295
2025-01-13,3.955703020095825,3.9790175003179162,3.909073639790305,3.909073639790305,18597968
2025-01-14,3.9634742736816406,3.979017119053292,3.9013020524724396,3.9168448978440913,21008766
2025-01-15,4.165534019470215,4.173305233450439,4.056732405272087,4.080047726658211,43961306
2025-01-16,4.126676082611084,4.173304194608221,4.080046711030169,4.157761770516681,18321630
2025-01-17,4.134448528289795,4.196620762374403,4.126677313925257,4.142220162515717,23573085
2025-01-21,4.204391956329346,4.227706439032551,4.181077053764758,4.1966207420025325,19223045
2025-01-22,4.251020431518555,4.28987775441801,4.243248379132854,4.258792064042963,17541559
2025-01-23,4.24324893951416,4.297649534646802,4.219934458723221,4.2587926264770335,33917035
2025-01-24,4.251020431518555,4.28987775441801,4.227705533945331,4.258792064042963,14527779
2025-01-27,4.3675923347473145,4.390907651832337,4.251020367796348,4.274334845158799,40750045
2025-01-28,4.421993255615234,4.437536939989604,4.34427819263361,4.34427819263361,35293403
2025-01-29,4.398679256439209,4.437537421942252,4.383136410099316,4.421993735879711,20960273
2025-01-30,4.507481575012207,4.530795638288281,4.41422280273957,4.429765651544082,46396123
2025-01-31,4.507481575012207,4.561882175620087,4.491937886484914,4.546338487092794,26982962
2025-02-03,4.476393222808838,4.507479747537182,4.390906959250771,4.406449801753722,22989476
2025-02-04,4.548706531524658,4.572033998601756,4.455400443937011,4.494277595358455,36326246
2025-02-05,4.6109113693237305,4.634238837510312,4.517604857218229,4.517604857218229,44423117
2025-02-06,4.634239196777344,4.634239196777344,4.540931837278031,4.564258887192928,29798240
2025-02-07,4.548706531524658,4.64978914160481,4.5176046423554705,4.603135887770945,58802473
2025-02-10,4.6109113693237305,4.634238837510312,4.5798094786752985,4.587585161377458,28869407
2025-02-11,4.696444034576416,4.704219718927091,4.634239820011587,4.680892245794873,30795393
2025-02-12,4.556482315063477,4.634238720033867,4.509829480273463,4.626463037528819,38573212
2025-02-13,4.572033882141113,4.572033882141113,4.494277480878454,4.494277480878454,21649704
2025-02-14,4.735320568084717,4.758647615973689,4.642014056849226,4.642014056849226,26270191
2025-02-18,4.696444034576416,4.750873404950953,4.688668770305933,4.688668770305933,30020421
2025-02-19,4.691555023193359,4.724135749234084,4.675265100215219,4.6834102817254,26120635
2025-02-20,4.691555023193359,4.707844946171501,4.667120358747258,4.691555023193359,21872792
2025-02-21,4.667121887207031,4.683411815520045,4.634541150496275,4.667121887207031,28115168
2025-02-24,4.601960182189941,4.691555426331837,4.577524195517429,4.6671207597861,26344969
2025-02-25,4.65083122253418,4.699700559693439,4.634540416715738,4.65083122253418,31978132
2025-02-26,4.593815326690674,4.650831166173957,4.585670583943596,4.626395177763564,22632921
2025-02-27,4.593815326690674,4.634540360552932,4.585670583943596,4.618250435016487,13675763
2025-02-28,4.4716386795043945,4.5612339166838005,4.430913211661027,4.528654510502,29508192
2025-03-03,4.487929344177246,4.610105327852816,4.4716394183735755,4.520510075869182,13518729
2025-03-04,4.457777976989746,4.506674391927901,4.3681330086155965,4.457777976989746,24444928
2025-03-05,4.596317768096924,4.612616567430261,4.514822450584242,4.522972510673909,28236626
2025-03-06,4.6207661628723145,4.653364641931093,4.571868884566144,4.596317743860228,24852582
2025-03-07,4.628915309906006,4.653364609310695,4.588168532214161,4.604467331347298,20735146
2025-03-10,4.588169097900391,4.620766700185699,4.547420994338634,4.547420994338634,38758231
2025-03-11,4.604466915130615,4.604466915130615,4.531121665238488,4.571868439247064,35227689
2025-03-12,4.604466915130615,4.612616093819549,4.539270843927421,4.571868439247064,27842569
2025-03-13,4.661513328552246,4.694110923600489,4.588168079270774,4.588168079270774,37359315
2025-03-14,4.881549835205078,4.922297492097136,4.759307304810883,4.775606103398519,37580817
2025-03-17,5.101587295532227,5.117886978702657,4.93044832717924,4.93044832717924,42925065
2025-03-18,5.117887020111084,5.174933490117667,5.068989731332519,5.101587336808774,40648641
2025-03-19,5.136630058288574,5.199381255399182,5.100772168470793,5.1455946408135285,12795072
2025-03-20,5.073879241943359,5.154558729594335,5.029056766236956,5.154558729594335,23804124
2025-03-21,5.073879241943359,5.082843384858985,5.011127599841568,5.038021789716719,17489194
2025-03-24,5.011126518249512,5.064913565544315,4.984233214743097,5.002162817550663,15166853
2025-03-25,5.091808319091797,5.199382004034177,5.082843735276074,5.082843735276074,14987324
2025-03-26,5.038021564483643,5.100772323215921,5.0111273758108394,5.082843157622086,16601746
2025-03-27,5.0200910568237305,5.038020659478831,4.984233172359438,5.002162775014539,19053146
2025-03-28,4.948376655578613,5.020092444328748,4.89459047443915,4.975270846853574,14211631
2025-03-31,4.930448055267334,4.957340923985796,4.867696854172089,4.867696854172089,12866966
2025-04-01,4.948376655578613,4.99319913361797,4.912518761203546,4.921483785149928,14804808
2025-04-02,4.960036277770996,4.99591366614541,4.906220855991549,4.977975632740376,10948797
2025-04-03,5.103546142578125,5.175300923703897,5.049729836473058,5.049729836473058,39863060
2025-04-04,4.780651092529297,4.933130145228262,4.762713054185938,4.915190785320192,25863300
2025-04-07,4.75374174118042,4.870343360974478,4.646110018935369,4.681987406524199,41270246
2025-04-08,4.69992733001709,4.861374948059952,4.646111016814602,4.825497552765471,52701495
2025-04-09,4.942098617553711,4.951067194412014,4.592294605140591,4.592294605140591,51260525
2025-04-10,4.816526889801025,4.906220575876831,4.699926155153895,4.834465803224756,41166319
2025-04-11,4.90622091293335,4.942098301724157,4.798588746560926,4.807557763367537,33551941
2025-04-14,4.986945152282715,5.004884510645615,4.906221784082691,4.969007115484413,25962489
2025-04-15,5.013852119445801,5.0317910338199345,4.960036257366293,4.995913645593114,24529656
2025-04-16,5.013852119445801,5.058698964859688,4.9690061550748075,4.995913645593114,22391170
2025-04-17,5.0766377449035645,5.09457621828159,4.960036126121371,4.960036126121371,21868445
2025-04-21,5.103546142578125,5.121484177077354,5.04076125974492,5.094576684807035,14064959
2025-04-22,5.2470550537109375,5.282932439821719,5.112514965925862,5.112514965925862,26531358
2025-04-23,5.3636555671691895,5.399532511283719,5.327778182533256,5.327778182533256,35354132
2025-04-24,5.507165908813477,5.516135367128284,5.390564272285494,5.462319057760944,32650176
2025-04-25,5.507165908813477,5.525105265964593,5.462319057760944,5.489227873226868,21951875
2025-04-28,5.569950580596924,5.587889495115791,5.498195803564357,5.516134718083224,22932023
2025-04-29,5.659643650054932,5.668612225285661,5.560980071567459,5.57891942463593,37440500
2025-04-30,5.659643650054932,5.668612225285661,5.57891942463593,5.614796809208664,25678003
2025-05-01,5.641705513000488,5.65964486993561,5.578920627117293,5.650675411728797,19323315
2025-05-02,5.560980319976807,5.713459321352523,5.525104255365694,5.695521289046966,17516180
2025-05-05,5.518805503845215,5.626489782417037,5.5008579037158745,5.626489782417037,20567040
2025-05-06,5.48291015625,5.5008573137196715,5.4290678023715975,5.447015841310656,22655056
2025-05-07,5.473936557769775,5.518805114190446,5.447016040945967,5.473936557769775,17682216
2025-05-08,5.581621170043945,5.698279247577221,5.581621170043945,5.608542129248629,26396840
2025-05-09,5.931595325469971,5.940568245196988,5.743147704015128,5.743147704015128,66149175
2025-05-12,5.788016319274902,5.877752569077192,5.7341739523648085,5.850832046724346,52014279
2025-05-13,5.9405670166015625,5.95851461528296,5.823909828846005,5.8598045854740946,27986027
2025-05-14,5.958515167236328,5.976462326845514,5.922620407283209,5.949541367064362,25967433
2025-05-15,5.958515167236328,6.012357086798633,5.895699888236804,5.985436127017481,59180916
2025-05-16,6.0303053855896,6.039279186800937,5.895700571093527,5.9315953352040784,42152132
2025-05-19,6.111067295074463,6.14696205602214,6.030304854228016,6.0392786546486255,38146153
2025-05-20,6.066198825836182,6.1020935821132,5.985435514029216,6.084145542872639,31704018
2025-05-21,5.967489719390869,6.048251721477157,5.913646915550779,6.039278802306681,29816028
2025-05-22,5.931595325469971,6.04825209661713,5.913647282341953,5.949542046393598,56712521
2025-05-23,5.967489719390869,5.994410239841375,5.734173547159095,5.7610949490791405,39590522
2025-05-27,6.039278984069824,6.137989471876553,6.01235758133953,6.048251903510357,41274366
2025-05-28,5.958515167236328,6.030304687142566,5.940567566892396,5.985436127017481,49839228
2025-05-29,5.949542045593262,6.003384412030887,5.9226210827418475,5.994410610835484,38385834
2025-05-30,5.913646697998047,5.940567658192947,5.832884258148098,5.904673779157669,38312807
2025-06-02,5.868778705596924,5.940567341307594,5.841856865368598,5.931594422945856,27429724
2025-06-03,5.916361331939697,5.925339251633805,5.835561818441014,5.871473056280372,28526571
2025-06-04,5.862494945526123,5.96125029519456,5.853517026124608,5.943294456391531,29429160
2025-06-05,5.853517055511475,5.9343174486566435,5.853517055511475,5.916361168826411,26135117
2025-06-06,5.889427661895752,5.9163609784317135,5.844538507044454,5.880449742738084,24594752
2025-06-09,5.889427661895752,5.9163609784317135,5.77271647659424,5.853516867139167,27520570
2025-06-10,5.871472358703613,5.9702281407946245,5.853516521448692,5.907383592276437,20780868
2025-06-11,5.961162090301514,6.006459005795183,5.834328324183107,5.870566479509633,36159077
2025-06-12,5.988340377807617,6.033637291654178,5.961161873538786,5.961161873538786,27756852
2025-06-13,5.943042278289795,5.952102373208324,5.852447558420328,5.870566413403996,29168570
2025-06-16,6.106113910675049,6.133293308211007,6.042697689497412,6.042697689497412,21041458
2025-06-17,6.106113910675049,6.1423520691702524,6.087995498854209,6.087995498854209,15391702
2025-06-18,6.051757335662842,6.133293303451571,6.051757335662842,6.115174001742442,26765168
2025-06-20,6.0064592361450195,6.0789355495775625,5.988340825213613,6.060816693695003,18076294
2025-06-23,6.0245795249938965,6.033638286325017,5.933983457610033,5.979281268826369,18913890
2025-06-24,6.151412010192871,6.205768579141121,6.051757188076506,6.051757188076506,32953305
2025-06-25,5.970221042633057,6.078935512111841,5.952102631813317,6.078935512111841,35039879
2025-06-26,5.979280948638916,6.0336379632267745,5.97022129789055,6.015519106681211,40830127
2025-06-27,5.997400283813477,6.024579683178825,5.961163012781565,5.9792814258219185,23519535
2025-06-30,6.151412010192871,6.178590072191414,5.961162461544927,5.961162461544927,47892631
2025-07-01,6.151412010192871,6.214828229774744,6.124233503243165,6.160471660826494,19790729
2025-07-02,6.172258377075195,6.199449791727698,6.08162359265149,6.108813671860277,25958884
2025-07-03,6.271958351135254,6.299148431201068,6.199449987133352,6.199449987133352,17431823
2025-07-07,6.199449062347412,6.271957415533078,6.1541312303194085,6.253829659514882,22437829
2025-07-08,6.172258377075195,6.199449791727698,6.117877773509716,6.172258377075195,22037777
2025-07-09,6.027242660522461,6.172258040606411,6.000051247352245,6.172258040606411,21482710
2025-07-10,5.773462772369385,5.855034777155005,5.755336352646986,5.845971122145974,53999089
2025-07-11,5.710019111633301,5.7462732902605484,5.664701277062273,5.700955010541642,42011537
2025-07-14,5.682827949523926,5.728144888700184,5.655636539604253,5.700954369076167,24755947
2025-07-15,5.700954437255859,5.746272712417578,5.646573842505297,5.710018537436036,26335555
2025-07-16,5.737208843231201,5.764399364275154,5.691891011392711,5.728145187833933,41243157
2025-07-17,5.845972061157227,5.864098483791188,5.737209519022323,5.746273620635111,34158199
2025-07-18,5.710019111633301,5.864098146642438,5.69189135459786,5.818781202367165,30225968
2025-07-21,5.791589736938477,5.818780702433648,5.719082276209378,5.737208696243813,21927876
2025-07-22,5.719081401824951,5.827843021437988,5.700953649118531,5.800652505247785,28687663
2025-07-23,5.845972061157227,5.855035717622111,5.710019439923476,5.719083096388361,34811322
2025-07-24,5.755337238311768,5.791590528483265,5.719083057844469,5.791590528483265,19197758
2025-07-25,5.773462772369385,5.818780602266711,5.755336352646986,5.800653292248648,27838840
2025-07-28,5.601256370544434,5.7009548016819735,5.5378116715580745,5.7009548016819735,27539419
2025-07-29,5.664701461791992,5.691891540214267,5.601256758412305,5.601256758412305,26274167
2025-07-30,5.691891670227051,5.755337265351732,5.54687628312024,5.6103205428012135,34305592
2025-07-31,5.682827949523926,5.728144888700184,5.601255945504048,5.619382365056288,19048511
2025-08-01,5.700954437255859,5.855034792214369,5.682828017486838,5.818780617232827,25840022
2025-08-04,5.830626010894775,5.857829956823865,5.776219009757284,5.830626010894775,34915455
2025-08-05,5.875964641571045,5.93037208034804,5.803421686775239,5.8215576481543305,45212674
2025-08-06,6.030118942260742,6.184271506952646,5.984779035727187,6.057321995460251,37056413
2025-08-07,6.193339824676514,6.202407805823715,6.030118836188705,6.048253907762501,36170716
2025-08-08,6.220542907714844,6.22961088890624,6.147999948904282,6.211474926523447,28884084
2025-08-11,6.220542907714844,6.238679315457944,6.147999948904282,6.175203447118166,26910810
2025-08-12,6.438171863555908,6.465374916745013,6.265882445595856,6.265882445595856,52323794
2025-08-13,6.356561183929443,6.429103701257402,6.338425665937536,6.3746971472816805,26041078
2025-08-14,6.3202900886535645,6.401901038003089,6.265883085994119,6.302154569553868,30037272
2025-08-15,6.3202900886535645,6.383764628182679,6.274951513584503,6.338426053113618,27858616
2025-08-18,6.3202900886535645,6.392832610412706,6.302154569553868,6.347494035343644,20772422
2025-08-19,6.030118942260742,6.1480000270861135,6.002914552980298,6.0935934753267835,37425050
2025-08-20,6.073171615600586,6.128132809094117,6.045691243800382,6.045691243800382,28858849
2025-08-21,6.082332134246826,6.109812507152819,6.027371838327983,6.06401158571407,20414291
2025-08-22,6.302175045013428,6.329654963786816,6.128132110268411,6.155612478934872,35120013
2025-08-25,6.293014049530029,6.357135056937146,6.283853777073854,6.3204944170055,24858432
2025-08-26,6.228894233703613,6.302175522292663,6.18309331586218,6.283854525305741,31781268
2025-08-27,6.375455856323242,6.384615679251975,6.173932103708925,6.201413372067406,39578059
2025-08-28,6.512858867645264,6.576979434793131,6.393776657502629,6.430417302939354,30784949
2025-08-29,6.540338516235352,6.558658613242116,6.485377325428854,6.503698322221823,20059559
2025-09-02,6.423955917358398,6.478940210939855,6.3598079499152105,6.3964639956087765,34437535
2025-09-03,6.359808444976807,6.469776590617671,6.323152396429852,6.433120542070716,24819498
2025-09-04,6.405628204345703,6.45144747442531,6.304824639956799,6.359808034101658,33227491
2025-09-05,6.506432056427002,6.625562965808663,6.478940134999616,6.570579573036098,23365756
2025-09-08,6.460611820220947,6.488103743278019,6.3781365011319675,6.488103743278019,23023487
2025-09-09,6.405628204345703,6.478940296703287,6.387299956215197,6.414792328410956,17360341
2025-09-10,6.451447010040283,6.506431750473914,6.423955539987841,6.433119663393446,25366428
2025-09-11,6.488103866577148,6.607236135531413,6.451447818443702,6.46977651763379,34092897
2025-09-12,6.387300968170166,6.45144849654332,6.37813729273531,6.396465093687313,29587986
2025-09-15,6.543087959289551,6.607235928997336,6.442284392676371,6.460611741046839,30932857
2025-09-16,6.543087959289551,6.625563277367805,6.51559648665162,6.607235928997336,36648945
2025-09-17,6.662219524383545,6.744695745102542,6.570580079286422,6.588908778453884,31227540
2025-09-18,6.625563621520996,6.671384245238384,6.598072147455069,6.662219670412654,25008297
2025-09-19,6.717203617095947,6.763023785261904,6.634727404413663,6.643891528063294,39105186
2025-09-22,6.63472843170166,6.689712732030742,6.55225310641371,6.6438925567702185,28107670
2025-09-23,6.790515899658203,6.81800782313061,6.662219506649904,6.680548205768577,22669270
2025-09-24,6.680548191070557,6.735531587812158,6.671384066572503,6.7080396644002365,32691376
2025-09-25,6.598072052001953,6.708039747003792,6.579744252862396,6.643892224974216,36256824
2025-09-26,6.63472843170166,6.6622199067427985,6.598072381509696,6.6622199067427985,25272904
2025-09-29,6.717203617095947,6.7905152560464,6.698874919714486,6.7446950878804435,26564112
2025-09-30,6.726368427276611,6.799679623627419,6.653056330761314,6.781351824539717,53526731
2025-10-01,6.588909149169922,6.827172349943135,6.579744574029438,6.781352174734321,33785339
2025-10-02,6.5274834632873535,6.665000459226709,6.472477115181726,6.619162060940411,31426639
2025-10-03,6.573322772979736,6.573322772979736,6.454140775941797,6.518316424783182,28587547
2025-10-06,6.536651611328125,6.591659311912185,6.5091486615763525,6.5824909115447126,26420942
2025-10-07,6.362463474273682,6.444974127374033,6.334960073330279,6.417470726430631,29124795
2025-10-08,6.380798816680908,6.444973563356115,6.353294967874302,6.444973563356115,24403584
2025-10-09,6.35329532623291,6.426638026647225,6.325791926145074,6.399134626559389,32990694
2025-10-10,6.197442531585693,6.371630872556666,6.17910618209542,6.362462922946581,43173274
2025-10-13,6.298288345336914,6.3349596944918405,6.261617446452106,6.307456745463292,21056084
2025-10-14,6.289120674133301,6.344128375708097,6.224946373106451,6.243281373091108,27623673
2025-10-15,6.298288345336914,6.371631043646766,6.279952445624393,6.279952445624393,26013989
2025-10-16,6.289120674133301,6.408302676734948,6.261617723886177,6.298288624395767,28538313
2025-10-17,6.35329532623291,6.380799176590876,6.261617626120211,6.261617626120211,22915234
2025-10-20,6.5274834632873535,6.564154812294554,6.435805766174526,6.454140765272953,27493378
2025-10-21,6.444973945617676,6.527483695850861,6.435805995471708,6.463308945369349,20444367
2025-10-22,6.481645584106445,6.499980584673295,6.4174708307717125,6.4449742321622905,26293634
2025-10-23,6.509148597717285,6.545819497206635,6.454140897672887,6.536651547199235,17965981
2025-10-24,6.481645584106445,6.58249123911518,6.472477633552868,6.545819887171026,17863599
2025-10-27,6.5458197593688965,6.609994511450665,6.527483858619738,6.5733231602224915,21810353
2025-10-28,6.573322772979736,6.59165912291882,6.518316424783182,6.536651423911918,16458576
2025-10-29,6.738343715667725,6.775015067713989,6.646666010957293,6.646666010957293,27647775
2025-10-30,6.72000789642334,6.775014242386674,6.683336548844352,6.692504498306624,23675580
2025-10-31,6.747511863708496,6.784183216827924,6.720008911706632,6.747511863708496,18426082
2025-11-03,6.848357677459717,6.894196979453577,6.811686325918657,6.820854276371459,15600071
2025-11-04,6.768566608428955,6.851109515869977,6.768566608428955,6.814423428878686,20513274
2025-11-05,6.860280990600586,6.8877954425910595,6.704365011902795,6.759394816785873,27090854
2025-11-06,6.869452476501465,7.025367550932398,6.851109208602963,6.942824647193362,25135193
2025-11-07,6.942824840545654,6.951995573848191,6.814423313033425,6.823594947238099,21486418
2025-11-10,6.997853755950928,7.025368209928546,6.961167667163738,6.9795113872339805,14261998
2025-11-11,7.181283950805664,7.20879840382895,7.117083410267638,7.135426228799467,23294377
2025-11-12,7.007025718688965,7.15376962082071,6.961167545442965,7.15376962082071,30930179
2025-11-13,6.961166858673096,7.126253563365143,6.942824492086485,7.098739563034181,22966528
2025-11-14,7.007025718688965,7.071225809880092,6.961167545442965,7.016196452435984,12517796
2025-11-17,6.933652877807617,7.034539047474525,6.915309159816371,7.016195779934326,13990799
2025-11-18,6.896966934204102,6.96116702055439,6.851109214866974,6.896966934204102,17657599
2025-11-19,6.841938018798828,6.933653463342944,6.823595200160656,6.841938018798828,19668674
2025-11-20,6.741051197052002,6.924481630434466,6.741051197052002,6.878623459025009,20125273
2025-11-21,6.768566608428955,6.805251794518094,6.713536802265404,6.731880521437663,20344972
2025-11-24,6.768566608428955,6.851109515869977,6.759394974068363,6.823595063239277,14007073
2025-11-25,6.805251121520996,6.832766021881718,6.759394305606219,6.786908305064879,19351846
2025-11-26,7.0253682136535645,7.0345398484679995,6.896967578506965,6.9061392133214,26459773
2025-11-28,7.153769493103027,7.208798399113603,7.1262541391955745,7.181283946108315,17479100
2025-12-01,7.052882194519043,7.15376926980785,7.034539376571757,7.144597635608673,25140446
2025-12-02,7.239136695861816,7.24831190998737,7.092335522987413,7.165735884111169,37401772
2025-12-03,7.266662120819092,7.294188214706033,7.211612186179736,7.257487807652891,22471304
2025-12-04,7.404287815093994,7.459339099614848,7.376763074087345,7.385938288174154,29944881
2025-12-05,6.927184581756592,7.440988477025395,6.890484174772562,7.385938542489707,59821576
2025-12-08,6.945534706115723,7.0831606629895925,6.918008613487179,7.055635020987934,22876403
2025-12-09,6.97305965423584,6.97305965423584,6.789557633760659,6.817082824175219,21112425
2025-12-10,6.890483856201172,6.973059880754185,6.853783450913931,6.881308191595758,16073459
2025-12-11,7.050502300262451,7.118389851328214,7.011709890252777,7.021408588147218,18019232
2025-12-12,7.098992824554443,7.176577643401128,7.02140848202137,7.16687942196689,16176150
2025-12-15,7.225068092346191,7.283256466859334,7.15718197295659,7.19597342877602,18116876
2025-12-16,6.972918510437012,7.118389444262501,6.963219813097192,7.089294304870221,21707971
2025-12-17,6.827445983886719,6.924427239195343,6.8080504949267215,6.837144204680297,30389841
2025-12-18,6.895333766937256,6.9244274776929045,6.8080507294159265,6.837144440171575,15761678
2025-12-19,6.905030727386475,7.050501656242864,6.885635238623722,7.011709249776636,18409911
2025-12-22,6.895333766937256,6.914729256565291,6.846843137612785,6.905031035437678,16814544
2025-12-23,7.050502300262451,7.079597441318539,6.92442780127984,6.943823768127869,11358428
2025-12-24,7.0602006912231445,7.0892944020735635,7.050501993750343,7.0602006912231445,4231652
2025-12-26,7.08929443359375,7.1086913523119994,6.992314126824903,7.0311065353206015,7077233
2025-12-29,7.01229190826416,7.0422591773605845,6.962346618541314,7.0023031361077415,9105400
2025-12-30,7.192093849182129,7.232049889075419,7.152137809288839,7.192093849182129,12728300
2025-12-31,7.1521382331848145,7.2220615452991,7.142149460776257,7.212072296576947,4320100
2026-01-02,7.222061634063721,7.301973719568744,7.222061634063721,7.27200692566116,8485700
2026-01-05,7.364963531494141,7.444908786550642,7.205073021381138,7.225059335145263,24901300
2026-01-06,7.444909572601318,7.504868996735656,7.424923256726992,7.484882204349971,24279900
2026-01-07,7.2950119972229,7.3449775456080095,7.2650322869827715,7.334984626535519,16684400
2026-01-08,7.40493631362915,7.454902337338352,7.334984452249849,7.354970766431266,23564300
2026-01-09,7.464895248413086,7.494874957909705,7.414929701267145,7.444908934252446,17491900
2026-01-12,7.384950160980225,7.44490910483597,7.344977531743061,7.384950160980225,13719900
2026-01-13,7.2950119972229,7.384950174920629,7.285018601639081,7.384950174920629,17623200
2026-01-14,7.354970932006836,7.364963851066847,7.295011988112785,7.334984617375485,19725000
2026-01-15,7.4349164962768555,7.51486175808983,7.364964153934829,7.3749575499171245,21679900
2026-01-16,7.374957084655762,7.404936317688664,7.324991060919168,7.344977375111542,10231700
2026-01-20,7.444909572601318,7.494875600542813,7.275026125925222,7.275026125925222,24422600
2026-01-21,7.854629039764404,7.864621958526029,7.624786190111269,7.624786190111269,25929700
2026-01-22,8.204390525817871,8.224376365173457,7.93457502335845,7.974547655092338,40713900
2026-01-23,8.28433609008789,8.304322883191908,8.114452160794745,8.154424793980029,32606900
2026-01-26,8.384267807006836,8.404253646271544,8.254356516206753,8.264349912350463,17770900
2026-01-27,8.774001121520996,8.853946388225575,8.644089824870367,8.67407001465165,35707400
2026-01-28,8.873931884765625,8.943883744655169,8.803980024876083,8.863938489632087,67236400
2026-01-29,8.923897743225098,9.103774087206284,8.724033656321962,9.01383639172699,35563400
2026-01-30,8.58413028717041,8.893917918990295,8.524170868063825,8.843952848261218,41981100
2026-02-02,8.69405460357666,8.74402062633165,8.604115953222202,8.654081975977192,16936800
2026-02-03,8.787023544311523,8.986955630829996,8.747037127007829,8.93697237086253,30776800
2026-02-04,8.487125396728516,8.667064760999553,8.367166138331637,8.64707107459102,39701100
2026-02-05,8.677061080932617,8.767030757642504,8.56709771901992,8.58709140422273,35801700
2026-02-06,8.986955642700195,9.01694617073112,8.747037138561138,8.767030823915087,29313000
2026-02-09,9.31684398651123,9.336837672213433,9.046935902991345,9.046935902991345,26413100
2026-02-10,9.29685115814209,9.436803143206449,9.256864740502074,9.366827150674268,25947200
2026-02-11,9.56675910949707,9.59674963733505,9.41681028371271,9.51677680313654,38063700
2026-02-12,9.276857376098633,9.496783147505571,9.186887699007094,9.476789462217946,30247100
2026-02-13,9.156898498535156,9.156898498535156,8.866996723480272,9.04693608501483,24309800
2026-02-17,9.166894912719727,9.216878172291047,9.026941976590303,9.216878172291047,23494200
2026-02-18,9.166894912719727,9.306847848849149,9.066928393577085,9.216878172291047,25359700
2026-02-19,9.266861915588379,9.406813905671852,9.1768922343339,9.18688812408884,27652800
2026-02-20,9.506779670715332,9.516776513023244,9.256864333125662,9.306847591313867,21995900
2026-02-23,9.166894912719727,9.46679351679627,9.126908495732946,9.40681341464041,26030200
2026-02-24,9.3268404006958,9.346834085479083,9.106914634836512,9.166894735834996,29787300
2026-02-25,9.256864547729492,9.35683011307207,9.146901186495867,9.326840538804435,28581000
2026-02-26,9.256864547729492,9.286854121997127,9.11691161222823,9.256864547729492,20238300
2026-02-27,9.04693603515625,9.186888023710571,8.996952773521954,9.116912029433411,14299700
2026-03-02,8.856999397277832,8.946969073137256,8.797020248939132,8.83700666561539,38856200
2026-03-03,8.399999618530273,8.520000457763672,8.119999885559082,8.350000381469727,40625200
2026-03-04,8.609999656677246,8.670000076293945,8.529999732971191,8.5600004196167,34517300
2026-03-05,8.260000228881836,8.430000305175781,8.1899995803833,8.399999618530273,26476800
2026-03-06,8.140000343322754,8.210000038146973,8.050000190734863,8.069999694824219,26417800
2026-03-09,8.289999961853027,8.350000381469727,8.069999694824219,8.130000114440918,40223100
